pair_id,source_domain,lexical_tier,analysis_set,salience_design,primary_analysis,norming_status,coherence_relation,active,passive
flv_001,arts_culture,common,core,balanced_shared_predicate,yes,not_normed,shared_preparation,"Before the portrait session, <PRE> and <CTL> reviewed several backdrop options for a set of new studio photographs. <AGT> carefully photographed <PNT> against a plain linen backdrop.","Before the portrait session, <PRE> and <CTL> reviewed several backdrop options for a set of new studio photographs. <PNT> was carefully photographed by <AGT> against a plain linen backdrop."
flv_002,arts_culture,common,salience_challenge,ctl_last_separate_predicates,no,not_normed,shared_preparation,"Before a drop-in portrait exercise, <PRE> selected one sheet of drawing paper, while <CTL> selected another sheet of drawing paper. <AGT> sketched <PNT> in charcoal.","Before a drop-in portrait exercise, <PRE> selected one sheet of drawing paper, while <CTL> selected another sheet of drawing paper. <PNT> was sketched by <AGT> in charcoal."
flv_003,arts_culture,common,core,balanced_shared_predicate,yes,not_normed,shared_goal,"With the final rehearsal approaching, <PRE> and <CTL> reviewed the production's documentation plan for material needed after opening night. <AGT> quietly filmed <PNT> during the final rehearsal.","With the final rehearsal approaching, <PRE> and <CTL> reviewed the production's documentation plan for material needed after opening night. <PNT> was quietly filmed by <AGT> during the final rehearsal."
flv_004,arts_culture,common,core,balanced_shared_predicate,yes,not_normed,shared_followup_need,<PRE> and <CTL> reviewed the gallery talk's unresolved questions before the room was cleared for scheduled follow-up conversations. <AGT> interviewed <PNT> after the gallery talk.,<PRE> and <CTL> reviewed the gallery talk's unresolved questions before the room was cleared for scheduled follow-up conversations. <PNT> was interviewed by <AGT> after the gallery talk.
flv_005,arts_culture,common,core,balanced_shared_predicate,yes,not_normed,shared_trigger,<PRE> and <CTL> checked the chamber recital's entry time after the venue announced that the doors would open shortly. <AGT> formally greeted <PNT> before the chamber recital.,<PRE> and <CTL> checked the chamber recital's entry time after the venue announced that the doors would open shortly. <PNT> was formally greeted by <AGT> before the chamber recital.
flv_006,arts_culture,common,core,balanced_shared_predicate,yes,not_normed,shared_occasion,<PRE> and <CTL> discussed the solo that would conclude the first half before the evening program began. <AGT> warmly applauded <PNT> after the solo.,<PRE> and <CTL> discussed the solo that would conclude the first half before the evening program began. <PNT> was warmly applauded by <AGT> after the solo.
flv_007,arts_culture,common,core,balanced_shared_predicate,yes,not_normed,shared_trigger,"After a poetry reading was added to the neighborhood calendar, <PRE> and <CTL> compared the date with their existing plans. <AGT> invited <PNT> to the poetry reading.","After a poetry reading was added to the neighborhood calendar, <PRE> and <CTL> compared the date with their existing plans. <PNT> was invited by <AGT> to the poetry reading."
flv_008,arts_culture,common,core,balanced_shared_predicate,yes,not_normed,shared_resource,<PRE> and <CTL> checked the sculpture garden opening schedule after the museum announced a temporary route through the outdoor collection. <AGT> accompanied <PNT> through the sculpture garden.,<PRE> and <CTL> checked the sculpture garden opening schedule after the museum announced a temporary route through the outdoor collection. <PNT> was accompanied by <AGT> through the sculpture garden.
flv_009,arts_culture,common,core,balanced_shared_predicate,yes,not_normed,shared_occasion,"While the screening room doors remained closed, <PRE> and <CTL> waited nearby for the audience line to begin moving. <AGT> cheerfully greeted <PNT> outside the screening room.","While the screening room doors remained closed, <PRE> and <CTL> waited nearby for the audience line to begin moving. <PNT> was cheerfully greeted by <AGT> outside the screening room."
flv_010,arts_culture,uncommon,core,balanced_shared_predicate,yes,not_normed,shared_preparation,<PRE> and <CTL> discussed the reception's planned musical finale before guests moved into the adjoining performance space. <AGT> gently serenaded <PNT> after the reception.,<PRE> and <CTL> discussed the reception's planned musical finale before guests moved into the adjoining performance space. <PNT> was gently serenaded by <AGT> after the reception.
flv_011,arts_culture,common,salience_challenge,ctl_last_separate_predicates,no,not_normed,shared_followup_need,"Before the critique exchange, <PRE> submitted one written response to the shared folder, while <CTL> submitted another written response to the shared folder. <AGT> sincerely thanked <PNT> for the thoughtful review.","Before the critique exchange, <PRE> submitted one written response to the shared folder, while <CTL> submitted another written response to the shared folder. <PNT> was sincerely thanked by <AGT> for the thoughtful review."
flv_012,arts_culture,common,core,balanced_shared_predicate,yes,not_normed,shared_trigger,<PRE> and <CTL> reviewed the annual showcase schedule after organizers added a public recognition segment to the closing program. <AGT> honored <PNT> at the annual showcase.,<PRE> and <CTL> reviewed the annual showcase schedule after organizers added a public recognition segment to the closing program. <PNT> was honored by <AGT> at the annual showcase.
flv_013,arts_culture,common,core,balanced_shared_predicate,yes,not_normed,shared_trigger,<PRE> and <CTL> read the regional arts prize announcement when nominations opened for contributors to this year's cultural programs. <AGT> nominated <PNT> for the regional arts prize.,<PRE> and <CTL> read the regional arts prize announcement when nominations opened for contributors to this year's cultural programs. <PNT> was nominated by <AGT> for the regional arts prize.
flv_014,arts_culture,common,core,balanced_shared_predicate,yes,not_normed,shared_preparation,<PRE> and <CTL> compared three-quarter portrait examples before a studio exercise requiring one completed painting by the end of the session. <AGT> painted <PNT> in three-quarter profile.,<PRE> and <CTL> compared three-quarter portrait examples before a studio exercise requiring one completed painting by the end of the session. <PNT> was painted by <AGT> in three-quarter profile.
flv_015,arts_culture,common,core,balanced_shared_predicate,yes,not_normed,shared_preparation,"During a community radio workshop, <PRE> and <CTL> contributed personal histories and tried several production roles for an experimental documentary. <AGT> portrayed <PNT> in the radio documentary.","During a community radio workshop, <PRE> and <CTL> contributed personal histories and tried several production roles for an experimental documentary. <PNT> was portrayed by <AGT> in the radio documentary."
flv_016,arts_culture,common,core,balanced_shared_predicate,yes,not_normed,shared_resource,<PRE> and <CTL> checked the festival program draft after one profile space reopened shortly before the publication deadline. <AGT> prominently featured <PNT> in the festival program.,<PRE> and <CTL> checked the festival program draft after one profile space reopened shortly before the publication deadline. <PNT> was prominently featured by <AGT> in the festival program.
flv_017,arts_culture,common,core,balanced_shared_predicate,yes,not_normed,shared_goal,<PRE> and <CTL> compared the acoustic session schedule with the studio time reserved for producing a clean demonstration track. <AGT> recorded <PNT> during the acoustic session.,<PRE> and <CTL> compared the acoustic session schedule with the studio time reserved for producing a clean demonstration track. <PNT> was recorded by <AGT> during the acoustic session.
flv_018,arts_culture,common,core,balanced_shared_predicate,yes,not_normed,shared_preparation,<PRE> and <CTL> reviewed the most difficult passage before the staged reading's final preparation period began. <AGT> patiently coached <PNT> before the staged reading.,<PRE> and <CTL> reviewed the most difficult passage before the staged reading's final preparation period began. <PNT> was patiently coached by <AGT> before the staged reading.
flv_019,arts_culture,common,core,balanced_shared_predicate,yes,not_normed,shared_resource,<PRE> and <CTL> examined the costume archive's newly issued floor plan before the scheduled collection review began. <AGT> guided <PNT> through the costume archive.,<PRE> and <CTL> examined the costume archive's newly issued floor plan before the scheduled collection review began. <PNT> was guided by <AGT> through the costume archive.
flv_020,arts_culture,uncommon,salience_challenge,ctl_last_separate_predicates,no,not_normed,shared_resource,"At the street fair portrait booth, <PRE> examined one sample portrait, while <CTL> examined another sample portrait. <AGT> quickly caricatured <PNT> during the street fair.","At the street fair portrait booth, <PRE> examined one sample portrait, while <CTL> examined another sample portrait. <PNT> was quickly caricatured by <AGT> during the street fair."
flv_021,arts_culture,common,core,balanced_shared_predicate,yes,not_normed,shared_trigger,<PRE> and <CTL> checked the studio opening time after a message announced that the entrance would be unlocked for arrivals. <AGT> warmly welcomed <PNT> at the studio entrance.,<PRE> and <CTL> checked the studio opening time after a message announced that the entrance would be unlocked for arrivals. <PNT> was warmly welcomed by <AGT> at the studio entrance.
flv_022,arts_culture,common,core,balanced_shared_predicate,yes,not_normed,shared_followup_need,<PRE> and <CTL> reviewed the exhibition catalog proofs after the contributor list was returned with one attribution still unresolved. <AGT> credited <PNT> in the exhibition catalog.,<PRE> and <CTL> reviewed the exhibition catalog proofs after the contributor list was returned with one attribution still unresolved. <PNT> was credited by <AGT> in the exhibition catalog.
flv_023,arts_culture,common,core,balanced_shared_predicate,yes,not_normed,shared_trigger,<PRE> and <CTL> examined the latest stage mockup after the lighting plan produced uneven shadows across the central performance area. <AGT> briefly consulted <PNT> about the lighting design.,<PRE> and <CTL> examined the latest stage mockup after the lighting plan produced uneven shadows across the central performance area. <PNT> was briefly consulted by <AGT> about the lighting design.
flv_024,arts_culture,common,core,balanced_shared_predicate,yes,not_normed,shared_resource,<PRE> and <CTL> arrived for rehearsal after learning that only one printed copy of the updated performance sequence would be available. <AGT> briefed <PNT> on the revised running order.,<PRE> and <CTL> arrived for rehearsal after learning that only one printed copy of the updated performance sequence would be available. <PNT> was briefed by <AGT> on the revised running order.
flv_025,arts_culture,common,core,balanced_shared_predicate,yes,not_normed,shared_trigger,<PRE> and <CTL> reviewed the timing of the second entrance after the previous rehearsal exposed a delay in the transition. <AGT> discreetly cued <PNT> before the second entrance.,<PRE> and <CTL> reviewed the timing of the second entrance after the previous rehearsal exposed a delay in the transition. <PNT> was discreetly cued by <AGT> before the second entrance.
flv_026,arts_culture,common,core,balanced_shared_predicate,yes,not_normed,shared_preparation,<PRE> and <CTL> discussed the closing scene's intended pace before the company resumed work on its final sequence. <AGT> calmly directed <PNT> through the closing scene.,<PRE> and <CTL> discussed the closing scene's intended pace before the company resumed work on its final sequence. <PNT> was calmly directed by <AGT> through the closing scene.
flv_027,arts_culture,common,core,balanced_shared_predicate,yes,not_normed,shared_resource,<PRE> and <CTL> checked the balcony access notice after the concert hall opened a reserved section for the evening performance. <AGT> escorted <PNT> to the reserved balcony.,<PRE> and <CTL> checked the balcony access notice after the concert hall opened a reserved section for the evening performance. <PNT> was escorted by <AGT> to the reserved balcony.
flv_028,arts_culture,common,core,balanced_shared_predicate,yes,not_normed,shared_followup_need,"<PRE> and <CTL> compared notes after the final passage ended, discussing how its restrained delivery changed the scene's emotional weight. <AGT> praised <PNT> for the subtle interpretation.","<PRE> and <CTL> compared notes after the final passage ended, discussing how its restrained delivery changed the scene's emotional weight. <PNT> was praised by <AGT> for the subtle interpretation."
flv_029,arts_culture,common,salience_challenge,pre_last_separate_predicates,no,not_normed,shared_occasion,"After the premiere ended, <CTL> joined one lobby conversation about the production, while <PRE> joined another lobby conversation about the production. <AGT> warmly congratulated <PNT> after the premiere.","After the premiere ended, <CTL> joined one lobby conversation about the production, while <PRE> joined another lobby conversation about the production. <PNT> was warmly congratulated by <AGT> after the premiere."
flv_030,arts_culture,uncommon,core,balanced_shared_predicate,yes,not_normed,shared_goal,<PRE> and <CTL> enrolled together in a summer repertory program built around season-long peer development partnerships. <AGT> mentored <PNT> throughout the summer repertory.,<PRE> and <CTL> enrolled together in a summer repertory program built around season-long peer development partnerships. <PNT> was mentored by <AGT> throughout the summer repertory.
flv_031,arts_culture,common,core,balanced_shared_predicate,yes,not_normed,shared_occasion,"At the community arts dinner, <PRE> and <CTL> joined volunteers beside a display documenting the year's neighborhood projects as speeches began. <AGT> publicly recognized <PNT> at the community arts dinner.","At the community arts dinner, <PRE> and <CTL> joined volunteers beside a display documenting the year's neighborhood projects as speeches began. <PNT> was publicly recognized by <AGT> at the community arts dinner."
flv_032,arts_culture,common,core,balanced_shared_predicate,yes,not_normed,shared_trigger,<PRE> and <CTL> identified the difficult passage as the next rehearsal focus after the ensemble completed an easier section. <AGT> quietly encouraged <PNT> during the difficult passage.,<PRE> and <CTL> identified the difficult passage as the next rehearsal focus after the ensemble completed an easier section. <PNT> was quietly encouraged by <AGT> during the difficult passage.
flv_033,arts_culture,common,core,balanced_shared_predicate,yes,not_normed,shared_trigger,<PRE> and <CTL> assessed the oversized canvas after its frame caught against the narrow studio doorway. <AGT> assisted <PNT> with the oversized canvas.,<PRE> and <CTL> assessed the oversized canvas after its frame caught against the narrow studio doorway. <PNT> was assisted by <AGT> with the oversized canvas.
flv_034,arts_culture,common,core,balanced_shared_predicate,yes,not_normed,shared_preparation,<PRE> and <CTL> reviewed the improvised sequence's opening pattern before the workshop leader called for a paired demonstration. <AGT> closely followed <PNT> through the improvised sequence.,<PRE> and <CTL> reviewed the improvised sequence's opening pattern before the workshop leader called for a paired demonstration. <PNT> was closely followed by <AGT> through the improvised sequence.
flv_035,arts_culture,common,core,balanced_shared_predicate,yes,not_normed,shared_followup_need,<PRE> and <CTL> confirmed the theater entrance as the gathering point after the original meeting location became unavailable. <AGT> met <PNT> beside the theater entrance.,<PRE> and <CTL> confirmed the theater entrance as the gathering point after the original meeting location became unavailable. <PNT> was met by <AGT> beside the theater entrance.
flv_036,arts_culture,common,core,balanced_shared_predicate,yes,not_normed,shared_trigger,"After a printmaking station opened unexpectedly, <PRE> and <CTL> checked whether the next demonstration still required a pair. <AGT> approached <PNT> near the printmaking tables.","After a printmaking station opened unexpectedly, <PRE> and <CTL> checked whether the next demonstration still required a pair. <PNT> was approached by <AGT> near the printmaking tables."
flv_037,arts_culture,common,core,balanced_shared_predicate,yes,not_normed,shared_resource,<PRE> and <CTL> requested archive access after staff announced a single listening appointment for an undigitized recording relevant to their shared research. <AGT> directly contacted <PNT> about the archival recording.,<PRE> and <CTL> requested archive access after staff announced a single listening appointment for an undigitized recording relevant to their shared research. <PNT> was directly contacted by <AGT> about the archival recording.
flv_038,arts_culture,common,salience_challenge,pre_last_separate_predicates,no,not_normed,shared_preparation,"<CTL> posted opening hours for one workspace in the neighborhood arts walk, while <PRE> posted opening hours for another workspace in the neighborhood arts walk. <AGT> visited <PNT> during the open studio.","<CTL> posted opening hours for one workspace in the neighborhood arts walk, while <PRE> posted opening hours for another workspace in the neighborhood arts walk. <PNT> was visited by <AGT> during the open studio."
flv_039,arts_culture,common,core,balanced_shared_predicate,yes,not_normed,shared_goal,<PRE> and <CTL> reviewed the regional residency requirements for a summer application expected to require several rounds of revisions. <AGT> consistently supported <PNT> throughout the residency application.,<PRE> and <CTL> reviewed the regional residency requirements for a summer application expected to require several rounds of revisions. <PNT> was consistently supported by <AGT> throughout the residency application.
flv_040,arts_culture,uncommon,core,balanced_shared_predicate,yes,not_normed,shared_preparation,<PRE> and <CTL> examined the hand-dyed wool coat after the wardrobe plan assigned it to the production's next costume fitting. <AGT> carefully costumed <PNT> in a hand-dyed wool coat.,<PRE> and <CTL> examined the hand-dyed wool coat after the wardrobe plan assigned it to the production's next costume fitting. <PNT> was carefully costumed by <AGT> in a hand-dyed wool coat.
flv_041,arts_culture,common,core,balanced_shared_predicate,yes,not_normed,shared_followup_need,<PRE> and <CTL> reviewed the quarterly arts journal's upcoming theme after editors requested a detailed profile of one local contributor. <AGT> extensively profiled <PNT> in the quarterly arts journal.,<PRE> and <CTL> reviewed the quarterly arts journal's upcoming theme after editors requested a detailed profile of one local contributor. <PNT> was extensively profiled by <AGT> in the quarterly arts journal.
flv_042,arts_culture,common,core,balanced_shared_predicate,yes,not_normed,shared_trigger,<PRE> and <CTL> checked the evening schedule after a guest-reading slot opened unexpectedly in the literary program. <AGT> announced <PNT> as the evening's guest reader.,<PRE> and <CTL> checked the evening schedule after a guest-reading slot opened unexpectedly in the literary program. <PNT> was announced by <AGT> as the evening's guest reader.
flv_043,arts_culture,common,core,balanced_shared_predicate,yes,not_normed,shared_trigger,<PRE> and <CTL> reviewed the regional residency criteria when the foundation opened sponsorships for artists connected to local programs. <AGT> sponsored <PNT> for the regional residency.,<PRE> and <CTL> reviewed the regional residency criteria when the foundation opened sponsorships for artists connected to local programs. <PNT> was sponsored by <AGT> for the regional residency.
flv_044,arts_culture,common,core,balanced_shared_predicate,yes,not_normed,shared_trigger,<PRE> and <CTL> reviewed the weekend retrospective itinerary after a venue closure moved several small program gatherings into participants' homes. <AGT> graciously hosted <PNT> during the weekend retrospective.,<PRE> and <CTL> reviewed the weekend retrospective itinerary after a venue closure moved several small program gatherings into participants' homes. <PNT> was graciously hosted by <AGT> during the weekend retrospective.
flv_045,arts_culture,common,core,balanced_shared_predicate,yes,not_normed,shared_resource,<PRE> and <CTL> compared the chamber concert's start time with the transit schedule after an evening route changed. <AGT> accompanied <PNT> to the chamber concert.,<PRE> and <CTL> compared the chamber concert's start time with the transit schedule after an evening route changed. <PNT> was accompanied by <AGT> to the chamber concert.
flv_046,arts_culture,common,core,balanced_shared_predicate,yes,not_normed,shared_followup_need,<PRE> and <CTL> reviewed the oral history project topic guide after archivists requested one firsthand account for the next collection. <AGT> carefully interviewed <PNT> for the oral history project.,<PRE> and <CTL> reviewed the oral history project topic guide after archivists requested one firsthand account for the next collection. <PNT> was carefully interviewed by <AGT> for the oral history project.
flv_047,arts_culture,common,core,balanced_shared_predicate,yes,not_normed,shared_preparation,<PRE> and <CTL> compared the marquee lighting schedule before a theater portrait session planned for the short interval after dusk. <AGT> photographed <PNT> beneath the marquee lights.,<PRE> and <CTL> compared the marquee lighting schedule before a theater portrait session planned for the short interval after dusk. <PNT> was photographed by <AGT> beneath the marquee lights.
flv_048,arts_culture,common,core,balanced_shared_predicate,yes,not_normed,shared_preparation,<PRE> and <CTL> reviewed the panel agenda after organizers added a brief speaker introduction before the opening question. <AGT> briefly introduced <PNT> before the panel discussion.,<PRE> and <CTL> reviewed the panel agenda after organizers added a brief speaker introduction before the opening question. <PNT> was briefly introduced by <AGT> before the panel discussion.
flv_049,arts_culture,common,core,balanced_shared_predicate,yes,not_normed,shared_occasion,<PRE> and <CTL> discussed the production's final scene before the scheduled performance and its full-company curtain call. <AGT> enthusiastically applauded <PNT> at the curtain call.,<PRE> and <CTL> discussed the production's final scene before the scheduled performance and its full-company curtain call. <PNT> was enthusiastically applauded by <AGT> at the curtain call.
flv_050,arts_culture,uncommon,core,balanced_shared_predicate,yes,not_normed,shared_trigger,<PRE> and <CTL> reviewed the arts center's blank courtyard wall after funding became available for a permanent ceramic mural. <AGT> formally commissioned <PNT> to create the ceramic mural.,<PRE> and <CTL> reviewed the arts center's blank courtyard wall after funding became available for a permanent ceramic mural. <PNT> was formally commissioned by <AGT> to create the ceramic mural.
flv_051,travel_public,common,core,balanced_shared_predicate,yes,not_normed,shared_occasion,<PRE> and <CTL> converged at the ferry gate for a group trip after reaching the terminal by separate routes. <AGT> warmly greeted <PNT> beside the ferry gate.,<PRE> and <CTL> converged at the ferry gate for a group trip after reaching the terminal by separate routes. <PNT> was warmly greeted by <AGT> beside the ferry gate.
flv_052,travel_public,common,salience_challenge,ctl_last_separate_predicates,no,not_normed,shared_preparation,"<PRE> consulted one posted map for directions through customs, while <CTL> consulted another posted map for directions through customs. <AGT> patiently guided <PNT> through the customs hall.","<PRE> consulted one posted map for directions through customs, while <CTL> consulted another posted map for directions through customs. <PNT> was patiently guided by <AGT> through the customs hall."
flv_053,travel_public,common,core,balanced_shared_predicate,yes,not_normed,shared_goal,<PRE> and <CTL> chose the harbor promenade as the backdrop for a set of travel portraits before sunset. <AGT> carefully photographed <PNT> on the harbor promenade.,<PRE> and <CTL> chose the harbor promenade as the backdrop for a set of travel portraits before sunset. <PNT> was carefully photographed by <AGT> on the harbor promenade.
flv_054,travel_public,common,core,balanced_shared_predicate,yes,not_normed,shared_preparation,<PRE> and <CTL> prepared to move an oversized suitcase from the shuttle drop-off into the station before boarding. <AGT> readily helped <PNT> with the oversized suitcase.,<PRE> and <CTL> prepared to move an oversized suitcase from the shuttle drop-off into the station before boarding. <PNT> was readily helped by <AGT> with the oversized suitcase.
flv_055,travel_public,common,core,balanced_shared_predicate,yes,not_normed,shared_preparation,<PRE> and <CTL> boarded a replacement shuttle after agreeing to keep each other's luggage secure during the disrupted transfer. <AGT> sincerely thanked <PNT> after the shuttle ride.,<PRE> and <CTL> boarded a replacement shuttle after agreeing to keep each other's luggage secure during the disrupted transfer. <PNT> was sincerely thanked by <AGT> after the shuttle ride.
flv_056,travel_public,common,core,balanced_shared_predicate,yes,not_normed,shared_goal,<PRE> and <CTL> set out for the same connecting gate as construction narrowed the covered concourse ahead. <AGT> closely followed <PNT> along the covered concourse.,<PRE> and <CTL> set out for the same connecting gate as construction narrowed the covered concourse ahead. <PNT> was closely followed by <AGT> along the covered concourse.
flv_057,travel_public,common,core,balanced_shared_predicate,yes,not_normed,shared_resource,<PRE> and <CTL> received one shared access pass after construction required travel pairs to follow a temporary corridor to the riverside platform. <AGT> calmly escorted <PNT> to the riverside platform.,<PRE> and <CTL> received one shared access pass after construction required travel pairs to follow a temporary corridor to the riverside platform. <PNT> was calmly escorted by <AGT> to the riverside platform.
flv_058,travel_public,common,core,balanced_shared_predicate,yes,not_normed,shared_followup_need,<PRE> and <CTL> agreed to regroup after baggage claim because their arriving flight's suitcases were split between carousels. <AGT> briefly called <PNT> from the baggage carousel.,<PRE> and <CTL> agreed to regroup after baggage claim because their arriving flight's suitcases were split between carousels. <PNT> was briefly called by <AGT> from the baggage carousel.
flv_059,travel_public,common,core,balanced_shared_predicate,yes,not_normed,shared_occasion,<PRE> and <CTL> approached the visitor center from different entrances for a scheduled walking tour that was about to begin. <AGT> finally greeted <PNT> outside the visitor center.,<PRE> and <CTL> approached the visitor center from different entrances for a scheduled walking tour that was about to begin. <PNT> was finally greeted by <AGT> outside the visitor center.
flv_060,travel_public,uncommon,core,balanced_shared_predicate,yes,not_normed,shared_preparation,"During the inn's route-training week, <PRE> and <CTL> reported to its airport desk with identical authorization for the guest vehicles. <AGT> smoothly chauffeured <PNT> from the airport to the hilltop inn.","During the inn's route-training week, <PRE> and <CTL> reported to its airport desk with identical authorization for the guest vehicles. <PNT> was smoothly chauffeured by <AGT> from the airport to the hilltop inn."
flv_061,travel_public,common,salience_challenge,ctl_last_separate_predicates,no,not_normed,shared_occasion,"<PRE> arrived at one hostel entrance for the evening reunion, while <CTL> arrived at another hostel entrance for the evening reunion. <AGT> cheerfully welcomed <PNT> in the hostel courtyard.","<PRE> arrived at one hostel entrance for the evening reunion, while <CTL> arrived at another hostel entrance for the evening reunion. <PNT> was cheerfully welcomed by <AGT> in the hostel courtyard."
flv_062,travel_public,common,core,balanced_shared_predicate,yes,not_normed,shared_trigger,<PRE> and <CTL> left baggage claim seeking onward transport after the airport shuttle was canceled without a replacement. <AGT> clearly directed <PNT> toward the taxi rank.,<PRE> and <CTL> left baggage claim seeking onward transport after the airport shuttle was canceled without a replacement. <PNT> was clearly directed by <AGT> toward the taxi rank.
flv_063,travel_public,common,core,balanced_shared_predicate,yes,not_normed,shared_resource,<PRE> and <CTL> noticed that the sightseeing boat still had two open places before its final harbor departure. <AGT> casually invited <PNT> onto the sightseeing boat.,<PRE> and <CTL> noticed that the sightseeing boat still had two open places before its final harbor departure. <PNT> was casually invited by <AGT> onto the sightseeing boat.
flv_064,travel_public,common,core,balanced_shared_predicate,yes,not_normed,shared_occasion,<PRE> and <CTL> planned to compare route options at the public map board after separate errands in the square. <AGT> slowly approached <PNT> near the public map board.,<PRE> and <CTL> planned to compare route options at the public map board after separate errands in the square. <PNT> was slowly approached by <AGT> near the public map board.
flv_065,travel_public,common,core,balanced_shared_predicate,yes,not_normed,shared_goal,"<PRE> and <CTL> needed to reach the riverside exhibition before its timed entry, with the pedestrian bridge providing the direct route. <AGT> quietly accompanied <PNT> across the pedestrian bridge.","<PRE> and <CTL> needed to reach the riverside exhibition before its timed entry, with the pedestrian bridge providing the direct route. <PNT> was quietly accompanied by <AGT> across the pedestrian bridge."
flv_066,travel_public,common,core,balanced_shared_predicate,yes,not_normed,shared_preparation,<PRE> and <CTL> began purchasing two identical day passes from the station ticket machine before the next tram arrived. <AGT> readily assisted <PNT> at the ticket machine.,<PRE> and <CTL> began purchasing two identical day passes from the station ticket machine before the next tram arrived. <PNT> was readily assisted by <AGT> at the ticket machine.
flv_067,travel_public,common,core,balanced_shared_predicate,yes,not_normed,shared_followup_need,<PRE> and <CTL> planned to confirm their connection after construction diverted the approach route toward opposite sides of the station. <AGT> discreetly signaled <PNT> from the opposite platform.,<PRE> and <CTL> planned to confirm their connection after construction diverted the approach route toward opposite sides of the station. <PNT> was discreetly signaled by <AGT> from the opposite platform.
flv_068,travel_public,common,core,balanced_shared_predicate,yes,not_normed,shared_trigger,<PRE> and <CTL> set off toward the station's east exit after an announcement moved their connecting bus to the adjoining street. <AGT> confidently led <PNT> through the station arcade.,<PRE> and <CTL> set off toward the station's east exit after an announcement moved their connecting bus to the adjoining street. <PNT> was confidently led by <AGT> through the station arcade.
flv_069,travel_public,common,core,balanced_shared_predicate,yes,not_normed,shared_trigger,<PRE> and <CTL> waited for the same train as staff prepared to announce a late platform change. <AGT> quietly notified <PNT> of the platform change.,<PRE> and <CTL> waited for the same train as staff prepared to announce a late platform change. <PNT> was quietly notified by <AGT> of the platform change.
flv_070,travel_public,uncommon,salience_challenge,pre_last_separate_predicates,no,not_normed,shared_preparation,"<CTL> secured one dry bag beside the shared rowboat, while <PRE> secured another dry bag beside the shared rowboat. <AGT> steadily ferried <PNT> across the lake to the trailhead.","<CTL> secured one dry bag beside the shared rowboat, while <PRE> secured another dry bag beside the shared rowboat. <PNT> was steadily ferried by <AGT> across the lake to the trailhead."
flv_071,travel_public,common,core,balanced_shared_predicate,yes,not_normed,shared_resource,<PRE> and <CTL> retrieved a reserved car-share vehicle after their delayed flight left too little time to walk between the terminals. <AGT> promptly transported <PNT> between the two terminals.,<PRE> and <CTL> retrieved a reserved car-share vehicle after their delayed flight left too little time to walk between the terminals. <PNT> was promptly transported by <AGT> between the two terminals.
flv_072,travel_public,common,core,balanced_shared_predicate,yes,not_normed,shared_resource,<PRE> and <CTL> picked up a rental car for a coastal excursion scheduled to begin before the scenic overlooks became crowded. <AGT> carefully drove <PNT> along the coast road.,<PRE> and <CTL> picked up a rental car for a coastal excursion scheduled to begin before the scenic overlooks became crowded. <PNT> was carefully driven by <AGT> along the coast road.
flv_073,travel_public,common,core,balanced_shared_predicate,yes,not_normed,shared_goal,<PRE> and <CTL> finished a civic theater tour with plans to continue to the riverside district by tram. <AGT> casually accompanied <PNT> to the tram stop.,<PRE> and <CTL> finished a civic theater tour with plans to continue to the riverside district by tram. <PNT> was casually accompanied by <AGT> to the tram stop.
flv_074,travel_public,common,core,balanced_shared_predicate,yes,not_normed,shared_occasion,<PRE> and <CTL> arranged to meet beside the departure board after completing independent errands inside the station. <AGT> eventually joined <PNT> beside the departure board.,<PRE> and <CTL> arranged to meet beside the departure board after completing independent errands inside the station. <PNT> was eventually joined by <AGT> beside the departure board.
flv_075,travel_public,common,core,balanced_shared_predicate,yes,not_normed,shared_trigger,<PRE> and <CTL> hurried toward the same departure gate after a short connection left little time to cross the terminal. <AGT> quickly overtook <PNT> on the moving walkway.,<PRE> and <CTL> hurried toward the same departure gate after a short connection left little time to cross the terminal. <PNT> was quickly overtaken by <AGT> on the moving walkway.
flv_076,travel_public,common,core,balanced_shared_predicate,yes,not_normed,shared_occasion,<PRE> and <CTL> arranged a curbside meeting outside the terminal cafe before traveling together to their next stop. <AGT> loudly hailed <PNT> outside the terminal cafe.,<PRE> and <CTL> arranged a curbside meeting outside the terminal cafe before traveling together to their next stop. <PNT> was loudly hailed by <AGT> outside the terminal cafe.
flv_077,travel_public,common,core,balanced_shared_predicate,yes,not_normed,shared_trigger,<PRE> and <CTL> planned the same onward journey before a transit alert announced an unexpected route change. <AGT> promptly contacted <PNT> after the route changed.,<PRE> and <CTL> planned the same onward journey before a transit alert announced an unexpected route change. <PNT> was promptly contacted by <AGT> after the route changed.
flv_078,travel_public,common,core,balanced_shared_predicate,yes,not_normed,shared_goal,<PRE> and <CTL> decided to watch the vessel leave harbor from the upper deck before the boarding lounge closed. <AGT> quietly accompanied <PNT> to the upper deck.,<PRE> and <CTL> decided to watch the vessel leave harbor from the upper deck before the boarding lounge closed. <PNT> was quietly accompanied by <AGT> to the upper deck.
flv_079,travel_public,common,salience_challenge,pre_last_separate_predicates,no,not_normed,shared_trigger,"<CTL> inspected one posted detour notice for the flooded underpass, while <PRE> inspected another posted detour notice for the flooded underpass. <AGT> safely led <PNT> around the flooded underpass.","<CTL> inspected one posted detour notice for the flooded underpass, while <PRE> inspected another posted detour notice for the flooded underpass. <PNT> was safely led by <AGT> around the flooded underpass."
flv_080,travel_public,uncommon,core,balanced_shared_predicate,yes,not_normed,shared_preparation,<PRE> and <CTL> studied the same night-market map before entering its maze of temporary stalls during the festival's busiest evening. <AGT> attentively guided <PNT> through the night market.,<PRE> and <CTL> studied the same night-market map before entering its maze of temporary stalls during the festival's busiest evening. <PNT> was attentively guided by <AGT> through the night market.
flv_081,travel_public,common,core,balanced_shared_predicate,yes,not_normed,shared_preparation,<PRE> and <CTL> compared overnight coach departures while coordinating reservations for the next leg of their shared itinerary. <AGT> successfully booked <PNT> onto the overnight coach.,<PRE> and <CTL> compared overnight coach departures while coordinating reservations for the next leg of their shared itinerary. <PNT> was successfully booked by <AGT> onto the overnight coach.
flv_082,travel_public,common,core,balanced_shared_predicate,yes,not_normed,shared_resource,<PRE> and <CTL> selected the same harbor tour after learning that its afternoon departure still had limited registration space. <AGT> easily registered <PNT> for the harbor tour.,<PRE> and <CTL> selected the same harbor tour after learning that its afternoon departure still had limited registration space. <PNT> was easily registered by <AGT> for the harbor tour.
flv_083,travel_public,common,core,balanced_shared_predicate,yes,not_normed,shared_trigger,"<PRE> and <CTL> planned to take the museum shuttle together, but an early departure announcement shortened the remaining boarding time. <AGT> urgently called <PNT> before the museum shuttle left.","<PRE> and <CTL> planned to take the museum shuttle together, but an early departure announcement shortened the remaining boarding time. <PNT> was urgently called by <AGT> before the museum shuttle left."
flv_084,travel_public,common,core,balanced_shared_predicate,yes,not_normed,shared_trigger,<PRE> and <CTL> arranged separate station arrivals for a shared trip before a train delay disrupted the timing of their meetup. <AGT> promptly emailed <PNT> after the train delay.,<PRE> and <CTL> arranged separate station arrivals for a shared trip before a train delay disrupted the timing of their meetup. <PNT> was promptly emailed by <AGT> after the train delay.
flv_085,travel_public,common,core,balanced_shared_predicate,yes,not_normed,shared_resource,<PRE> and <CTL> packed matching radios to coordinate a shoreline survey that required work on both sides of the channel. <AGT> clearly radioed <PNT> from the other side of the channel.,<PRE> and <CTL> packed matching radios to coordinate a shoreline survey that required work on both sides of the channel. <PNT> was clearly radioed by <AGT> from the other side of the channel.
flv_086,travel_public,common,core,balanced_shared_predicate,yes,not_normed,shared_followup_need,<PRE> and <CTL> arranged to regroup near the terminal information desk after completing separate errands before departure. <AGT> twice paged <PNT> over the terminal's public-address system.,<PRE> and <CTL> arranged to regroup near the terminal information desk after completing separate errands before departure. <PNT> was twice paged by <AGT> over the terminal's public-address system.
flv_087,travel_public,common,core,balanced_shared_predicate,yes,not_normed,shared_occasion,<PRE> and <CTL> booked the same coastal ferry for a group excursion whose boarding window had just opened. <AGT> warmly welcomed <PNT> aboard the coastal ferry.,<PRE> and <CTL> booked the same coastal ferry for a group excursion whose boarding window had just opened. <PNT> was warmly welcomed by <AGT> aboard the coastal ferry.
flv_088,travel_public,common,salience_challenge,pre_last_separate_predicates,no,not_normed,shared_resource,"<CTL> compared waiting-area options on one terminal display, while <PRE> compared waiting-area options on another terminal display. <AGT> politely directed <PNT> to the quieter waiting area.","<CTL> compared waiting-area options on one terminal display, while <PRE> compared waiting-area options on another terminal display. <PNT> was politely directed by <AGT> to the quieter waiting area."
flv_089,travel_public,common,core,balanced_shared_predicate,yes,not_normed,shared_preparation,<PRE> and <CTL> prepared a folding bicycle for carriage on the next train before the platform's boarding window opened. <AGT> carefully assisted <PNT> with the folding bicycle.,<PRE> and <CTL> prepared a folding bicycle for carriage on the next train before the platform's boarding window opened. <PNT> was carefully assisted by <AGT> with the folding bicycle.
flv_090,travel_public,uncommon,core,balanced_shared_predicate,yes,not_normed,shared_resource,<PRE> and <CTL> readied a small hired boat for the crossing from the mainland dock to the island pier. <AGT> steadily ferried <PNT> from the dock to the island pier.,<PRE> and <CTL> readied a small hired boat for the crossing from the mainland dock to the island pier. <PNT> was steadily ferried by <AGT> from the dock to the island pier.
flv_091,travel_public,common,core,balanced_shared_predicate,yes,not_normed,shared_preparation,<PRE> and <CTL> registered as a crossing pair after construction crews required travelers to use the terminal footbridge with a companion. <AGT> calmly escorted <PNT> across the terminal footbridge.,<PRE> and <CTL> registered as a crossing pair after construction crews required travelers to use the terminal footbridge with a companion. <PNT> was calmly escorted by <AGT> across the terminal footbridge.
flv_092,travel_public,common,core,balanced_shared_predicate,yes,not_normed,shared_goal,<PRE> and <CTL> chose a walking route into the historic district that began at the old city gate. <AGT> carefully guided <PNT> through the old city gate.,<PRE> and <CTL> chose a walking route into the historic district that began at the old city gate. <PNT> was carefully guided by <AGT> through the old city gate.
flv_093,travel_public,common,core,balanced_shared_predicate,yes,not_normed,shared_resource,<PRE> and <CTL> loaded their packed bags into a rental car for the winding trip from the guesthouse to the mountain lodge. <AGT> slowly drove <PNT> to the mountain lodge.,<PRE> and <CTL> loaded their packed bags into a rental car for the winding trip from the guesthouse to the mountain lodge. <PNT> was slowly driven by <AGT> to the mountain lodge.
flv_094,travel_public,common,core,balanced_shared_predicate,yes,not_normed,shared_occasion,<PRE> and <CTL> booked the same canal excursion through separate agencies that withheld the passenger list until boarding. <AGT> unexpectedly joined <PNT> beside the canal landing.,<PRE> and <CTL> booked the same canal excursion through separate agencies that withheld the passenger list until boarding. <PNT> was unexpectedly joined by <AGT> beside the canal landing.
flv_095,travel_public,common,core,balanced_shared_predicate,yes,not_normed,shared_goal,<PRE> and <CTL> chose the station clock as a portrait backdrop before their train's boarding call. <AGT> quickly photographed <PNT> under the station clock.,<PRE> and <CTL> chose the station clock as a portrait backdrop before their train's boarding call. <PNT> was quickly photographed by <AGT> under the station clock.
flv_096,travel_public,common,core,balanced_shared_predicate,yes,not_normed,shared_resource,<PRE> and <CTL> learned that two places had opened on the visitor center's rooftop tour moments before registration closed. <AGT> spontaneously invited <PNT> onto the rooftop tour.,<PRE> and <CTL> learned that two places had opened on the visitor center's rooftop tour moments before registration closed. <PNT> was spontaneously invited by <AGT> onto the rooftop tour.
flv_097,travel_public,common,core,balanced_shared_predicate,yes,not_normed,shared_followup_need,<PRE> and <CTL> agreed to confirm the next boarding time during a ferry layover with several possible departure changes. <AGT> briefly contacted <PNT> during the ferry layover.,<PRE> and <CTL> agreed to confirm the next boarding time during a ferry layover with several possible departure changes. <PNT> was briefly contacted by <AGT> during the ferry layover.
flv_098,travel_public,common,core,balanced_shared_predicate,yes,not_normed,shared_followup_need,<PRE> and <CTL> managed a difficult station transfer together before reaching the taxi queue for the final leg of their trip. <AGT> politely thanked <PNT> near the taxi queue.,<PRE> and <CTL> managed a difficult station transfer together before reaching the taxi queue for the final leg of their trip. <PNT> was politely thanked by <AGT> near the taxi queue.
flv_099,travel_public,common,core,balanced_shared_predicate,yes,not_normed,shared_goal,<PRE> and <CTL> entered the crowded market arcade seeking the same exit before street closures began for the evening parade. <AGT> closely followed <PNT> through the market arcade.,<PRE> and <CTL> entered the crowded market arcade seeking the same exit before street closures began for the evening parade. <PNT> was closely followed by <AGT> through the market arcade.
flv_100,travel_public,uncommon,core,balanced_shared_predicate,yes,not_normed,shared_trigger,"<PRE> and <CTL> learned that their scheduled ferry was canceled, leaving the next day's midday sailing as the practical alternative. <AGT> promptly rebooked <PNT> onto the next day's midday ferry.","<PRE> and <CTL> learned that their scheduled ferry was canceled, leaving the next day's midday sailing as the practical alternative. <PNT> was promptly rebooked by <AGT> onto the next day's midday ferry."
flv_101,community_social,common,core,balanced_shared_predicate,yes,not_normed,shared_occasion,<PRE> and <CTL> arrived early at the committee meeting with the posted agenda displayed beside the entrance. <AGT> warmly greeted <PNT> before the committee meeting.,<PRE> and <CTL> arrived early at the committee meeting with the posted agenda displayed beside the entrance. <PNT> was warmly greeted by <AGT> before the committee meeting.
flv_102,community_social,common,salience_challenge,ctl_last_separate_predicates,no,not_normed,shared_preparation,"<PRE> carried one stack of spare chairs through the front door, while <CTL> carried another stack of spare chairs through the side door. <AGT> sincerely thanked <PNT> for bringing spare chairs.","<PRE> carried one stack of spare chairs through the front door, while <CTL> carried another stack of spare chairs through the side door. <PNT> was sincerely thanked by <AGT> for bringing spare chairs."
flv_103,community_social,common,core,balanced_shared_predicate,yes,not_normed,shared_preparation,<PRE> and <CTL> were scheduled for alternating shifts at the neighborhood open house's reception desk. <AGT> welcomed <PNT> at the neighborhood open house.,<PRE> and <CTL> were scheduled for alternating shifts at the neighborhood open house's reception desk. <PNT> was welcomed by <AGT> at the neighborhood open house.
flv_104,community_social,common,core,balanced_shared_predicate,yes,not_normed,shared_preparation,<PRE> and <CTL> reviewed the panel's opening sequence together before the moderator called everyone toward the stage. <AGT> introduced <PNT> before the panel discussion.,<PRE> and <CTL> reviewed the panel's opening sequence together before the moderator called everyone toward the stage. <PNT> was introduced by <AGT> before the panel discussion.
flv_105,community_social,common,core,balanced_shared_predicate,yes,not_normed,shared_goal,<PRE> and <CTL> compared the neighborhood association's weekend options while deciding which events they hoped to attend. <AGT> invited <PNT> to the weekend picnic.,<PRE> and <CTL> compared the neighborhood association's weekend options while deciding which events they hoped to attend. <PNT> was invited by <AGT> to the weekend picnic.
flv_106,community_social,common,core,balanced_shared_predicate,yes,not_normed,shared_trigger,<PRE> and <CTL> stopped beside a colorful block-party backdrop after neighbors announced that it would be removed that evening. <AGT> photographed <PNT> during the block party.,<PRE> and <CTL> stopped beside a colorful block-party backdrop after neighbors announced that it would be removed that evening. <PNT> was photographed by <AGT> during the block party.
flv_107,community_social,common,core,balanced_shared_predicate,yes,not_normed,shared_preparation,<PRE> and <CTL> reviewed the program together before a short speech scheduled to open the volunteer celebration. <AGT> warmly applauded <PNT> after the short speech.,<PRE> and <CTL> reviewed the program together before a short speech scheduled to open the volunteer celebration. <PNT> was warmly applauded by <AGT> after the short speech.
flv_108,community_social,common,core,balanced_shared_predicate,yes,not_normed,shared_followup_need,<PRE> and <CTL> gathered with the volunteer team beside the finished garden as the final inspection concluded. <AGT> congratulated <PNT> on completing the garden project.,<PRE> and <CTL> gathered with the volunteer team beside the finished garden as the final inspection concluded. <PNT> was congratulated by <AGT> on completing the garden project.
flv_109,community_social,common,core,balanced_shared_predicate,yes,not_normed,shared_goal,<PRE> and <CTL> reviewed the neighborhood newsletter's request for a firsthand account of the community garden opening. <AGT> interviewed <PNT> for the neighborhood newsletter.,<PRE> and <CTL> reviewed the neighborhood newsletter's request for a firsthand account of the community garden opening. <PNT> was interviewed by <AGT> for the neighborhood newsletter.
flv_110,community_social,uncommon,core,balanced_shared_predicate,yes,not_normed,shared_occasion,"<PRE> and <CTL> reviewed the farewell supper program, which included an open musical interlude before dessert. <AGT> cheerfully serenaded <PNT> during the farewell supper.","<PRE> and <CTL> reviewed the farewell supper program, which included an open musical interlude before dessert. <PNT> was cheerfully serenaded by <AGT> during the farewell supper."
flv_111,community_social,common,salience_challenge,ctl_last_separate_predicates,no,not_normed,shared_preparation,"<PRE> added one available visiting time to a shared calendar, while <CTL> added another available time to the same calendar. <AGT> briefly visited <PNT> during recovery.","<PRE> added one available visiting time to a shared calendar, while <CTL> added another available time to the same calendar. <PNT> was briefly visited by <AGT> during recovery."
flv_112,community_social,common,core,balanced_shared_predicate,yes,not_normed,shared_followup_need,<PRE> and <CTL> reviewed a planning checklist that still required them to settle one agenda item before the session. <AGT> phoned <PNT> before the planning session.,<PRE> and <CTL> reviewed a planning checklist that still required them to settle one agenda item before the session. <PNT> was phoned by <AGT> before the planning session.
flv_113,community_social,common,core,balanced_shared_predicate,yes,not_normed,shared_followup_need,<PRE> and <CTL> found the usual entrance closed and agreed that the alternate route should be saved in writing. <AGT> emailed <PNT> about the revised directions.,<PRE> and <CTL> found the usual entrance closed and agreed that the alternate route should be saved in writing. <PNT> was emailed by <AGT> about the revised directions.
flv_114,community_social,common,core,balanced_shared_predicate,yes,not_normed,shared_followup_need,"<PRE> and <CTL> learned that organizers would confirm the collection window later, so they planned to coordinate once the update arrived. <AGT> texted <PNT> about the supply pickup.","<PRE> and <CTL> learned that organizers would confirm the collection window later, so they planned to coordinate once the update arrived. <PNT> was texted by <AGT> about the supply pickup."
flv_115,community_social,common,core,balanced_shared_predicate,yes,not_normed,shared_goal,<PRE> and <CTL> worked through the same cleanup list as the community center's posted closing time approached. <AGT> gently reminded <PNT> about the closing time.,<PRE> and <CTL> worked through the same cleanup list as the community center's posted closing time approached. <PNT> was gently reminded by <AGT> about the closing time.
flv_116,community_social,common,core,balanced_shared_predicate,yes,not_normed,shared_preparation,<PRE> and <CTL> signed in together for a crowded community event moments before the required safety review began. <AGT> carefully briefed <PNT> on the evacuation procedure.,<PRE> and <CTL> signed in together for a crowded community event moments before the required safety review began. <PNT> was carefully briefed by <AGT> on the evacuation procedure.
flv_117,community_social,common,core,balanced_shared_predicate,yes,not_normed,shared_goal,<PRE> and <CTL> examined the demonstration schedule after organizers requested a short video record of each workshop. <AGT> quietly filmed <PNT> during the cooking demonstration.,<PRE> and <CTL> examined the demonstration schedule after organizers requested a short video record of each workshop. <PNT> was quietly filmed by <AGT> during the cooking demonstration.
flv_118,community_social,common,core,balanced_shared_predicate,yes,not_normed,shared_occasion,<PRE> and <CTL> joined the reception's ceremonial lineup as the retiring volunteers were called forward. <AGT> saluted <PNT> at the retirement reception.,<PRE> and <CTL> joined the reception's ceremonial lineup as the retiring volunteers were called forward. <PNT> was saluted by <AGT> at the retirement reception.
flv_119,community_social,common,core,balanced_shared_predicate,yes,not_normed,shared_occasion,<PRE> and <CTL> reviewed the anniversary dinner program as the scheduled evening tribute approached. <AGT> warmly toasted <PNT> at the anniversary dinner.,<PRE> and <CTL> reviewed the anniversary dinner program as the scheduled evening tribute approached. <PNT> was warmly toasted by <AGT> at the anniversary dinner.
flv_120,community_social,uncommon,salience_challenge,ctl_last_separate_predicates,no,not_normed,shared_preparation,"Before the cultural procession, <PRE> arranged a tray of fresh flowers at one assembly table, and <CTL> arranged a tray of fresh flowers at another assembly table. <AGT> ceremonially garlanded <PNT> before the cultural procession.","Before the cultural procession, <PRE> arranged a tray of fresh flowers at one assembly table, and <CTL> arranged a tray of fresh flowers at another assembly table. <PNT> was ceremonially garlanded by <AGT> before the cultural procession."
flv_121,community_social,common,core,balanced_shared_predicate,yes,not_normed,shared_occasion,<PRE> and <CTL> gathered near the presentation area as the reception moved from dinner to its awards segment. <AGT> publicly honored <PNT> during the awards reception.,<PRE> and <CTL> gathered near the presentation area as the reception moved from dinner to its awards segment. <PNT> was publicly honored by <AGT> during the awards reception.
flv_122,community_social,common,core,balanced_shared_predicate,yes,not_normed,shared_followup_need,<PRE> and <CTL> attended the donation drive's closing meeting after volunteers finished sorting the final contributions. <AGT> praised <PNT> for organizing the donation drive.,<PRE> and <CTL> attended the donation drive's closing meeting after volunteers finished sorting the final contributions. <PNT> was praised by <AGT> for organizing the donation drive.
flv_123,community_social,common,core,balanced_shared_predicate,yes,not_normed,shared_trigger,<PRE> and <CTL> arrived before the community supper as stacks of folding tables were delivered to the empty hall. <AGT> readily assisted <PNT> in setting up the folding tables.,<PRE> and <CTL> arrived before the community supper as stacks of folding tables were delivered to the empty hall. <PNT> was readily assisted by <AGT> in setting up the folding tables.
flv_124,community_social,common,core,balanced_shared_predicate,yes,not_normed,shared_trigger,<PRE> and <CTL> approached the registration desk together after the workshop opened a limited set of additional places. <AGT> patiently guided <PNT> through the registration steps.,<PRE> and <CTL> approached the registration desk together after the workshop opened a limited set of additional places. <PNT> was patiently guided by <AGT> through the registration steps.
flv_125,community_social,common,core,balanced_shared_predicate,yes,not_normed,shared_preparation,<PRE> and <CTL> compared the benefit concert's start time with the evening bus schedule before making travel plans. <AGT> gladly accompanied <PNT> to the benefit concert.,<PRE> and <CTL> compared the benefit concert's start time with the evening bus schedule before making travel plans. <PNT> was gladly accompanied by <AGT> to the benefit concert.
flv_126,community_social,common,core,balanced_shared_predicate,yes,not_normed,shared_preparation,<PRE> and <CTL> reviewed the opening routine together before the workshop's first full rehearsal. <AGT> patiently coached <PNT> through the opening routine.,<PRE> and <CTL> reviewed the opening routine together before the workshop's first full rehearsal. <PNT> was patiently coached by <AGT> through the opening routine.
flv_127,community_social,common,core,balanced_shared_predicate,yes,not_normed,shared_occasion,<PRE> and <CTL> arrived separately for the same volunteer orientation near the check-in table. <AGT> greeted <PNT> before the volunteer orientation.,<PRE> and <CTL> arrived separately for the same volunteer orientation near the check-in table. <PNT> was greeted by <AGT> before the volunteer orientation.
flv_128,community_social,common,core,balanced_shared_predicate,yes,not_normed,shared_trigger,<PRE> and <CTL> had planned to attend the same workshop when organizers unexpectedly shifted its start time. <AGT> promptly contacted <PNT> about the schedule change.,<PRE> and <CTL> had planned to attend the same workshop when organizers unexpectedly shifted its start time. <PNT> was promptly contacted by <AGT> about the schedule change.
flv_129,community_social,common,salience_challenge,pre_last_separate_predicates,no,not_normed,shared_trigger,"As staff revised the session board nearby, <CTL> collected a workshop folder from one foyer table, and <PRE> collected a workshop folder from another foyer table. <AGT> notified <PNT> of the room change.","As staff revised the session board nearby, <CTL> collected a workshop folder from one foyer table, and <PRE> collected a workshop folder from another foyer table. <PNT> was notified by <AGT> of the room change."
flv_130,community_social,uncommon,core,balanced_shared_predicate,yes,not_normed,shared_occasion,<PRE> and <CTL> joined the neighborhood supper as organizers prepared to recognize contributions from the past year. <AGT> warmly feted <PNT> at the neighborhood supper.,<PRE> and <CTL> joined the neighborhood supper as organizers prepared to recognize contributions from the past year. <PNT> was warmly feted by <AGT> at the neighborhood supper.
flv_131,community_social,common,core,balanced_shared_predicate,yes,not_normed,shared_trigger,<PRE> and <CTL> planned to travel together after roadwork forced organizers to revise the event route. <AGT> informed <PNT> about the updated route.,<PRE> and <CTL> planned to travel together after roadwork forced organizers to revise the event route. <PNT> was informed by <AGT> about the updated route.
flv_132,community_social,common,core,balanced_shared_predicate,yes,not_normed,shared_trigger,<PRE> and <CTL> began the final community-center activity when a maintenance problem forced an unexpected early closure. <AGT> promptly alerted <PNT> to the early closure.,<PRE> and <CTL> began the final community-center activity when a maintenance problem forced an unexpected early closure. <PNT> was promptly alerted by <AGT> to the early closure.
flv_133,community_social,common,core,balanced_shared_predicate,yes,not_normed,shared_resource,<PRE> and <CTL> reviewed the donation drive's final records while the community newsletter prepared its volunteer acknowledgments. <AGT> prominently credited <PNT> in the community newsletter.,<PRE> and <CTL> reviewed the donation drive's final records while the community newsletter prepared its volunteer acknowledgments. <PNT> was prominently credited by <AGT> in the community newsletter.
flv_134,community_social,common,core,balanced_shared_predicate,yes,not_normed,shared_preparation,<PRE> and <CTL> selected materials from the neighborhood showcase as editors planned the next monthly bulletin. <AGT> prominently featured <PNT> in the monthly bulletin.,<PRE> and <CTL> selected materials from the neighborhood showcase as editors planned the next monthly bulletin. <PNT> was prominently featured by <AGT> in the monthly bulletin.
flv_135,community_social,common,core,balanced_shared_predicate,yes,not_normed,shared_resource,<PRE> and <CTL> examined a box of newly donated community records before the archive began its oral-history update. <AGT> carefully profiled <PNT> for the neighborhood archive.,<PRE> and <CTL> examined a box of newly donated community records before the archive began its oral-history update. <PNT> was carefully profiled by <AGT> for the neighborhood archive.
flv_136,community_social,common,core,balanced_shared_predicate,yes,not_normed,shared_resource,<PRE> and <CTL> reviewed the event recording together while the neighborhood group prepared its written recap. <AGT> accurately quoted <PNT> in the event recap.,<PRE> and <CTL> reviewed the event recording together while the neighborhood group prepared its written recap. <PNT> was accurately quoted by <AGT> in the event recap.
flv_137,community_social,common,core,balanced_shared_predicate,yes,not_normed,shared_occasion,<PRE> and <CTL> reviewed the ceremony program together as attendees settled for the opening remarks. <AGT> mentioned <PNT> during the opening remarks.,<PRE> and <CTL> reviewed the ceremony program together as attendees settled for the opening remarks. <PNT> was mentioned by <AGT> during the opening remarks.
flv_138,community_social,common,salience_challenge,pre_last_separate_predicates,no,not_normed,shared_preparation,"<CTL> reviewed one section of the event program backstage, while <PRE> reviewed another section of the same program backstage. <AGT> introduced <PNT> during the opening remarks.","<CTL> reviewed one section of the event program backstage, while <PRE> reviewed another section of the same program backstage. <PNT> was introduced by <AGT> during the opening remarks."
flv_139,community_social,common,core,balanced_shared_predicate,yes,not_normed,shared_followup_need,<PRE> and <CTL> checked the workshop roster after the signup deadline passed with one place still unresolved. <AGT> called <PNT> after the signup deadline.,<PRE> and <CTL> checked the workshop roster after the signup deadline passed with one place still unresolved. <PNT> was called by <AGT> after the signup deadline.
flv_140,community_social,uncommon,core,balanced_shared_predicate,yes,not_normed,shared_trigger,<PRE> and <CTL> examined a community display of unusual travel photographs during the storytelling social. <AGT> regaled <PNT> with a travel anecdote.,<PRE> and <CTL> examined a community display of unusual travel photographs during the storytelling social. <PNT> was regaled by <AGT> with a travel anecdote.
flv_141,community_social,common,core,balanced_shared_predicate,yes,not_normed,shared_occasion,<PRE> and <CTL> stopped beside the restored mural after organizers opened the finished artwork for public viewing. <AGT> photographed <PNT> beside the restored mural.,<PRE> and <CTL> stopped beside the restored mural after organizers opened the finished artwork for public viewing. <PNT> was photographed by <AGT> beside the restored mural.
flv_142,community_social,common,core,balanced_shared_predicate,yes,not_normed,shared_goal,<PRE> and <CTL> read the neighborhood garden tour announcement while discussing which weekend activities to attend. <AGT> personally invited <PNT> to the garden tour.,<PRE> and <CTL> read the neighborhood garden tour announcement while discussing which weekend activities to attend. <PNT> was personally invited by <AGT> to the garden tour.
flv_143,community_social,common,core,balanced_shared_predicate,yes,not_normed,shared_followup_need,<PRE> and <CTL> joined the donation team's closing check after the last boxes had been sorted. <AGT> thanked <PNT> for sorting the donations.,<PRE> and <CTL> joined the donation team's closing check after the last boxes had been sorted. <PNT> was thanked by <AGT> for sorting the donations.
flv_144,community_social,common,core,balanced_shared_predicate,yes,not_normed,shared_preparation,<PRE> and <CTL> reviewed the evening program together before a community reading scheduled near the close. <AGT> warmly applauded <PNT> after the reading.,<PRE> and <CTL> reviewed the evening program together before a community reading scheduled near the close. <PNT> was warmly applauded by <AGT> after the reading.
flv_145,community_social,common,core,balanced_shared_predicate,yes,not_normed,shared_preparation,<PRE> and <CTL> checked the recital's opening sequence together as musicians and guests took their places. <AGT> formally introduced <PNT> before the music recital.,<PRE> and <CTL> checked the recital's opening sequence together as musicians and guests took their places. <PNT> was formally introduced by <AGT> before the music recital.
flv_146,community_social,common,core,balanced_shared_predicate,yes,not_normed,shared_occasion,<PRE> and <CTL> attended the training course's final gathering as completion certificates were prepared for distribution. <AGT> congratulated <PNT> on finishing the training course.,<PRE> and <CTL> attended the training course's final gathering as completion certificates were prepared for distribution. <PNT> was congratulated by <AGT> on finishing the training course.
flv_147,community_social,common,core,balanced_shared_predicate,yes,not_normed,shared_occasion,<PRE> and <CTL> had arranged to meet at the community breakfast as its doors opened for the morning. <AGT> warmly welcomed <PNT> upon arrival at the community breakfast.,<PRE> and <CTL> had arranged to meet at the community breakfast as its doors opened for the morning. <PNT> was warmly welcomed by <AGT> upon arrival at the community breakfast.
flv_148,community_social,common,core,balanced_shared_predicate,yes,not_normed,shared_goal,<PRE> and <CTL> reviewed the local history project's list of unanswered questions beside the archive's new photograph collection. <AGT> interviewed <PNT> for the local history project.,<PRE> and <CTL> reviewed the local history project's list of unanswered questions beside the archive's new photograph collection. <PNT> was interviewed by <AGT> for the local history project.
flv_149,community_social,common,core,balanced_shared_predicate,yes,not_normed,shared_occasion,<PRE> and <CTL> completed the same cleanup shift in separate areas at opposite ends of the park. <AGT> cheerfully greeted <PNT> after the cleanup shift.,<PRE> and <CTL> completed the same cleanup shift in separate areas at opposite ends of the park. <PNT> was cheerfully greeted by <AGT> after the cleanup shift.
flv_150,community_social,uncommon,core,balanced_shared_predicate,yes,not_normed,shared_trigger,<PRE> and <CTL> compared the charity auction's evening schedule with a notice that parking near the venue would be closed. <AGT> safely chauffeured <PNT> to the charity auction.,<PRE> and <CTL> compared the charity auction's evening schedule with a notice that parking near the venue would be closed. <PNT> was safely chauffeured by <AGT> to the charity auction.
flv_151,learning_workshops,common,core,balanced_shared_predicate,yes,not_normed,shared_preparation,<PRE> and <CTL> were assigned alternating host and attendee turns for the opening session's first pairing exercise. <AGT> warmly welcomed <PNT> at the opening session.,<PRE> and <CTL> were assigned alternating host and attendee turns for the opening session's first pairing exercise. <PNT> was warmly welcomed by <AGT> at the opening session.
flv_152,learning_workshops,common,salience_challenge,ctl_last_separate_predicates,no,not_normed,shared_preparation,"<PRE> checked one copy of the exercise's step list, and <CTL> checked an identical copy before partner practice began. <AGT> carefully guided <PNT> through the first practice sequence.","<PRE> checked one copy of the exercise's step list, and <CTL> checked an identical copy before partner practice began. <PNT> was carefully guided by <AGT> through the first practice sequence."
flv_153,learning_workshops,common,core,balanced_shared_predicate,yes,not_normed,shared_preparation,<PRE> and <CTL> reviewed the pronunciation drill's example sentences before paired practice immediately began. <AGT> patiently coached <PNT> during a pronunciation drill.,<PRE> and <CTL> reviewed the pronunciation drill's example sentences before paired practice immediately began. <PNT> was patiently coached by <AGT> during a pronunciation drill.
flv_154,learning_workshops,common,core,balanced_shared_predicate,yes,not_normed,shared_occasion,<PRE> and <CTL> considered the workshop's discussion prompt as several small groups formed around the room. <AGT> invited <PNT> into the small-group discussion.,<PRE> and <CTL> considered the workshop's discussion prompt as several small groups formed around the room. <PNT> was invited by <AGT> into the small-group discussion.
flv_155,learning_workshops,common,core,balanced_shared_predicate,yes,not_normed,shared_preparation,<PRE> and <CTL> reviewed the sample interview scenario before interviewer and respondent roles were assigned for paired practice. <AGT> briefly questioned <PNT> during the sample interview.,<PRE> and <CTL> reviewed the sample interview scenario before interviewer and respondent roles were assigned for paired practice. <PNT> was briefly questioned by <AGT> during the sample interview.
flv_156,learning_workshops,common,core,balanced_shared_predicate,yes,not_normed,shared_resource,<PRE> and <CTL> reviewed the rehearsal checklist before a round of paired performance feedback began. <AGT> closely observed <PNT> during a short rehearsal.,<PRE> and <CTL> reviewed the rehearsal checklist before a round of paired performance feedback began. <PNT> was closely observed by <AGT> during a short rehearsal.
flv_157,learning_workshops,common,core,balanced_shared_predicate,yes,not_normed,shared_preparation,<PRE> and <CTL> set up the shared playback station before a paired recording exercise was announced for short practice performances. <AGT> filmed <PNT> for the playback exercise.,<PRE> and <CTL> set up the shared playback station before a paired recording exercise was announced for short practice performances. <PNT> was filmed by <AGT> for the playback exercise.
flv_158,learning_workshops,common,core,balanced_shared_predicate,yes,not_normed,shared_resource,<PRE> and <CTL> reviewed the presentation time limit before the alternating practice round began. <AGT> carefully timed <PNT> during a practice presentation.,<PRE> and <CTL> reviewed the presentation time limit before the alternating practice round began. <PNT> was carefully timed by <AGT> during a practice presentation.
flv_159,learning_workshops,common,core,balanced_shared_predicate,yes,not_normed,shared_resource,<PRE> and <CTL> each submitted one practice piece under the same instructions before taking seats at a table supplied with two copies of the workshop rubric. <AGT> carefully assessed <PNT> using the workshop rubric.,<PRE> and <CTL> each submitted one practice piece under the same instructions before taking seats at a table supplied with two copies of the workshop rubric. <PNT> was carefully assessed by <AGT> using the workshop rubric.
flv_160,learning_workshops,uncommon,core,balanced_shared_predicate,yes,not_normed,shared_preparation,<PRE> and <CTL> selected drawing materials before the portrait instructor announced a playful partner-caricature demonstration. <AGT> playfully caricatured <PNT> during the portrait demonstration.,<PRE> and <CTL> selected drawing materials before the portrait instructor announced a playful partner-caricature demonstration. <PNT> was playfully caricatured by <AGT> during the portrait demonstration.
flv_161,learning_workshops,common,salience_challenge,ctl_last_separate_predicates,no,not_normed,shared_preparation,"<PRE> checked one copy of the emergency scenario, and <CTL> reviewed another copy before the simulation briefing began. <AGT> quietly briefed <PNT> before the emergency simulation.","<PRE> checked one copy of the emergency scenario, and <CTL> reviewed another copy before the simulation briefing began. <PNT> was quietly briefed by <AGT> before the emergency simulation."
flv_162,learning_workshops,common,core,balanced_shared_predicate,yes,not_normed,shared_preparation,<PRE> and <CTL> watched the same basic paper-folding demonstration before taking neighboring seats at a table supplied with identical sheets of practice paper. <AGT> clearly instructed <PNT> in the basic folding method.,<PRE> and <CTL> watched the same basic paper-folding demonstration before taking neighboring seats at a table supplied with identical sheets of practice paper. <PNT> was clearly instructed by <AGT> in the basic folding method.
flv_163,learning_workshops,common,core,balanced_shared_predicate,yes,not_normed,shared_preparation,<PRE> and <CTL> read the new safety procedure before demonstration and practice roles were assigned for the exercise. <AGT> methodically trained <PNT> in the new safety procedure.,<PRE> and <CTL> read the new safety procedure before demonstration and practice roles were assigned for the exercise. <PNT> was methodically trained by <AGT> in the new safety procedure.
flv_164,learning_workshops,common,core,balanced_shared_predicate,yes,not_normed,shared_preparation,<PRE> and <CTL> unpacked identical assembly kits before the workshop moved into its first paired construction exercise. <AGT> readily helped <PNT> with the assembly exercise.,<PRE> and <CTL> unpacked identical assembly kits before the workshop moved into its first paired construction exercise. <PNT> was readily helped by <AGT> with the assembly exercise.
flv_165,learning_workshops,common,core,balanced_shared_predicate,yes,not_normed,shared_resource,<PRE> and <CTL> reviewed the dialogue card before paired rehearsals began with its difficult opening phrase. <AGT> gently prompted <PNT> with the opening phrase.,<PRE> and <CTL> reviewed the dialogue card before paired rehearsals began with its difficult opening phrase. <PNT> was gently prompted by <AGT> with the opening phrase.
flv_166,learning_workshops,common,core,balanced_shared_predicate,yes,not_normed,shared_followup_need,<PRE> and <CTL> studied the assembly checklist before the exercise reached its final review stage. <AGT> reminded <PNT> about the final review step.,<PRE> and <CTL> studied the assembly checklist before the exercise reached its final review stage. <PNT> was reminded by <AGT> about the final review step.
flv_167,learning_workshops,common,core,balanced_shared_predicate,yes,not_normed,shared_followup_need,<PRE> and <CTL> practiced the unfamiliar hand sequence before the instructor announced a second paired repetition round. <AGT> politely asked <PNT> to repeat the hand sequence.,<PRE> and <CTL> practiced the unfamiliar hand sequence before the instructor announced a second paired repetition round. <PNT> was politely asked by <AGT> to repeat the hand sequence.
flv_168,learning_workshops,common,core,balanced_shared_predicate,yes,not_normed,shared_occasion,<PRE> and <CTL> completed the scheduled peer demonstration as the workshop moved into its feedback break. <AGT> sincerely thanked <PNT> after the peer demonstration.,<PRE> and <CTL> completed the scheduled peer demonstration as the workshop moved into its feedback break. <PNT> was sincerely thanked by <AGT> after the peer demonstration.
flv_169,learning_workshops,common,core,balanced_shared_predicate,yes,not_normed,shared_occasion,<PRE> and <CTL> completed their scheduled practice-reading exchange as the program reached its feedback pause. <AGT> briefly applauded <PNT> after the practice reading.,<PRE> and <CTL> completed their scheduled practice-reading exchange as the program reached its feedback pause. <PNT> was briefly applauded by <AGT> after the practice reading.
flv_170,learning_workshops,uncommon,salience_challenge,pre_last_separate_predicates,no,not_normed,shared_preparation,"<CTL> inspected one clinic harness, and <PRE> checked another clinic harness before the climbing safety sequence began. <AGT> securely belayed <PNT> during the climbing clinic.","<CTL> inspected one clinic harness, and <PRE> checked another clinic harness before the climbing safety sequence began. <PNT> was securely belayed by <AGT> during the climbing clinic."
flv_171,learning_workshops,common,core,balanced_shared_predicate,yes,not_normed,shared_occasion,<PRE> and <CTL> approached the workshop check-in table together as registration opened for the morning session. <AGT> cheerfully greeted <PNT> at the check-in table.,<PRE> and <CTL> approached the workshop check-in table together as registration opened for the morning session. <PNT> was cheerfully greeted by <AGT> at the check-in table.
flv_172,learning_workshops,common,core,balanced_shared_predicate,yes,not_normed,shared_goal,<PRE> and <CTL> opened the same spreadsheet exercise before the workshop shifted into paired troubleshooting. <AGT> personally tutored <PNT> during the spreadsheet exercise.,<PRE> and <CTL> opened the same spreadsheet exercise before the workshop shifted into paired troubleshooting. <PNT> was personally tutored by <AGT> during the spreadsheet exercise.
flv_173,learning_workshops,common,core,balanced_shared_predicate,yes,not_normed,shared_resource,<PRE> and <CTL> completed the same safety orientation before sharing a practice station with one tool kit and two identical task sheets. <AGT> calmly supervised <PNT> during the tool-handling exercise.,<PRE> and <CTL> completed the same safety orientation before sharing a practice station with one tool kit and two identical task sheets. <PNT> was calmly supervised by <AGT> during the tool-handling exercise.
flv_174,learning_workshops,common,core,balanced_shared_predicate,yes,not_normed,shared_preparation,<PRE> and <CTL> unpacked matching wiring kits before the instructor announced the workshop's paired circuit-building exercise. <AGT> assisted <PNT> with the wiring exercise.,<PRE> and <CTL> unpacked matching wiring kits before the instructor announced the workshop's paired circuit-building exercise. <PNT> was assisted by <AGT> with the wiring exercise.
flv_175,learning_workshops,common,core,balanced_shared_predicate,yes,not_normed,shared_preparation,<PRE> and <CTL> reviewed the repair task card before the workshop moved into paired demonstrations and feedback. <AGT> closely observed <PNT> during the repair demonstration.,<PRE> and <CTL> reviewed the repair task card before the workshop moved into paired demonstrations and feedback. <PNT> was closely observed by <AGT> during the repair demonstration.
flv_176,learning_workshops,common,core,balanced_shared_predicate,yes,not_normed,shared_resource,<PRE> and <CTL> studied the same unfamiliar route map before the paired navigation exercise began. <AGT> closely followed <PNT> through the navigation exercise.,<PRE> and <CTL> studied the same unfamiliar route map before the paired navigation exercise began. <PNT> was closely followed by <AGT> through the navigation exercise.
flv_177,learning_workshops,common,core,balanced_shared_predicate,yes,not_normed,shared_preparation,<PRE> and <CTL> watched the instructor present a new gesture set before paired gesture practice began. <AGT> accurately imitated <PNT> during the gesture drill.,<PRE> and <CTL> watched the instructor present a new gesture set before paired gesture practice began. <PNT> was accurately imitated by <AGT> during the gesture drill.
flv_178,learning_workshops,common,core,balanced_shared_predicate,yes,not_normed,shared_preparation,<PRE> and <CTL> reviewed the movement warmup sequence before the opening face-to-face partner exercise began. <AGT> precisely mirrored <PNT> during the movement warmup.,<PRE> and <CTL> reviewed the movement warmup sequence before the opening face-to-face partner exercise began. <PNT> was precisely mirrored by <AGT> during the movement warmup.
flv_179,learning_workshops,common,salience_challenge,pre_last_separate_predicates,no,not_normed,shared_preparation,"<CTL> adjusted one neutral backdrop, and <PRE> aligned another neutral backdrop before the lighting demonstration began. <AGT> photographed <PNT> during the lighting demonstration.","<CTL> adjusted one neutral backdrop, and <PRE> aligned another neutral backdrop before the lighting demonstration began. <PNT> was photographed by <AGT> during the lighting demonstration."
flv_180,learning_workshops,uncommon,core,balanced_shared_predicate,yes,not_normed,shared_followup_need,<PRE> and <CTL> each facilitated a short scene exercise in the peer-led workshop before learning that its closing performance still needed readers. <AGT> formally auditioned <PNT> for the workshop's closing staged reading.,<PRE> and <CTL> each facilitated a short scene exercise in the peer-led workshop before learning that its closing performance still needed readers. <PNT> was formally auditioned by <AGT> for the workshop's closing staged reading.
flv_181,learning_workshops,common,core,balanced_shared_predicate,yes,not_normed,shared_preparation,<PRE> and <CTL> reviewed the pattern-drafting worksheet before the lesson's paired measuring task was announced. <AGT> carefully measured <PNT> during the pattern-drafting lesson.,<PRE> and <CTL> reviewed the pattern-drafting worksheet before the lesson's paired measuring task was announced. <PNT> was carefully measured by <AGT> during the pattern-drafting lesson.
flv_182,learning_workshops,common,core,balanced_shared_predicate,yes,not_normed,shared_preparation,<PRE> and <CTL> reviewed the first-aid assessment card before alternating responder and patient roles were announced for the paired exercise. <AGT> gently examined <PNT> during first-aid assessment practice.,<PRE> and <CTL> reviewed the first-aid assessment card before alternating responder and patient roles were announced for the paired exercise. <PNT> was gently examined by <AGT> during first-aid assessment practice.
flv_183,learning_workshops,common,core,balanced_shared_predicate,yes,not_normed,shared_preparation,<PRE> and <CTL> opened identical bandaging kits before the instructor assigned partners for the first-aid demonstration. <AGT> carefully bandaged <PNT> during the first-aid demonstration.,<PRE> and <CTL> opened identical bandaging kits before the instructor assigned partners for the first-aid demonstration. <PNT> was carefully bandaged by <AGT> during the first-aid demonstration.
flv_184,learning_workshops,common,core,balanced_shared_predicate,yes,not_normed,shared_preparation,<PRE> and <CTL> reviewed the balance exercise before the paired practice rotation opened on the balance mats. <AGT> steadily supported <PNT> during the balance exercise.,<PRE> and <CTL> reviewed the balance exercise before the paired practice rotation opened on the balance mats. <PNT> was steadily supported by <AGT> during the balance exercise.
flv_185,learning_workshops,common,core,balanced_shared_predicate,yes,not_normed,shared_occasion,<PRE> and <CTL> checked the tumbling drill schedule before the safety rotation opened on the practice mats. <AGT> carefully spotted <PNT> during the tumbling drill.,<PRE> and <CTL> checked the tumbling drill schedule before the safety rotation opened on the practice mats. <PNT> was carefully spotted by <AGT> during the tumbling drill.
flv_186,learning_workshops,common,core,balanced_shared_predicate,yes,not_normed,shared_preparation,<PRE> and <CTL> studied the rehearsal score before the director announced a paired entrance requiring a shared cue. <AGT> subtly cued <PNT> at the start of rehearsal.,<PRE> and <CTL> studied the rehearsal score before the director announced a paired entrance requiring a shared cue. <PNT> was subtly cued by <AGT> at the start of rehearsal.
flv_187,learning_workshops,common,core,balanced_shared_predicate,yes,not_normed,shared_trigger,<PRE> and <CTL> learned that the speed drill's visual cue would appear silently and require partner confirmation before either person started. <AGT> clearly prompted <PNT> to begin the timed exercise.,<PRE> and <CTL> learned that the speed drill's visual cue would appear silently and require partner confirmation before either person started. <PNT> was clearly prompted by <AGT> to begin the timed exercise.
flv_188,learning_workshops,common,salience_challenge,pre_last_separate_predicates,no,not_normed,shared_preparation,"<CTL> rehearsed one unfamiliar phrase, while <PRE> practiced another unfamiliar phrase before the paired diction drill. <AGT> tactfully corrected <PNT> during a diction drill.","<CTL> rehearsed one unfamiliar phrase, while <PRE> practiced another unfamiliar phrase before the paired diction drill. <PNT> was tactfully corrected by <AGT> during a diction drill."
flv_189,learning_workshops,common,core,balanced_shared_predicate,yes,not_normed,shared_goal,<PRE> and <CTL> studied the route-planning scenario before the simulation opened several possible paths for paired testing. <AGT> calmly redirected <PNT> during the route-planning simulation.,<PRE> and <CTL> studied the route-planning scenario before the simulation opened several possible paths for paired testing. <PNT> was calmly redirected by <AGT> during the route-planning simulation.
flv_190,learning_workshops,uncommon,core,balanced_shared_predicate,yes,not_normed,shared_preparation,<PRE> and <CTL> reviewed the mock certification rules before the workshop assigned paired proctor and test-taker roles. <AGT> closely supervised <PNT> during the mock certification test.,<PRE> and <CTL> reviewed the mock certification rules before the workshop assigned paired proctor and test-taker roles. <PNT> was closely supervised by <AGT> during the mock certification test.
flv_191,learning_workshops,common,core,balanced_shared_predicate,yes,not_normed,shared_occasion,<PRE> and <CTL> checked the participant-showcase program as the event approached its next presentation slot. <AGT> briefly introduced <PNT> at the participant showcase.,<PRE> and <CTL> checked the participant-showcase program as the event approached its next presentation slot. <PNT> was briefly introduced by <AGT> at the participant showcase.
flv_192,learning_workshops,common,core,balanced_shared_predicate,yes,not_normed,shared_resource,<PRE> and <CTL> reviewed the soldering safety checklist before the monitored practice exercise began. <AGT> continuously monitored <PNT> during the soldering exercise.,<PRE> and <CTL> reviewed the soldering safety checklist before the monitored practice exercise began. <PNT> was continuously monitored by <AGT> during the soldering exercise.
flv_193,learning_workshops,common,core,balanced_shared_predicate,yes,not_normed,shared_resource,"<PRE> and <CTL> each completed a consent form for the optional clinic, then placed both forms beside the workshop's shared administrative tablet. <AGT> registered <PNT> for the optional follow-up clinic.","<PRE> and <CTL> each completed a consent form for the optional clinic, then placed both forms beside the workshop's shared administrative tablet. <PNT> was registered by <AGT> for the optional follow-up clinic."
flv_194,learning_workshops,common,core,balanced_shared_predicate,yes,not_normed,shared_preparation,<PRE> and <CTL> reviewed the accessibility walkthrough route shortly before the scheduled paired departure. <AGT> accompanied <PNT> on the accessibility walkthrough.,<PRE> and <CTL> reviewed the accessibility walkthrough route shortly before the scheduled paired departure. <PNT> was accompanied by <AGT> on the accessibility walkthrough.
flv_195,learning_workshops,common,core,balanced_shared_predicate,yes,not_normed,shared_preparation,<PRE> and <CTL> read the fire-extinguisher safety card before the practice station opened with alternating instructor and learner roles. <AGT> thoroughly trained <PNT> in the fire-extinguisher procedure.,<PRE> and <CTL> read the fire-extinguisher safety card before the practice station opened with alternating instructor and learner roles. <PNT> was thoroughly trained by <AGT> in the fire-extinguisher procedure.
flv_196,learning_workshops,common,core,balanced_shared_predicate,yes,not_normed,shared_preparation,<PRE> and <CTL> studied the same unfamiliar map before the workshop assigned paired supervisor and navigator roles. <AGT> directly supervised <PNT> during the navigation drill.,<PRE> and <CTL> studied the same unfamiliar map before the workshop assigned paired supervisor and navigator roles. <PNT> was directly supervised by <AGT> during the navigation drill.
flv_197,learning_workshops,common,core,balanced_shared_predicate,yes,not_normed,shared_resource,<PRE> and <CTL> examined the workshop's material-sample set before a paired review round opened with the accompanying questions. <AGT> informally quizzed <PNT> on the material samples.,<PRE> and <CTL> examined the workshop's material-sample set before a paired review round opened with the accompanying questions. <PNT> was informally quizzed by <AGT> on the material samples.
flv_198,learning_workshops,common,core,balanced_shared_predicate,yes,not_normed,shared_preparation,<PRE> and <CTL> selected drawing boards before the instructor announced a rapid partner-sketching segment in the anatomy demonstration. <AGT> rapidly sketched <PNT> during the anatomy drawing demonstration.,<PRE> and <CTL> selected drawing boards before the instructor announced a rapid partner-sketching segment in the anatomy demonstration. <PNT> was rapidly sketched by <AGT> during the anatomy drawing demonstration.
flv_199,learning_workshops,common,core,balanced_shared_predicate,yes,not_normed,shared_goal,<PRE> and <CTL> reviewed the scene-blocking plan before the workshop opened a paired staging round for the same short exchange. <AGT> directed <PNT> during the scene-blocking exercise.,<PRE> and <CTL> reviewed the scene-blocking plan before the workshop opened a paired staging round for the same short exchange. <PNT> was directed by <AGT> during the scene-blocking exercise.
flv_200,learning_workshops,uncommon,core,balanced_shared_predicate,yes,not_normed,shared_preparation,<PRE> and <CTL> each reviewed the unfinished group piece's movement notes before meeting beside the lab's studio mirror. <AGT> patiently coached <PNT> through the ensemble sequence during the movement-composition lab.,<PRE> and <CTL> each reviewed the unfinished group piece's movement notes before meeting beside the lab's studio mirror. <PNT> was patiently coached by <AGT> through the ensemble sequence during the movement-composition lab.
flv_201,dining_hospitality,common,core,balanced_shared_predicate,yes,not_normed,shared_occasion,<PRE> and <CTL> arrived separately at the host stand for their jointly arranged dinner reservation. <AGT> warmly greeted <PNT> beside the polished host stand.,<PRE> and <CTL> arrived separately at the host stand for their jointly arranged dinner reservation. <PNT> was warmly greeted by <AGT> beside the polished host stand.
flv_202,dining_hospitality,common,salience_challenge,ctl_last_separate_predicates,no,not_normed,shared_preparation,"At the hotel cafe, <PRE> checked one seating card before approaching the host stand, while <CTL> checked a matching card before approaching the host stand. <AGT> accompanied <PNT> to the bay-window table.","At the hotel cafe, <PRE> checked one seating card before approaching the host stand, while <CTL> checked a matching card before approaching the host stand. <PNT> was accompanied by <AGT> to the bay-window table."
flv_203,dining_hospitality,common,core,balanced_shared_predicate,yes,not_normed,shared_trigger,<PRE> and <CTL> waited beside the lunch counter until the indicator showed that their group's next order was ready. <AGT> promptly served <PNT> during the noon rush.,<PRE> and <CTL> waited beside the lunch counter until the indicator showed that their group's next order was ready. <PNT> was promptly served by <AGT> during the noon rush.
flv_204,dining_hospitality,common,core,balanced_shared_predicate,yes,not_normed,shared_goal,<PRE> and <CTL> entered the crowded dining room after agreeing that their conversation needed a quieter place. <AGT> quietly escorted <PNT> to the secluded booth.,<PRE> and <CTL> entered the crowded dining room after agreeing that their conversation needed a quieter place. <PNT> was quietly escorted by <AGT> to the secluded booth.
flv_205,dining_hospitality,common,core,balanced_shared_predicate,yes,not_normed,shared_trigger,<PRE> and <CTL> compared the curry menu after receiving two conflicting descriptions of its spice scale. <AGT> carefully advised <PNT> about the curry's spice level.,<PRE> and <CTL> compared the curry menu after receiving two conflicting descriptions of its spice scale. <PNT> was carefully advised by <AGT> about the curry's spice level.
flv_206,dining_hospitality,common,core,balanced_shared_predicate,yes,not_normed,shared_followup_need,<PRE> and <CTL> finished the meal after jointly relocating their group when a burst pipe closed the original dining room. <AGT> sincerely thanked <PNT> after the final course.,<PRE> and <CTL> finished the meal after jointly relocating their group when a burst pipe closed the original dining room. <PNT> was sincerely thanked by <AGT> after the final course.
flv_207,dining_hospitality,common,core,balanced_shared_predicate,yes,not_normed,shared_resource,<PRE> and <CTL> examined a hotel breakfast voucher valid for two people before their scheduled checkout. <AGT> invited <PNT> to the breakfast buffet.,<PRE> and <CTL> examined a hotel breakfast voucher valid for two people before their scheduled checkout. <PNT> was invited by <AGT> to the breakfast buffet.
flv_208,dining_hospitality,common,core,balanced_shared_predicate,yes,not_normed,shared_preparation,<PRE> and <CTL> reviewed a seating plan showing an unpositioned high chair beside their table. <AGT> readily helped <PNT> to position the high chair beside the table.,<PRE> and <CTL> reviewed a seating plan showing an unpositioned high chair beside their table. <PNT> was readily helped by <AGT> to position the high chair beside the table.
flv_209,dining_hospitality,common,core,balanced_shared_predicate,yes,not_normed,shared_trigger,<PRE> and <CTL> chatted beneath the courtyard lanterns after the organizer invited guests to capture candid moments before formal portraits began. <AGT> discreetly photographed <PNT> beneath the courtyard lanterns.,<PRE> and <CTL> chatted beneath the courtyard lanterns after the organizer invited guests to capture candid moments before formal portraits began. <PNT> was discreetly photographed by <AGT> beneath the courtyard lanterns.
flv_210,dining_hospitality,uncommon,core,balanced_shared_predicate,yes,not_normed,shared_trigger,<PRE> and <CTL> waited beside a crowded aisle until two places opened together at the chef's counter. <AGT> gently ushered <PNT> toward the chef's counter.,<PRE> and <CTL> waited beside a crowded aisle until two places opened together at the chef's counter. <PNT> was gently ushered by <AGT> toward the chef's counter.
flv_211,dining_hospitality,common,salience_challenge,ctl_last_separate_predicates,no,not_normed,shared_occasion,Two invitations left arrival order unspecified: <PRE> reviewed the tasting-room meeting details on a printed card; <CTL> reviewed the tasting-room meeting details on a printed card. <AGT> warmly welcomed <PNT> to the tasting room.,Two invitations left arrival order unspecified: <PRE> reviewed the tasting-room meeting details on a printed card; <CTL> reviewed the tasting-room meeting details on a printed card. <PNT> was warmly welcomed by <AGT> to the tasting room.
flv_212,dining_hospitality,common,core,balanced_shared_predicate,yes,not_normed,shared_goal,<PRE> and <CTL> approached the dessert corridor after noticing that the map omitted the path to their reserved alcove. <AGT> patiently guided <PNT> past the dessert display.,<PRE> and <CTL> approached the dessert corridor after noticing that the map omitted the path to their reserved alcove. <PNT> was patiently guided by <AGT> past the dessert display.
flv_213,dining_hospitality,common,core,balanced_shared_predicate,yes,not_normed,shared_followup_need,<PRE> and <CTL> reviewed the allergy request after the kitchen confirmed that the relevant ingredients had been separated. <AGT> calmly reassured <PNT> about the allergy request.,<PRE> and <CTL> reviewed the allergy request after the kitchen confirmed that the relevant ingredients had been separated. <PNT> was calmly reassured by <AGT> about the allergy request.
flv_214,dining_hospitality,common,core,balanced_shared_predicate,yes,not_normed,shared_preparation,<PRE> and <CTL> waited behind the demonstration stage after the organizer signaled that the audience was seated. <AGT> briefly introduced <PNT> to the audience before the evening cooking demonstration.,<PRE> and <CTL> waited behind the demonstration stage after the organizer signaled that the audience was seated. <PNT> was briefly introduced by <AGT> to the audience before the evening cooking demonstration.
flv_215,dining_hospitality,common,core,balanced_shared_predicate,yes,not_normed,shared_occasion,<PRE> and <CTL> stood together as the birthday toast ended and applause spread across the dining room. <AGT> enthusiastically congratulated <PNT> after the birthday toast.,<PRE> and <CTL> stood together as the birthday toast ended and applause spread across the dining room. <PNT> was enthusiastically congratulated by <AGT> after the birthday toast.
flv_216,dining_hospitality,common,core,balanced_shared_predicate,yes,not_normed,shared_followup_need,"<PRE> and <CTL> received substitution cards after learning that several advertised dishes were unavailable, with revised orders due shortly. <AGT> carefully consulted <PNT> about the menu substitutions.","<PRE> and <CTL> received substitution cards after learning that several advertised dishes were unavailable, with revised orders due shortly. <PNT> was carefully consulted by <AGT> about the menu substitutions."
flv_217,dining_hospitality,common,core,balanced_shared_predicate,yes,not_normed,shared_trigger,<PRE> and <CTL> read in nearby armchairs while a silent table-ready light stood between them for their terrace booking. <AGT> promptly notified <PNT> when the terrace table became available.,<PRE> and <CTL> read in nearby armchairs while a silent table-ready light stood between them for their terrace booking. <PNT> was promptly notified by <AGT> when the terrace table became available.
flv_218,dining_hospitality,common,core,balanced_shared_predicate,yes,not_normed,shared_trigger,<PRE> and <CTL> waited at the bar until the dining room opened while a dense conference crowd filled the connecting passage. <AGT> smoothly escorted <PNT> from the bar to the main dining room.,<PRE> and <CTL> waited at the bar until the dining room opened while a dense conference crowd filled the connecting passage. <PNT> was smoothly escorted by <AGT> from the bar to the main dining room.
flv_219,dining_hospitality,common,core,balanced_shared_predicate,yes,not_normed,shared_preparation,<PRE> and <CTL> retrieved similarly heavy winter coats as the dining room began closing for the night. <AGT> readily helped <PNT> with the heavy winter coat.,<PRE> and <CTL> retrieved similarly heavy winter coats as the dining room began closing for the night. <PNT> was readily helped by <AGT> with the heavy winter coat.
flv_220,dining_hospitality,uncommon,salience_challenge,ctl_last_separate_predicates,no,not_normed,shared_followup_need,"After the inn canceled their table, <PRE> requested a replacement time within the remaining availability, while <CTL> requested a replacement time within the remaining availability; the requests conflicted. <AGT> graciously accommodated <PNT> during a last-minute booking change.","After the inn canceled their table, <PRE> requested a replacement time within the remaining availability, while <CTL> requested a replacement time within the remaining availability; the requests conflicted. <PNT> was graciously accommodated by <AGT> during a last-minute booking change."
flv_221,dining_hospitality,common,core,balanced_shared_predicate,yes,not_normed,shared_resource,<PRE> and <CTL> examined their incomplete booking confirmation beside an unoccupied touchscreen containing the restaurant's current fixed-price options. <AGT> clearly informed <PNT> about the fixed-price options.,<PRE> and <CTL> examined their incomplete booking confirmation beside an unoccupied touchscreen containing the restaurant's current fixed-price options. <PNT> was clearly informed by <AGT> about the fixed-price options.
flv_222,dining_hospitality,common,core,balanced_shared_predicate,yes,not_normed,shared_preparation,<PRE> and <CTL> unpacked identical newly delivered sets of formal utensils before the banquet tables were arranged. <AGT> carefully instructed <PNT> in formal place settings.,<PRE> and <CTL> unpacked identical newly delivered sets of formal utensils before the banquet tables were arranged. <PNT> was carefully instructed by <AGT> in formal place settings.
flv_223,dining_hospitality,common,core,balanced_shared_predicate,yes,not_normed,shared_trigger,<PRE> and <CTL> waited for delayed dessert after their group requested a brief diversion at the table. <AGT> playfully entertained <PNT> with a tableside card trick.,<PRE> and <CTL> waited for delayed dessert after their group requested a brief diversion at the table. <PNT> was playfully entertained by <AGT> with a tableside card trick.
flv_224,dining_hospitality,common,core,balanced_shared_predicate,yes,not_normed,shared_occasion,<PRE> and <CTL> finalized the wine selection together before the tasting group assembled around their table. <AGT> sincerely complimented <PNT> on the wine selection.,<PRE> and <CTL> finalized the wine selection together before the tasting group assembled around their table. <PNT> was sincerely complimented by <AGT> on the wine selection.
flv_225,dining_hospitality,common,core,balanced_shared_predicate,yes,not_normed,shared_followup_need,<PRE> and <CTL> learned that the dining room was closing while the fireside lounge remained open for another hour. <AGT> quietly accompanied <PNT> to the fireside lounge.,<PRE> and <CTL> learned that the dining room was closing while the fireside lounge remained open for another hour. <PNT> was quietly accompanied by <AGT> to the fireside lounge.
flv_226,dining_hospitality,common,core,balanced_shared_predicate,yes,not_normed,shared_resource,<PRE> and <CTL> left the elevators beside a wall map marking the breakfast room in the hotel's unfamiliar east wing. <AGT> politely directed <PNT> toward the breakfast room.,<PRE> and <CTL> left the elevators beside a wall map marking the breakfast room in the hotel's unfamiliar east wing. <PNT> was politely directed by <AGT> toward the breakfast room.
flv_227,dining_hospitality,common,core,balanced_shared_predicate,yes,not_normed,shared_followup_need,"<PRE> and <CTL> reviewed the cancellation notice before leaving for separate errands, with a replacement decision due that afternoon. <AGT> personally called <PNT> after a reservation cancellation.","<PRE> and <CTL> reviewed the cancellation notice before leaving for separate errands, with a replacement decision due that afternoon. <PNT> was personally called by <AGT> after a reservation cancellation."
flv_228,dining_hospitality,common,core,balanced_shared_predicate,yes,not_normed,shared_followup_need,<PRE> and <CTL> stayed after the charity luncheon because organizers were collecting participants' perspectives on the event. <AGT> briefly interviewed <PNT> after the charity luncheon.,<PRE> and <CTL> stayed after the charity luncheon because organizers were collecting participants' perspectives on the event. <PNT> was briefly interviewed by <AGT> after the charity luncheon.
flv_229,dining_hospitality,common,salience_challenge,pre_last_separate_predicates,no,not_normed,shared_preparation,"<CTL> lit one lantern beside the curtained dessert display, while <PRE> lit another lantern beside the same curtained dessert display. <AGT> pleasantly surprised <PNT> during the candlelit dessert presentation.","<CTL> lit one lantern beside the curtained dessert display, while <PRE> lit another lantern beside the same curtained dessert display. <PNT> was pleasantly surprised by <AGT> during the candlelit dessert presentation."
flv_230,dining_hospitality,uncommon,core,balanced_shared_predicate,yes,not_normed,shared_resource,<PRE> and <CTL> opened the inn's anniversary scrapbook after discovering blank captions beside several historical photographs. <AGT> cheerfully regaled <PNT> with stories from the historic inn.,<PRE> and <CTL> opened the inn's anniversary scrapbook after discovering blank captions beside several historical photographs. <PNT> was cheerfully regaled by <AGT> with stories from the historic inn.
flv_231,dining_hospitality,common,core,balanced_shared_predicate,yes,not_normed,shared_goal,<PRE> and <CTL> discussed using the inn's Sunday brunch to reconnect after several canceled plans. <AGT> graciously hosted <PNT> at the inn's Sunday brunch.,<PRE> and <CTL> discussed using the inn's Sunday brunch to reconnect after several canceled plans. <PNT> was graciously hosted by <AGT> at the inn's Sunday brunch.
flv_232,dining_hospitality,common,core,balanced_shared_predicate,yes,not_normed,shared_occasion,<PRE> and <CTL> planned to meet in the garden cottage after completing separate morning appointments. <AGT> warmly received <PNT> in the garden cottage.,<PRE> and <CTL> planned to meet in the garden cottage after completing separate morning appointments. <PNT> was warmly received by <AGT> in the garden cottage.
flv_233,dining_hospitality,common,core,balanced_shared_predicate,yes,not_normed,shared_goal,<PRE> and <CTL> agreed to confirm they were both awake at the itinerary's requested time before the rescheduled dawn shuttle. <AGT> promptly called <PNT> at the requested wake-up time.,<PRE> and <CTL> agreed to confirm they were both awake at the itinerary's requested time before the rescheduled dawn shuttle. <PNT> was promptly called by <AGT> at the requested wake-up time.
flv_234,dining_hospitality,common,core,balanced_shared_predicate,yes,not_normed,shared_goal,<PRE> and <CTL> agreed to avoid interrupting a live interview as they entered the marble lobby beside the crowded main aisle. <AGT> discreetly escorted <PNT> across the marble lobby.,<PRE> and <CTL> agreed to avoid interrupting a live interview as they entered the marble lobby beside the crowded main aisle. <PNT> was discreetly escorted by <AGT> across the marble lobby.
flv_235,dining_hospitality,common,core,balanced_shared_predicate,yes,not_normed,shared_trigger,<PRE> and <CTL> approached the lobby kiosk with matching reservations after its display opened the check-in sequence. <AGT> patiently guided <PNT> through the check-in steps on the lobby kiosk.,<PRE> and <CTL> approached the lobby kiosk with matching reservations after its display opened the check-in sequence. <PNT> was patiently guided by <AGT> through the check-in steps on the lobby kiosk.
flv_236,dining_hospitality,common,core,balanced_shared_predicate,yes,not_normed,shared_trigger,<PRE> and <CTL> read the room-service delay notice while their order remained queued in the kitchen. <AGT> calmly reassured <PNT> after the room-service delay.,<PRE> and <CTL> read the room-service delay notice while their order remained queued in the kitchen. <PNT> was calmly reassured by <AGT> after the room-service delay.
flv_237,dining_hospitality,common,core,balanced_shared_predicate,yes,not_normed,shared_occasion,<PRE> and <CTL> arrived separately beside the concierge desk for a hotel tour scheduled at the same time. <AGT> courteously greeted <PNT> beside the concierge desk.,<PRE> and <CTL> arrived separately beside the concierge desk for a hotel tour scheduled at the same time. <PNT> was courteously greeted by <AGT> beside the concierge desk.
flv_238,dining_hospitality,common,salience_challenge,pre_last_separate_predicates,no,not_normed,shared_occasion,Two invitations left arrival order unspecified: <CTL> reviewed the rooftop-lounge meeting details on a printed card; <PRE> reviewed the rooftop-lounge meeting details on a printed card. <AGT> warmly welcomed <PNT> into the rooftop lounge.,Two invitations left arrival order unspecified: <CTL> reviewed the rooftop-lounge meeting details on a printed card; <PRE> reviewed the rooftop-lounge meeting details on a printed card. <PNT> was warmly welcomed by <AGT> into the rooftop lounge.
flv_239,dining_hospitality,common,core,balanced_shared_predicate,yes,not_normed,shared_occasion,<PRE> and <CTL> remained near the reception hall as the final wedding toast ended and departing guests applauded. <AGT> enthusiastically congratulated <PNT> after the wedding reception.,<PRE> and <CTL> remained near the reception hall as the final wedding toast ended and departing guests applauded. <PNT> was enthusiastically congratulated by <AGT> after the wedding reception.
flv_240,dining_hospitality,uncommon,core,balanced_shared_predicate,yes,not_normed,shared_trigger,<PRE> and <CTL> reached dessert during an anniversary dinner after the musicians invited diners to contribute a song. <AGT> softly serenaded <PNT> during the anniversary dinner's dessert course.,<PRE> and <CTL> reached dessert during an anniversary dinner after the musicians invited diners to contribute a song. <PNT> was softly serenaded by <AGT> during the anniversary dinner's dessert course.
flv_241,dining_hospitality,common,core,balanced_shared_predicate,yes,not_normed,shared_preparation,<PRE> and <CTL> reached an open-air pickup curb beside the entrance canopy as wind drove steady rain across the waiting area and a loaner umbrella remained available. <AGT> carefully protected <PNT> from the rain with an umbrella beside the entrance canopy.,<PRE> and <CTL> reached an open-air pickup curb beside the entrance canopy as wind drove steady rain across the waiting area and a loaner umbrella remained available. <PNT> was carefully protected by <AGT> from the rain with an umbrella beside the entrance canopy.
flv_242,dining_hospitality,common,core,balanced_shared_predicate,yes,not_normed,shared_trigger,<PRE> and <CTL> crossed the garden when a sudden downpour cut off the nearest covered walkway. <AGT> promptly sheltered <PNT> during the sudden garden downpour.,<PRE> and <CTL> crossed the garden when a sudden downpour cut off the nearest covered walkway. <PNT> was promptly sheltered by <AGT> during the sudden garden downpour.
flv_243,dining_hospitality,common,core,balanced_shared_predicate,yes,not_normed,shared_followup_need,<PRE> and <CTL> booked adjacent spa appointments before an afternoon tour departing soon afterward from the hotel's garden gate. <AGT> personally fetched <PNT> from the spa reception area.,<PRE> and <CTL> booked adjacent spa appointments before an afternoon tour departing soon afterward from the hotel's garden gate. <PNT> was personally fetched by <AGT> from the spa reception area.
flv_244,dining_hospitality,common,core,balanced_shared_predicate,yes,not_normed,shared_goal,"<PRE> and <CTL> received two passes for the evening vineyard walk, with a warning against solo travel on the unfamiliar path. <AGT> quietly accompanied <PNT> along the vineyard path.","<PRE> and <CTL> received two passes for the evening vineyard walk, with a warning against solo travel on the unfamiliar path. <PNT> was quietly accompanied by <AGT> along the vineyard path."
flv_245,dining_hospitality,common,core,balanced_shared_predicate,yes,not_normed,shared_trigger,<PRE> and <CTL> were finishing dinner when the unexpected fire alarm sounded and the room switched to emergency lighting. <AGT> gently calmed <PNT> during the unexpected fire alarm.,<PRE> and <CTL> were finishing dinner when the unexpected fire alarm sounded and the room switched to emergency lighting. <PNT> was gently calmed by <AGT> during the unexpected fire alarm.
flv_246,dining_hospitality,common,core,balanced_shared_predicate,yes,not_normed,shared_trigger,<PRE> and <CTL> set the same dawn departure time after the shuttle operator moved pickup earlier. <AGT> gently woke <PNT> before the dawn departure.,<PRE> and <CTL> set the same dawn departure time after the shuttle operator moved pickup earlier. <PNT> was gently woken by <AGT> before the dawn departure.
flv_247,dining_hospitality,common,core,balanced_shared_predicate,yes,not_normed,shared_trigger,<PRE> and <CTL> entered the crowded ballroom with matching event tickets as aisle access narrowed near the stage. <AGT> carefully escorted <PNT> through the crowded ballroom.,<PRE> and <CTL> entered the crowded ballroom with matching event tickets as aisle access narrowed near the stage. <PNT> was carefully escorted by <AGT> through the crowded ballroom.
flv_248,dining_hospitality,common,core,balanced_shared_predicate,yes,not_normed,shared_trigger,<PRE> and <CTL> reached the hotel entrance when their waiting cab pulled forward before the luggage cart had cleared. <AGT> readily assisted <PNT> into the waiting cab.,<PRE> and <CTL> reached the hotel entrance when their waiting cab pulled forward before the luggage cart had cleared. <PNT> was readily assisted by <AGT> into the waiting cab.
flv_249,dining_hospitality,common,core,balanced_shared_predicate,yes,not_normed,shared_trigger,"<PRE> and <CTL> remained in the banquet hall after remarks, when the moderator invited recognition of contributions to their shared community project. <AGT> publicly praised <PNT> after the banquet remarks.","<PRE> and <CTL> remained in the banquet hall after remarks, when the moderator invited recognition of contributions to their shared community project. <PNT> was publicly praised by <AGT> after the banquet remarks."
flv_250,dining_hospitality,uncommon,core,balanced_shared_predicate,yes,not_normed,shared_trigger,<PRE> and <CTL> joined the retirement supper after the group requested personal remarks honoring the retiree before dessert. <AGT> warmly toasted <PNT> at the retirement supper.,<PRE> and <CTL> joined the retirement supper after the group requested personal remarks honoring the retiree before dessert. <PNT> was warmly toasted by <AGT> at the retirement supper.
flv_251,outdoor_recreation,common,core,balanced_shared_predicate,yes,not_normed,shared_preparation,<PRE> and <CTL> reviewed a trail map showing several wooded switchbacks before choosing where to begin their loop. <AGT> calmly guided <PNT> along the wooded switchbacks.,<PRE> and <CTL> reviewed a trail map showing several wooded switchbacks before choosing where to begin their loop. <PNT> was calmly guided by <AGT> along the wooded switchbacks.
flv_252,outdoor_recreation,common,salience_challenge,ctl_last_separate_predicates,no,not_normed,shared_trigger,"<PRE> checked the footing beside the first trail barrier, while <CTL> checked the footing beside the second trail barrier. <AGT> readily helped <PNT> over the wooden stile.","<PRE> checked the footing beside the first trail barrier, while <CTL> checked the footing beside the second trail barrier. <PNT> was readily helped by <AGT> over the wooden stile."
flv_253,outdoor_recreation,common,core,balanced_shared_predicate,yes,not_normed,shared_preparation,<PRE> and <CTL> tested the handrail at the approach to a narrow footbridge before continuing their forest loop. <AGT> gently steadied <PNT> on the narrow footbridge.,<PRE> and <CTL> tested the handrail at the approach to a narrow footbridge before continuing their forest loop. <PNT> was gently steadied by <AGT> on the narrow footbridge.
flv_254,outdoor_recreation,common,core,balanced_shared_predicate,yes,not_normed,shared_resource,<PRE> and <CTL> reached the waterfall overlook while carrying a shared camera they had borrowed for their afternoon walk. <AGT> briefly photographed <PNT> beside the waterfall.,<PRE> and <CTL> reached the waterfall overlook while carrying a shared camera they had borrowed for their afternoon walk. <PNT> was briefly photographed by <AGT> beside the waterfall.
flv_255,outdoor_recreation,common,core,balanced_shared_predicate,yes,not_normed,shared_trigger,<PRE> and <CTL> approached an exposed trail section where a small loose-shale symbol faced partly away from the path. <AGT> quietly warned <PNT> about the loose shale.,<PRE> and <CTL> approached an exposed trail section where a small loose-shale symbol faced partly away from the path. <PNT> was quietly warned by <AGT> about the loose shale.
flv_256,outdoor_recreation,common,core,balanced_shared_predicate,yes,not_normed,shared_trigger,<PRE> and <CTL> entered the marked creek ford together just before an upstream release sent a sudden surge across the route. <AGT> promptly rescued <PNT> from the creek's swift current.,<PRE> and <CTL> entered the marked creek ford together just before an upstream release sent a sudden surge across the route. <PNT> was promptly rescued by <AGT> from the creek's swift current.
flv_257,outdoor_recreation,common,core,balanced_shared_predicate,yes,not_normed,shared_preparation,<PRE> and <CTL> read the same orientation card before entering the first of three obstacle courses neither had previously attempted. <AGT> confidently led <PNT> through the first obstacle course.,<PRE> and <CTL> read the same orientation card before entering the first of three obstacle courses neither had previously attempted. <PNT> was confidently led by <AGT> through the first obstacle course.
flv_258,outdoor_recreation,common,core,balanced_shared_predicate,yes,not_normed,shared_goal,<PRE> and <CTL> set a shared turnaround time before beginning a long uphill section of their loop. <AGT> patiently encouraged <PNT> during the long uphill stretch.,<PRE> and <CTL> set a shared turnaround time before beginning a long uphill section of their loop. <PNT> was patiently encouraged by <AGT> during the long uphill stretch.
flv_259,outdoor_recreation,common,core,balanced_shared_predicate,yes,not_normed,shared_preparation,<PRE> and <CTL> reviewed the gym's paired-climber safety rules before taking turns on a new bouldering wall. <AGT> carefully spotted <PNT> during the bouldering attempt.,<PRE> and <CTL> reviewed the gym's paired-climber safety rules before taking turns on a new bouldering wall. <PNT> was carefully spotted by <AGT> during the bouldering attempt.
flv_260,outdoor_recreation,uncommon,core,balanced_shared_predicate,yes,not_normed,shared_preparation,<PRE> and <CTL> checked matching harnesses and reviewed the limestone route together before beginning their alternating climbing turns. <AGT> attentively belayed <PNT> during the limestone traverse.,<PRE> and <CTL> checked matching harnesses and reviewed the limestone route together before beginning their alternating climbing turns. <PNT> was attentively belayed by <AGT> during the limestone traverse.
flv_261,outdoor_recreation,common,salience_challenge,ctl_last_separate_predicates,no,not_normed,shared_goal,"<PRE> added one birding stop to the shared marsh itinerary, while <CTL> added another birding stop to the shared marsh itinerary. <AGT> cheerfully accompanied <PNT> along the marsh boardwalk.","<PRE> added one birding stop to the shared marsh itinerary, while <CTL> added another birding stop to the shared marsh itinerary. <PNT> was cheerfully accompanied by <AGT> along the marsh boardwalk."
flv_262,outdoor_recreation,common,core,balanced_shared_predicate,yes,not_normed,shared_goal,<PRE> and <CTL> agreed to finish the marked course together before joining the post-race gathering. <AGT> warmly encouraged <PNT> during the final mile.,<PRE> and <CTL> agreed to finish the marked course together before joining the post-race gathering. <PNT> was warmly encouraged by <AGT> during the final mile.
flv_263,outdoor_recreation,common,core,balanced_shared_predicate,yes,not_normed,shared_trigger,<PRE> and <CTL> reached a stream crossing where smooth stones formed the only continuation of their marked route. <AGT> carefully steadied <PNT> on the slick stones in the knee-deep stream.,<PRE> and <CTL> reached a stream crossing where smooth stones formed the only continuation of their marked route. <PNT> was carefully steadied by <AGT> on the slick stones in the knee-deep stream.
flv_264,outdoor_recreation,common,core,balanced_shared_predicate,yes,not_normed,shared_preparation,<PRE> and <CTL> reviewed the harbor's paired rescue drill before carrying one float together to the water. <AGT> slowly towed <PNT> with a rescue float toward the sandy shore.,<PRE> and <CTL> reviewed the harbor's paired rescue drill before carrying one float together to the water. <PNT> was slowly towed by <AGT> with a rescue float toward the sandy shore.
flv_265,outdoor_recreation,common,core,balanced_shared_predicate,yes,not_normed,shared_preparation,<PRE> and <CTL> selected matching safety kits from the rafting operator before their group assembled beside the river. <AGT> properly equipped <PNT> for the rafting excursion.,<PRE> and <CTL> selected matching safety kits from the rafting operator before their group assembled beside the river. <PNT> was properly equipped by <AGT> for the rafting excursion.
flv_266,outdoor_recreation,common,core,balanced_shared_predicate,yes,not_normed,shared_goal,<PRE> and <CTL> agreed to return together after their group divided between two campground loops. <AGT> quietly escorted <PNT> back to the campsite.,<PRE> and <CTL> agreed to return together after their group divided between two campground loops. <PNT> was quietly escorted by <AGT> back to the campsite.
flv_267,outdoor_recreation,common,core,balanced_shared_predicate,yes,not_normed,shared_preparation,<PRE> and <CTL> studied the same archery drill card before taking turns at the practice line. <AGT> patiently coached <PNT> through the archery drill.,<PRE> and <CTL> studied the same archery drill card before taking turns at the practice line. <PNT> was patiently coached by <AGT> through the archery drill.
flv_268,outdoor_recreation,common,core,balanced_shared_predicate,yes,not_normed,shared_resource,<PRE> and <CTL> prepared two kayaks for a short sprint after finding a stopwatch clipped beside the lake's informal start marker. <AGT> accurately timed <PNT> during the short kayak sprint.,<PRE> and <CTL> prepared two kayaks for a short sprint after finding a stopwatch clipped beside the lake's informal start marker. <PNT> was accurately timed by <AGT> during the short kayak sprint.
flv_269,outdoor_recreation,common,core,balanced_shared_predicate,yes,not_normed,shared_occasion,<PRE> and <CTL> joined opposite teams for a woodland tagging game that would begin after the boundary check. <AGT> lightly tagged <PNT> during the woodland game.,<PRE> and <CTL> joined opposite teams for a woodland tagging game that would begin after the boundary check. <PNT> was lightly tagged by <AGT> during the woodland game.
flv_270,outdoor_recreation,uncommon,salience_challenge,pre_last_separate_predicates,no,not_normed,shared_preparation,"<CTL> carried one dry bag to the shared skiff for the planned inlet crossing, while <PRE> carried another dry bag to the shared skiff for the planned inlet crossing. <AGT> carefully ferried <PNT> across the quiet inlet.","<CTL> carried one dry bag to the shared skiff for the planned inlet crossing, while <PRE> carried another dry bag to the shared skiff for the planned inlet crossing. <PNT> was carefully ferried by <AGT> across the quiet inlet."
flv_271,outdoor_recreation,common,core,balanced_shared_predicate,yes,not_normed,shared_occasion,<PRE> and <CTL> agreed to meet at the trailhead before joining the park's scheduled nature walk. <AGT> warmly greeted <PNT> at the trailhead.,<PRE> and <CTL> agreed to meet at the trailhead before joining the park's scheduled nature walk. <PNT> was warmly greeted by <AGT> at the trailhead.
flv_272,outdoor_recreation,common,core,balanced_shared_predicate,yes,not_normed,shared_preparation,<PRE> and <CTL> waited beside a posted cave map as their group's safety orientation was about to begin. <AGT> thoroughly briefed <PNT> before the guided cave walk.,<PRE> and <CTL> waited beside a posted cave map as their group's safety orientation was about to begin. <PNT> was thoroughly briefed by <AGT> before the guided cave walk.
flv_273,outdoor_recreation,common,core,balanced_shared_predicate,yes,not_normed,shared_trigger,<PRE> and <CTL> noticed ice pellets striking the open path as the nearest roofed kiosk came into view. <AGT> quickly sheltered <PNT> from the sudden hail.,<PRE> and <CTL> noticed ice pellets striking the open path as the nearest roofed kiosk came into view. <PNT> was quickly sheltered by <AGT> from the sudden hail.
flv_274,outdoor_recreation,common,core,balanced_shared_predicate,yes,not_normed,shared_preparation,<PRE> and <CTL> carried their shared paddle bag to a raft that rocked beside the boarding platform. <AGT> firmly pulled <PNT> into the waiting raft.,<PRE> and <CTL> carried their shared paddle bag to a raft that rocked beside the boarding platform. <PNT> was firmly pulled by <AGT> into the waiting raft.
flv_275,outdoor_recreation,common,core,balanced_shared_predicate,yes,not_normed,shared_preparation,<PRE> and <CTL> brought a shared gear bag to the canoe launch after choosing a route across the lake. <AGT> carefully helped <PNT> into the narrow canoe.,<PRE> and <CTL> brought a shared gear bag to the canoe launch after choosing a route across the lake. <PNT> was carefully helped by <AGT> into the narrow canoe.
flv_276,outdoor_recreation,common,core,balanced_shared_predicate,yes,not_normed,shared_occasion,<PRE> and <CTL> entered the final cycling climb together after staying side by side through the previous stage. <AGT> smoothly passed <PNT> on the final cycling climb.,<PRE> and <CTL> entered the final cycling climb together after staying side by side through the previous stage. <PNT> was smoothly passed by <AGT> on the final cycling climb.
flv_277,outdoor_recreation,common,core,balanced_shared_predicate,yes,not_normed,shared_occasion,<PRE> and <CTL> began the gravel straightaway side by side after matching pace through the wooded section. <AGT> gradually overtook <PNT> along the gravel straightaway.,<PRE> and <CTL> began the gravel straightaway side by side after matching pace through the wooded section. <PNT> was gradually overtaken by <AGT> along the gravel straightaway.
flv_278,outdoor_recreation,common,core,balanced_shared_predicate,yes,not_normed,shared_followup_need,<PRE> and <CTL> reached the summit marker together after completing the final steep section of their planned route. <AGT> sincerely congratulated <PNT> at the summit marker.,<PRE> and <CTL> reached the summit marker together after completing the final steep section of their planned route. <PNT> was sincerely congratulated by <AGT> at the summit marker.
flv_279,outdoor_recreation,common,salience_challenge,pre_last_separate_predicates,no,not_normed,shared_trigger,"<CTL> dipped one paddle as the launch's playful water game began, while <PRE> dipped another paddle as the launch's playful water game began. <AGT> playfully splashed <PNT> near the kayak launch.","<CTL> dipped one paddle as the launch's playful water game began, while <PRE> dipped another paddle as the launch's playful water game began. <PNT> was playfully splashed by <AGT> near the kayak launch."
flv_280,outdoor_recreation,uncommon,core,balanced_shared_predicate,yes,not_normed,shared_preparation,<PRE> and <CTL> had both completed the park's partner-safety certification before arriving at the gear station for their first canopy crossing. <AGT> securely harnessed <PNT> before the canopy crossing.,<PRE> and <CTL> had both completed the park's partner-safety certification before arriving at the gear station for their first canopy crossing. <PNT> was securely harnessed by <AGT> before the canopy crossing.
flv_281,outdoor_recreation,common,core,balanced_shared_predicate,yes,not_normed,shared_preparation,<PRE> and <CTL> laid matching climbing kits beside the practice wall before their scheduled alternating belay session. <AGT> carefully secured <PNT> with the belay rope.,<PRE> and <CTL> laid matching climbing kits beside the practice wall before their scheduled alternating belay session. <PNT> was carefully secured by <AGT> with the belay rope.
flv_282,outdoor_recreation,common,core,balanced_shared_predicate,yes,not_normed,shared_trigger,<PRE> and <CTL> reached a fallen log where their marked route crossed a shallow gap in the trail. <AGT> carefully steadied <PNT> during the fallen-log crossing.,<PRE> and <CTL> reached a fallen log where their marked route crossed a shallow gap in the trail. <PNT> was carefully steadied by <AGT> during the fallen-log crossing.
flv_283,outdoor_recreation,common,core,balanced_shared_predicate,yes,not_normed,shared_resource,<PRE> and <CTL> found the trail blocked by a fallen tree beside a posted map showing the short marked bypass. <AGT> clearly directed <PNT> around the fallen tree.,<PRE> and <CTL> found the trail blocked by a fallen tree beside a posted map showing the short marked bypass. <PNT> was clearly directed by <AGT> around the fallen tree.
flv_284,outdoor_recreation,common,core,balanced_shared_predicate,yes,not_normed,shared_trigger,<PRE> and <CTL> approached the overlook along a curved path where a small closure placard faced travelers only at the final bend. <AGT> politely stopped <PNT> before the restricted overlook.,<PRE> and <CTL> approached the overlook along a curved path where a small closure placard faced travelers only at the final bend. <PNT> was politely stopped by <AGT> before the restricted overlook.
flv_285,outdoor_recreation,common,core,balanced_shared_predicate,yes,not_normed,shared_goal,<PRE> and <CTL> agreed on a return time before exploring separate ends of the same open ridge. <AGT> firmly asked <PNT> to return from the ridge.,<PRE> and <CTL> agreed on a return time before exploring separate ends of the same open ridge. <PNT> was firmly asked by <AGT> to return from the ridge.
flv_286,outdoor_recreation,common,core,balanced_shared_predicate,yes,not_normed,shared_goal,<PRE> and <CTL> agreed to regroup beside a narrow stream after independently exploring two marked campground paths. <AGT> eventually found <PNT> beside the narrow stream.,<PRE> and <CTL> agreed to regroup beside a narrow stream after independently exploring two marked campground paths. <PNT> was eventually found by <AGT> beside the narrow stream.
flv_287,outdoor_recreation,common,core,balanced_shared_predicate,yes,not_normed,shared_preparation,"<PRE> and <CTL> slept in the same bunkhouse before their scheduled paddle, relying on its single quiet dawn chime. <AGT> gently woke <PNT> before the dawn paddle.","<PRE> and <CTL> slept in the same bunkhouse before their scheduled paddle, relying on its single quiet dawn chime. <PNT> was gently woken by <AGT> before the dawn paddle."
flv_288,outdoor_recreation,common,salience_challenge,pre_last_separate_predicates,no,not_normed,shared_resource,"<CTL> opened one first-aid pouch at the trail shelter, while <PRE> opened another first-aid pouch beside the same bench. <AGT> promptly treated <PNT> for a heel blister.","<CTL> opened one first-aid pouch at the trail shelter, while <PRE> opened another first-aid pouch beside the same bench. <PNT> was promptly treated by <AGT> for a heel blister."
flv_289,outdoor_recreation,common,core,balanced_shared_predicate,yes,not_normed,shared_trigger,<PRE> and <CTL> opened a shared first-aid kit after their park group reported a minor fall near the shelter. <AGT> carefully treated <PNT> after the minor scrape.,<PRE> and <CTL> opened a shared first-aid kit after their park group reported a minor fall near the shelter. <PNT> was carefully treated by <AGT> after the minor scrape.
flv_290,outdoor_recreation,uncommon,core,balanced_shared_predicate,yes,not_normed,shared_preparation,<PRE> and <CTL> reviewed the same ravine-recovery drill before taking alternating positions beside the training winch. <AGT> slowly winched <PNT> from the steep ravine.,<PRE> and <CTL> reviewed the same ravine-recovery drill before taking alternating positions beside the training winch. <PNT> was slowly winched by <AGT> from the steep ravine.
flv_291,outdoor_recreation,common,core,balanced_shared_predicate,yes,not_normed,shared_resource,<PRE> and <CTL> agreed to enter the charity hike together after finding a kiosk that accepted both registrations in one transaction. <AGT> promptly registered <PNT> for the charity hike.,<PRE> and <CTL> agreed to enter the charity hike together after finding a kiosk that accepted both registrations in one transaction. <PNT> was promptly registered by <AGT> for the charity hike.
flv_292,outdoor_recreation,common,core,balanced_shared_predicate,yes,not_normed,shared_preparation,<PRE> and <CTL> sorted matching headlamps and jackets before their group gathered for an evening hike. <AGT> properly outfitted <PNT> for the evening hike.,<PRE> and <CTL> sorted matching headlamps and jackets before their group gathered for an evening hike. <PNT> was properly outfitted by <AGT> for the evening hike.
flv_293,outdoor_recreation,common,core,balanced_shared_predicate,yes,not_normed,shared_occasion,<PRE> and <CTL> noticed a short hill course opening for informal races after the scheduled picnic games ended. <AGT> playfully challenged <PNT> to a short hill race.,<PRE> and <CTL> noticed a short hill course opening for informal races after the scheduled picnic games ended. <PNT> was playfully challenged by <AGT> to a short hill race.
flv_294,outdoor_recreation,common,core,balanced_shared_predicate,yes,not_normed,shared_occasion,<PRE> and <CTL> joined opposing teams as volunteers reset the boundary flags for the next capture-the-flag round. <AGT> quickly caught <PNT> during the capture-the-flag game.,<PRE> and <CTL> joined opposing teams as volunteers reset the boundary flags for the next capture-the-flag round. <PNT> was quickly caught by <AGT> during the capture-the-flag game.
flv_295,outdoor_recreation,common,core,balanced_shared_predicate,yes,not_normed,shared_occasion,<PRE> and <CTL> joined opposite sides of a practice scrimmage after agreeing to rotate positions at each break. <AGT> cleanly blocked <PNT> near the small practice goal.,<PRE> and <CTL> joined opposite sides of a practice scrimmage after agreeing to rotate positions at each break. <PNT> was cleanly blocked by <AGT> near the small practice goal.
flv_296,outdoor_recreation,common,core,balanced_shared_predicate,yes,not_normed,shared_occasion,<PRE> and <CTL> joined opposing basketball teams after organizers randomly assigned each player an individual matchup for the park scrimmage. <AGT> closely defended <PNT> during the park scrimmage.,<PRE> and <CTL> joined opposing basketball teams after organizers randomly assigned each player an individual matchup for the park scrimmage. <PNT> was closely defended by <AGT> during the park scrimmage.
flv_297,outdoor_recreation,common,core,balanced_shared_predicate,yes,not_normed,shared_followup_need,<PRE> and <CTL> finished the cycling course together after trading the lead throughout the final lap. <AGT> warmly congratulated <PNT> after the cycling race.,<PRE> and <CTL> finished the cycling course together after trading the lead throughout the final lap. <PNT> was warmly congratulated by <AGT> after the cycling race.
flv_298,outdoor_recreation,common,core,balanced_shared_predicate,yes,not_normed,shared_preparation,<PRE> and <CTL> reviewed identical route cards before beginning the navigation exercise from adjacent starting markers. <AGT> closely followed <PNT> during the navigation exercise.,<PRE> and <CTL> reviewed identical route cards before beginning the navigation exercise from adjacent starting markers. <PNT> was closely followed by <AGT> during the navigation exercise.
flv_299,outdoor_recreation,common,core,balanced_shared_predicate,yes,not_normed,shared_goal,<PRE> and <CTL> agreed to alternate driving the support vehicle after their group reached the river takeout. <AGT> efficiently shuttled <PNT> from the river takeout.,<PRE> and <CTL> agreed to alternate driving the support vehicle after their group reached the river takeout. <PNT> was efficiently shuttled by <AGT> from the river takeout.
flv_300,outdoor_recreation,uncommon,core,balanced_shared_predicate,yes,not_normed,shared_trigger,<PRE> and <CTL> crossed a muddy service track just as its crumbling shoulder gave way beside a water-filled ditch. <AGT> carefully extricated <PNT> from the muddy ditch.,<PRE> and <CTL> crossed a muddy service track just as its crumbling shoulder gave way beside a water-filled ditch. <PNT> was carefully extricated by <AGT> from the muddy ditch.
flv_301,festivals_events,common,core,balanced_shared_predicate,yes,not_normed,shared_trigger,<PRE> and <CTL> waited beside the decorated plaza entrance as the opening procession approached and the ceremony bell sounded. <AGT> warmly welcomed <PNT> at the opening ceremony.,<PRE> and <CTL> waited beside the decorated plaza entrance as the opening procession approached and the ceremony bell sounded. <PNT> was warmly welcomed by <AGT> at the opening ceremony.
flv_302,festivals_events,common,salience_challenge,ctl_last_separate_predicates,no,not_normed,shared_trigger,<PRE> pinned on a reunion badge beside the ticket entrance while <CTL> pinned on a reunion badge beside the ticket entrance as returning neighbors arrived. <AGT> cheerfully greeted <PNT> near the ticket entrance.,<PRE> pinned on a reunion badge beside the ticket entrance while <CTL> pinned on a reunion badge beside the ticket entrance as returning neighbors arrived. <PNT> was cheerfully greeted by <AGT> near the ticket entrance.
flv_303,festivals_events,common,core,balanced_shared_predicate,yes,not_normed,shared_occasion,<PRE> and <CTL> exchanged brief biographies before joining a kickoff reception circle of first-time delegates and longtime sponsors. <AGT> formally introduced <PNT> during the kickoff reception.,<PRE> and <CTL> exchanged brief biographies before joining a kickoff reception circle of first-time delegates and longtime sponsors. <PNT> was formally introduced by <AGT> during the kickoff reception.
flv_304,festivals_events,common,core,balanced_shared_predicate,yes,not_normed,shared_occasion,<PRE> and <CTL> paused beneath the newly illuminated lantern arch when organizers announced an open portrait interval. <AGT> carefully photographed <PNT> beneath the lantern arch.,<PRE> and <CTL> paused beneath the newly illuminated lantern arch when organizers announced an open portrait interval. <PNT> was carefully photographed by <AGT> beneath the lantern arch.
flv_305,festivals_events,common,core,balanced_shared_predicate,yes,not_normed,shared_resource,<PRE> and <CTL> drew sealed passes assigning one route guide and one guest for a distant roped-off festival section. <AGT> promptly escorted <PNT> to the reserved viewing area.,<PRE> and <CTL> drew sealed passes assigning one route guide and one guest for a distant roped-off festival section. <PNT> was promptly escorted by <AGT> to the reserved viewing area.
flv_306,festivals_events,common,core,balanced_shared_predicate,yes,not_normed,shared_resource,<PRE> and <CTL> consulted a corrected table diagram after staff removed misprinted place cards from the awards-program banquet tables. <AGT> politely seated <PNT> before the awards program.,<PRE> and <CTL> consulted a corrected table diagram after staff removed misprinted place cards from the awards-program banquet tables. <PNT> was politely seated by <AGT> before the awards program.
flv_307,festivals_events,common,core,balanced_shared_predicate,yes,not_normed,shared_followup_need,<PRE> and <CTL> reviewed the parade highlights after organizers opened a booth for short recorded conversations about the route. <AGT> briefly interviewed <PNT> after the parade.,<PRE> and <CTL> reviewed the parade highlights after organizers opened a booth for short recorded conversations about the route. <PNT> was briefly interviewed by <AGT> after the parade.
flv_308,festivals_events,common,core,balanced_shared_predicate,yes,not_normed,shared_trigger,<PRE> and <CTL> stacked the final supply crates together as the reception coordinator called volunteers into the hall. <AGT> publicly thanked <PNT> during the volunteer reception.,<PRE> and <CTL> stacked the final supply crates together as the reception coordinator called volunteers into the hall. <PNT> was publicly thanked by <AGT> during the volunteer reception.
flv_309,festivals_events,common,core,balanced_shared_predicate,yes,not_normed,shared_trigger,<PRE> and <CTL> compared costume details while judges carried the sealed result envelope toward the contest platform. <AGT> warmly congratulated <PNT> after the costume contest.,<PRE> and <CTL> compared costume details while judges carried the sealed result envelope toward the contest platform. <PNT> was warmly congratulated by <AGT> after the costume contest.
flv_310,festivals_events,uncommon,core,balanced_shared_predicate,yes,not_normed,shared_resource,<PRE> and <CTL> found lyric cards beside their banquet plates when the bandleader invited spontaneous table songs. <AGT> gently serenaded <PNT> during the closing banquet.,<PRE> and <CTL> found lyric cards beside their banquet plates when the bandleader invited spontaneous table songs. <PNT> was gently serenaded by <AGT> during the closing banquet.
flv_311,festivals_events,common,salience_challenge,ctl_last_separate_predicates,no,not_normed,shared_preparation,<PRE> rehearsed a short piece backstage while <CTL> rehearsed a short piece backstage before the finalists gathered for the evening program. <AGT> enthusiastically applauded <PNT> after the solo performance.,<PRE> rehearsed a short piece backstage while <CTL> rehearsed a short piece backstage before the finalists gathered for the evening program. <PNT> was enthusiastically applauded by <AGT> after the solo performance.
flv_312,festivals_events,common,core,balanced_shared_predicate,yes,not_normed,shared_occasion,<PRE> and <CTL> shared festival emcee duties while a community speaker finished remarks and organizers prepared materials for an unscripted audience segment. <AGT> confidently invited <PNT> onto the main stage.,<PRE> and <CTL> shared festival emcee duties while a community speaker finished remarks and organizers prepared materials for an unscripted audience segment. <PNT> was confidently invited by <AGT> onto the main stage.
flv_313,festivals_events,common,core,balanced_shared_predicate,yes,not_normed,shared_trigger,<PRE> and <CTL> reviewed the newly posted prize criteria when organizers opened candidate submissions to all registered attendees. <AGT> formally nominated <PNT> for the festival prize.,<PRE> and <CTL> reviewed the newly posted prize criteria when organizers opened candidate submissions to all registered attendees. <PNT> was formally nominated by <AGT> for the festival prize.
flv_314,festivals_events,common,core,balanced_shared_predicate,yes,not_normed,shared_occasion,<PRE> and <CTL> submitted equal records of neighborhood service before sealed ceremony envelopes assigned one peer presenter and one recognition recipient. <AGT> publicly honored <PNT> at the civic celebration.,<PRE> and <CTL> submitted equal records of neighborhood service before sealed ceremony envelopes assigned one peer presenter and one recognition recipient. <PNT> was publicly honored by <AGT> at the civic celebration.
flv_315,festivals_events,common,core,balanced_shared_predicate,yes,not_normed,shared_preparation,<PRE> and <CTL> rehearsed both roles in the pageant finale before officials distributed sealed cards naming the celebrant and ceremonial presenter. <AGT> ceremonially crowned <PNT> at the harvest pageant.,<PRE> and <CTL> rehearsed both roles in the pageant finale before officials distributed sealed cards naming the celebrant and ceremonial presenter. <PNT> was ceremonially crowned by <AGT> at the harvest pageant.
flv_316,festivals_events,common,core,balanced_shared_predicate,yes,not_normed,shared_preparation,<PRE> and <CTL> drew sealed rehearsal schedules sending one to prepare the performers' tent while the other completed an outdoor sound check. <AGT> warmly welcomed <PNT> inside the performers' tent.,<PRE> and <CTL> drew sealed rehearsal schedules sending one to prepare the performers' tent while the other completed an outdoor sound check. <PNT> was warmly welcomed by <AGT> inside the performers' tent.
flv_317,festivals_events,common,core,balanced_shared_predicate,yes,not_normed,shared_followup_need,<PRE> and <CTL> unfolded identical fair maps after construction redirected visitors through several temporary craft aisles. <AGT> calmly guided <PNT> through the craft fair.,<PRE> and <CTL> unfolded identical fair maps after construction redirected visitors through several temporary craft aisles. <PNT> was calmly guided by <AGT> through the craft fair.
flv_318,festivals_events,common,core,balanced_shared_predicate,yes,not_normed,shared_followup_need,<PRE> and <CTL> waited inside the press tent after a route closure left one transfer map for their next segment onstage. <AGT> carefully escorted <PNT> from the press tent to the stage.,<PRE> and <CTL> waited inside the press tent after a route closure left one transfer map for their next segment onstage. <PNT> was carefully escorted by <AGT> from the press tent to the stage.
flv_319,festivals_events,common,core,balanced_shared_predicate,yes,not_normed,shared_preparation,<PRE> and <CTL> prepared matching procession costumes and camera kits before drawing sealed cards for the marcher and recorder roles. <AGT> quietly filmed <PNT> during the opening procession.,<PRE> and <CTL> prepared matching procession costumes and camera kits before drawing sealed cards for the marcher and recorder roles. <PNT> was quietly filmed by <AGT> during the opening procession.
flv_320,festivals_events,uncommon,salience_challenge,ctl_last_separate_predicates,no,not_normed,shared_resource,<PRE> examined one unopened flower packet while <CTL> examined another unopened flower packet as the floral presentation began. <AGT> ceremonially garlanded <PNT> with fresh marigolds.,<PRE> examined one unopened flower packet while <CTL> examined another unopened flower packet as the floral presentation began. <PNT> was ceremonially garlanded by <AGT> with fresh marigolds.
flv_321,festivals_events,common,core,balanced_shared_predicate,yes,not_normed,shared_trigger,<PRE> and <CTL> waited beside the curtain as the final performance ended and the cast emerged to sustained cheers. <AGT> joyfully hugged <PNT> after the final performance.,<PRE> and <CTL> waited beside the curtain as the final performance ended and the cast emerged to sustained cheers. <PNT> was joyfully hugged by <AGT> after the final performance.
flv_322,festivals_events,common,core,balanced_shared_predicate,yes,not_normed,shared_trigger,<PRE> and <CTL> opened matching reunion invitations that asked returning neighbors to reconnect at the lantern festival's first gathering. <AGT> personally greeted <PNT> at the lantern festival.,<PRE> and <CTL> opened matching reunion invitations that asked returning neighbors to reconnect at the lantern festival's first gathering. <PNT> was personally greeted by <AGT> at the lantern festival.
flv_323,festivals_events,common,core,balanced_shared_predicate,yes,not_normed,shared_resource,<PRE> and <CTL> drew a conversation prompt from the podcast booth's bowl after organizers opened recording slots to attendees. <AGT> briefly interviewed <PNT> for the festival podcast.,<PRE> and <CTL> drew a conversation prompt from the podcast booth's bowl after organizers opened recording slots to attendees. <PNT> was briefly interviewed by <AGT> for the festival podcast.
flv_324,festivals_events,common,core,balanced_shared_predicate,yes,not_normed,shared_followup_need,<PRE> and <CTL> studied the same relay diagram after officials announced a last-minute change to the exchange zone. <AGT> patiently coached <PNT> before the relay contest.,<PRE> and <CTL> studied the same relay diagram after officials announced a last-minute change to the exchange zone. <PNT> was patiently coached by <AGT> before the relay contest.
flv_325,festivals_events,common,core,balanced_shared_predicate,yes,not_normed,shared_preparation,<PRE> and <CTL> drew sealed leader and performer cards after the coordinator added an unresolved movement sequence to the reenactment. <AGT> attentively directed <PNT> during the historical reenactment.,<PRE> and <CTL> drew sealed leader and performer cards after the coordinator added an unresolved movement sequence to the reenactment. <PNT> was attentively directed by <AGT> during the historical reenactment.
flv_326,festivals_events,common,core,balanced_shared_predicate,yes,not_normed,shared_followup_need,<PRE> and <CTL> compared candle-station maps after organizers warned that the darkened procession route included an unmarked turn. <AGT> quietly accompanied <PNT> during the candlelight procession.,<PRE> and <CTL> compared candle-station maps after organizers warned that the darkened procession route included an unmarked turn. <PNT> was quietly accompanied by <AGT> during the candlelight procession.
flv_327,festivals_events,common,core,balanced_shared_predicate,yes,not_normed,shared_trigger,<PRE> and <CTL> reached the parade route together after barriers narrowed the next block to a single walking lane. <AGT> closely followed <PNT> along the parade route.,<PRE> and <CTL> reached the parade route together after barriers narrowed the next block to a single walking lane. <PNT> was closely followed by <AGT> along the parade route.
flv_328,festivals_events,common,core,balanced_shared_predicate,yes,not_normed,shared_followup_need,<PRE> and <CTL> studied matching midway maps after a crowd closure blocked the direct path to the exhibition tents. <AGT> steadily led <PNT> through the crowded midway.,<PRE> and <CTL> studied matching midway maps after a crowd closure blocked the direct path to the exhibition tents. <PNT> was steadily led by <AGT> through the crowded midway.
flv_329,festivals_events,common,salience_challenge,pre_last_separate_predicates,no,not_normed,shared_occasion,Two invitations left arrival order unspecified: <CTL> reviewed the musicians' tent meeting details on a printed card; <PRE> reviewed the musicians' tent meeting details on a printed card. <AGT> warmly welcomed <PNT> inside the musicians' tent.,Two invitations left arrival order unspecified: <CTL> reviewed the musicians' tent meeting details on a printed card; <PRE> reviewed the musicians' tent meeting details on a printed card. <PNT> was warmly welcomed by <AGT> inside the musicians' tent.
flv_330,festivals_events,uncommon,core,balanced_shared_predicate,yes,not_normed,shared_occasion,<PRE> and <CTL> prepared comparable anniversary reflections before gala organizers announced that guests would conduct surprise tributes for one another. <AGT> lavishly feted <PNT> at the anniversary gala.,<PRE> and <CTL> prepared comparable anniversary reflections before gala organizers announced that guests would conduct surprise tributes for one another. <PNT> was lavishly feted by <AGT> at the anniversary gala.
flv_331,festivals_events,common,core,balanced_shared_predicate,yes,not_normed,shared_trigger,<PRE> and <CTL> prepared from different launch sections before a last-minute safety alert appeared on only one randomly assigned radio. <AGT> privately briefed <PNT> before the fireworks launch.,<PRE> and <CTL> prepared from different launch sections before a last-minute safety alert appeared on only one randomly assigned radio. <PNT> was privately briefed by <AGT> before the fireworks launch.
flv_332,festivals_events,common,core,balanced_shared_predicate,yes,not_normed,shared_trigger,<PRE> and <CTL> watched staff postpone the outdoor program as an uncertain restart time appeared on the event board. <AGT> calmly reassured <PNT> during the weather delay.,<PRE> and <CTL> watched staff postpone the outdoor program as an uncertain restart time appeared on the event board. <PNT> was calmly reassured by <AGT> during the weather delay.
flv_333,festivals_events,common,core,balanced_shared_predicate,yes,not_normed,shared_trigger,<PRE> and <CTL> waited by the dance floor as officials called the next heat and the audience gathered around. <AGT> enthusiastically encouraged <PNT> before the dance heat.,<PRE> and <CTL> waited by the dance floor as officials called the next heat and the audience gathered around. <PNT> was enthusiastically encouraged by <AGT> before the dance heat.
flv_334,festivals_events,common,core,balanced_shared_predicate,yes,not_normed,shared_followup_need,<PRE> and <CTL> practiced different halves of a revised movement sequence before the coordinator asked them to combine it without another demonstration. <AGT> carefully coached <PNT> through the rehearsal.,<PRE> and <CTL> practiced different halves of a revised movement sequence before the coordinator asked them to combine it without another demonstration. <PNT> was carefully coached by <AGT> through the rehearsal.
flv_335,festivals_events,common,core,balanced_shared_predicate,yes,not_normed,shared_trigger,<PRE> and <CTL> stood beside the prize display while officials prepared to reveal the sealed grand-prize result. <AGT> publicly recognized <PNT> as the grand-prize winner.,<PRE> and <CTL> stood beside the prize display while officials prepared to reveal the sealed grand-prize result. <PNT> was publicly recognized by <AGT> as the grand-prize winner.
flv_336,festivals_events,common,core,balanced_shared_predicate,yes,not_normed,shared_preparation,"<PRE> and <CTL> entered the final festival ceremony, where sealed cards would determine the presiding official and new representative. <AGT> officially appointed <PNT> as festival ambassador.","<PRE> and <CTL> entered the final festival ceremony, where sealed cards would determine the presiding official and new representative. <PNT> was officially appointed by <AGT> as festival ambassador."
flv_337,festivals_events,common,core,balanced_shared_predicate,yes,not_normed,shared_preparation,<PRE> and <CTL> joined the festival's peer jury after submitting eligible pieces under rules that barred artists from reviewing their own work. <AGT> carefully selected <PNT> for the final showcase.,<PRE> and <CTL> joined the festival's peer jury after submitting eligible pieces under rules that barred artists from reviewing their own work. <PNT> was carefully selected by <AGT> for the final showcase.
flv_338,festivals_events,common,salience_challenge,pre_last_separate_predicates,no,not_normed,shared_preparation,<CTL> reviewed a fellow poet's biography while <PRE> reviewed a fellow poet's biography as the audience settled beneath the poetry-tent canopy. <AGT> graciously introduced <PNT> at the poetry tent.,<CTL> reviewed a fellow poet's biography while <PRE> reviewed a fellow poet's biography as the audience settled beneath the poetry-tent canopy. <PNT> was graciously introduced by <AGT> at the poetry tent.
flv_339,festivals_events,common,core,balanced_shared_predicate,yes,not_normed,shared_trigger,<PRE> and <CTL> watched the judges seal their score sheets before carrying the results toward the contest stand. <AGT> warmly congratulated <PNT> beside the judges' stand.,<PRE> and <CTL> watched the judges seal their score sheets before carrying the results toward the contest stand. <PNT> was warmly congratulated by <AGT> beside the judges' stand.
flv_340,festivals_events,uncommon,core,balanced_shared_predicate,yes,not_normed,shared_resource,<PRE> and <CTL> found identical commemorative glasses at their places as the anniversary dinner reached its tribute segment. <AGT> publicly toasted <PNT> during the anniversary dinner.,<PRE> and <CTL> found identical commemorative glasses at their places as the anniversary dinner reached its tribute segment. <PNT> was publicly toasted by <AGT> during the anniversary dinner.
flv_341,festivals_events,common,core,balanced_shared_predicate,yes,not_normed,shared_trigger,<PRE> and <CTL> wore last year's cleanup badges at the neighborhood fair as returning volunteers gathered for their first reunion. <AGT> cheerfully welcomed <PNT> at the neighborhood fair.,<PRE> and <CTL> wore last year's cleanup badges at the neighborhood fair as returning volunteers gathered for their first reunion. <PNT> was cheerfully welcomed by <AGT> at the neighborhood fair.
flv_342,festivals_events,common,core,balanced_shared_predicate,yes,not_normed,shared_occasion,<PRE> and <CTL> remained beside the ceremonial ribbon after organizers announced a short portrait interval before the crowd dispersed. <AGT> carefully photographed <PNT> after the ribbon cutting.,<PRE> and <CTL> remained beside the ceremonial ribbon after organizers announced a short portrait interval before the crowd dispersed. <PNT> was carefully photographed by <AGT> after the ribbon cutting.
flv_343,festivals_events,common,core,balanced_shared_predicate,yes,not_normed,shared_resource,<PRE> and <CTL> reached the relocated hall entrance after discovering that only one legible floor map remained for the autograph table. <AGT> promptly escorted <PNT> to the autograph table.,<PRE> and <CTL> reached the relocated hall entrance after discovering that only one legible floor map remained for the autograph table. <PNT> was promptly escorted by <AGT> to the autograph table.
flv_344,festivals_events,common,core,balanced_shared_predicate,yes,not_normed,shared_trigger,<PRE> and <CTL> watched officials uncover the medals as finalists assembled beside the presentation platform. <AGT> loudly applauded <PNT> during the medal presentation.,<PRE> and <CTL> watched officials uncover the medals as finalists assembled beside the presentation platform. <PNT> was loudly applauded by <AGT> during the medal presentation.
flv_345,festivals_events,common,core,balanced_shared_predicate,yes,not_normed,shared_resource,<PRE> and <CTL> picked matching question cards after organizers opened an attendee conversation station beside the demonstration arena. <AGT> briefly interviewed <PNT> beside the demonstration arena.,<PRE> and <CTL> picked matching question cards after organizers opened an attendee conversation station beside the demonstration arena. <PNT> was briefly interviewed by <AGT> beside the demonstration arena.
flv_346,festivals_events,common,core,balanced_shared_predicate,yes,not_normed,shared_trigger,<PRE> and <CTL> tied the final refuse bags together as the cleanup coordinator announced that the shift was complete. <AGT> sincerely thanked <PNT> after the cleanup shift.,<PRE> and <CTL> tied the final refuse bags together as the cleanup coordinator announced that the shift was complete. <PNT> was sincerely thanked by <AGT> after the cleanup shift.
flv_347,festivals_events,common,core,balanced_shared_predicate,yes,not_normed,shared_followup_need,<PRE> and <CTL> examined matching corridor maps after a temporary partition changed the route between the dressing rooms and stage. <AGT> calmly guided <PNT> through the backstage corridor.,<PRE> and <CTL> examined matching corridor maps after a temporary partition changed the route between the dressing rooms and stage. <PNT> was calmly guided by <AGT> through the backstage corridor.
flv_348,festivals_events,common,core,balanced_shared_predicate,yes,not_normed,shared_goal,<PRE> and <CTL> watched organizers open several unfilled places in the final procession to festival attendees. <AGT> personally invited <PNT> to join the final procession.,<PRE> and <CTL> watched organizers open several unfilled places in the final procession to festival attendees. <PNT> was personally invited by <AGT> to join the final procession.
flv_349,festivals_events,common,core,balanced_shared_predicate,yes,not_normed,shared_preparation,<PRE> and <CTL> curated complementary sections of the founders' archive before a coin toss selected the ceremony's peer tribute leader. <AGT> formally honored <PNT> during the founders' ceremony.,<PRE> and <CTL> curated complementary sections of the founders' archive before a coin toss selected the ceremony's peer tribute leader. <PNT> was formally honored by <AGT> during the founders' ceremony.
flv_350,festivals_events,uncommon,core,balanced_shared_predicate,yes,not_normed,shared_resource,<PRE> and <CTL> discovered identical songbooks on their banquet chairs when the emcee invited guests to share comic material. <AGT> merrily regaled <PNT> with a comic ballad.,<PRE> and <CTL> discovered identical songbooks on their banquet chairs when the emcee invited guests to share comic material. <PNT> was merrily regaled by <AGT> with a comic ballad.
flv_351,communication_coordination,common,core,balanced_shared_predicate,yes,not_normed,shared_trigger,<PRE> and <CTL> submitted separate availability windows before the organizer moved the session and notified one randomly selected contact. <AGT> called <PNT> after the schedule changed.,<PRE> and <CTL> submitted separate availability windows before the organizer moved the session and notified one randomly selected contact. <PNT> was called by <AGT> after the schedule changed.
flv_352,communication_coordination,common,salience_challenge,ctl_last_separate_predicates,no,not_normed,shared_trigger,<PRE> checked one provisional registration portal while <CTL> reviewed another before the system routed a final confirmation to only one terminal. <AGT> promptly emailed <PNT> with the final confirmation.,<PRE> checked one provisional registration portal while <CTL> reviewed another before the system routed a final confirmation to only one terminal. <PNT> was promptly emailed by <AGT> with the final confirmation.
flv_353,communication_coordination,common,core,balanced_shared_predicate,yes,not_normed,shared_preparation,<PRE> and <CTL> moved to opposite ends of the venue to help the tour group prepare for departure. <AGT> quickly texted <PNT> before the group departed.,<PRE> and <CTL> moved to opposite ends of the venue to help the tour group prepare for departure. <PNT> was quickly texted by <AGT> before the group departed.
flv_354,communication_coordination,common,core,balanced_shared_predicate,yes,not_normed,shared_trigger,<PRE> and <CTL> were traveling separately to a workshop whose assigned room had just become unavailable. <AGT> notified <PNT> of the room change.,<PRE> and <CTL> were traveling separately to a workshop whose assigned room had just become unavailable. <PNT> was notified by <AGT> of the room change.
flv_355,communication_coordination,common,core,balanced_shared_predicate,yes,not_normed,shared_trigger,<PRE> and <CTL> submitted separate draft sections before the coordinator moved the deadline and posted notice in only one workspace. <AGT> reminded <PNT> about the submission deadline.,<PRE> and <CTL> submitted separate draft sections before the coordinator moved the deadline and posted notice in only one workspace. <PNT> was reminded by <AGT> about the submission deadline.
flv_356,communication_coordination,common,core,balanced_shared_predicate,yes,not_normed,shared_goal,<PRE> and <CTL> exchanged contact details at a volunteer fair where neighborhood groups were seeking additional perspectives on upcoming community projects. <AGT> invited <PNT> to the planning session.,<PRE> and <CTL> exchanged contact details at a volunteer fair where neighborhood groups were seeking additional perspectives on upcoming community projects. <PNT> was invited by <AGT> to the planning session.
flv_357,communication_coordination,common,core,balanced_shared_predicate,yes,not_normed,shared_followup_need,<PRE> and <CTL> drafted separate call summaries before the team selected one concise version for the project record. <AGT> personally thanked <PNT> for the concise summary.,<PRE> and <CTL> drafted separate call summaries before the team selected one concise version for the project record. <PNT> was personally thanked by <AGT> for the concise summary.
flv_358,communication_coordination,common,core,balanced_shared_predicate,yes,not_normed,shared_trigger,<PRE> and <CTL> arrived separately for the meeting after organizers replaced several room notices shortly before it began. <AGT> discreetly warned <PNT> that two posted notices listed different rooms.,<PRE> and <CTL> arrived separately for the meeting after organizers replaced several room notices shortly before it began. <PNT> was discreetly warned by <AGT> that two posted notices listed different rooms.
flv_359,communication_coordination,common,core,balanced_shared_predicate,yes,not_normed,shared_trigger,<PRE> and <CTL> submitted separate regional notes before the system routed the merged issue packet to one contact ahead of the coordination call. <AGT> thoroughly briefed <PNT> before the coordination call.,<PRE> and <CTL> submitted separate regional notes before the system routed the merged issue packet to one contact ahead of the coordination call. <PNT> was thoroughly briefed by <AGT> before the coordination call.
flv_360,communication_coordination,uncommon,core,balanced_shared_predicate,yes,not_normed,shared_trigger,<PRE> and <CTL> completed the same practice procedure before administrators changed its rules and placed notice in one of two identical update envelopes. <AGT> promptly apprised <PNT> of the revised protocol.,<PRE> and <CTL> completed the same practice procedure before administrators changed its rules and placed notice in one of two identical update envelopes. <PNT> was promptly apprised by <AGT> of the revised protocol.
flv_361,communication_coordination,common,salience_challenge,ctl_last_separate_predicates,no,not_normed,shared_trigger,<PRE> checked one volunteer task list while <CTL> reviewed another before the coordinator sent a late roster revision to only one contact. <AGT> updated <PNT> on the staffing change.,<PRE> checked one volunteer task list while <CTL> reviewed another before the coordinator sent a late roster revision to only one contact. <PNT> was updated by <AGT> on the staffing change.
flv_362,communication_coordination,common,core,balanced_shared_predicate,yes,not_normed,shared_occasion,<PRE> and <CTL> joined the remote meeting early as unfamiliar members from several partner organizations began connecting. <AGT> formally introduced <PNT> at the remote meeting.,<PRE> and <CTL> joined the remote meeting early as unfamiliar members from several partner organizations began connecting. <PNT> was formally introduced by <AGT> at the remote meeting.
flv_363,communication_coordination,common,core,balanced_shared_predicate,yes,not_normed,shared_trigger,<PRE> and <CTL> recognized matching remote-team badges as the annual conference opened for registration at the reception desk. <AGT> warmly greeted <PNT> at the reception desk.,<PRE> and <CTL> recognized matching remote-team badges as the annual conference opened for registration at the reception desk. <PNT> was warmly greeted by <AGT> at the reception desk.
flv_364,communication_coordination,common,core,balanced_shared_predicate,yes,not_normed,shared_trigger,<PRE> and <CTL> reviewed a stalled rollout that might require the team to use its fallback plan. <AGT> privately consulted <PNT> about the fallback plan.,<PRE> and <CTL> reviewed a stalled rollout that might require the team to use its fallback plan. <PNT> was privately consulted by <AGT> about the fallback plan.
flv_365,communication_coordination,common,core,balanced_shared_predicate,yes,not_normed,shared_goal,<PRE> and <CTL> volunteered for the same community event while organizers finalized the remaining gaps in the roster. <AGT> directly contacted <PNT> regarding the volunteer roster.,<PRE> and <CTL> volunteered for the same community event while organizers finalized the remaining gaps in the roster. <PNT> was directly contacted by <AGT> regarding the volunteer roster.
flv_366,communication_coordination,common,core,balanced_shared_predicate,yes,not_normed,shared_trigger,<PRE> and <CTL> had separate travel plans for a public workshop that organizers were considering canceling. <AGT> promptly informed <PNT> of the cancellation.,<PRE> and <CTL> had separate travel plans for a public workshop that organizers were considering canceling. <PNT> was promptly informed by <AGT> of the cancellation.
flv_367,communication_coordination,common,core,balanced_shared_predicate,yes,not_normed,shared_trigger,<PRE> and <CTL> rehearsed the original setup together before coordinators reordered one sequence and attached the revision to only one checklist. <AGT> carefully advised <PNT> about the revised sequence.,<PRE> and <CTL> rehearsed the original setup together before coordinators reordered one sequence and attached the revision to only one checklist. <PNT> was carefully advised by <AGT> about the revised sequence.
flv_368,communication_coordination,common,core,balanced_shared_predicate,yes,not_normed,shared_followup_need,<PRE> and <CTL> encountered several new discrepancies while testing two instruction sheets that prescribed different steps for the same setup. <AGT> repeatedly questioned <PNT> about the conflicting instructions.,<PRE> and <CTL> encountered several new discrepancies while testing two instruction sheets that prescribed different steps for the same setup. <PNT> was repeatedly questioned by <AGT> about the conflicting instructions.
flv_369,communication_coordination,common,core,balanced_shared_predicate,yes,not_normed,shared_occasion,<PRE> and <CTL> attended an oral history workshop where participants would practice recording one another's accounts. <AGT> briefly interviewed <PNT> for the oral history project.,<PRE> and <CTL> attended an oral history workshop where participants would practice recording one another's accounts. <PNT> was briefly interviewed by <AGT> for the oral history project.
flv_370,communication_coordination,uncommon,salience_challenge,pre_last_separate_predicates,no,not_normed,shared_preparation,<CTL> reviewed one page of the weekend staffing grid while <PRE> checked another page of the same grid. <AGT> privately queried <PNT> about weekend availability.,<CTL> reviewed one page of the weekend staffing grid while <PRE> checked another page of the same grid. <PNT> was privately queried by <AGT> about weekend availability.
flv_371,communication_coordination,common,core,balanced_shared_predicate,yes,not_normed,shared_trigger,<PRE> and <CTL> learned that the shuttle delay was official while the dispatcher arranged replacement service from the same stop. <AGT> gently reassured <PNT> after the delay was confirmed.,<PRE> and <CTL> learned that the shuttle delay was official while the dispatcher arranged replacement service from the same stop. <PNT> was gently reassured by <AGT> after the delay was confirmed.
flv_372,communication_coordination,common,core,balanced_shared_predicate,yes,not_normed,shared_preparation,<PRE> and <CTL> prepared opening remarks for separate sessions scheduled at the same conference. <AGT> quietly encouraged <PNT> before the opening presentation.,<PRE> and <CTL> prepared opening remarks for separate sessions scheduled at the same conference. <PNT> was quietly encouraged by <AGT> before the opening presentation.
flv_373,communication_coordination,common,core,balanced_shared_predicate,yes,not_normed,shared_occasion,<PRE> and <CTL> completed consecutive shift transitions during a week when the team was standardizing handoff notes. <AGT> publicly praised <PNT> for the clear handoff.,<PRE> and <CTL> completed consecutive shift transitions during a week when the team was standardizing handoff notes. <PNT> was publicly praised by <AGT> for the clear handoff.
flv_374,communication_coordination,common,core,balanced_shared_predicate,yes,not_normed,shared_preparation,<PRE> and <CTL> took turns practicing the same read-back protocol before the certification exercise began. <AGT> tactfully corrected <PNT> during the read-back exercise.,<PRE> and <CTL> took turns practicing the same read-back protocol before the certification exercise began. <PNT> was tactfully corrected by <AGT> during the read-back exercise.
flv_375,communication_coordination,common,core,balanced_shared_predicate,yes,not_normed,shared_preparation,<PRE> and <CTL> tested matching radios together before the field team's scheduled communications check. <AGT> calmly instructed <PNT> during the radio check.,<PRE> and <CTL> tested matching radios together before the field team's scheduled communications check. <PNT> was calmly instructed by <AGT> during the radio check.
flv_376,communication_coordination,common,core,balanced_shared_predicate,yes,not_normed,shared_trigger,<PRE> and <CTL> were traveling separately to the airport when an operational change affected their departure gate. <AGT> immediately alerted <PNT> to the gate reassignment.,<PRE> and <CTL> were traveling separately to the airport when an operational change affected their departure gate. <PNT> was immediately alerted by <AGT> to the gate reassignment.
flv_377,communication_coordination,common,core,balanced_shared_predicate,yes,not_normed,shared_followup_need,<PRE> and <CTL> chose adjacent volunteer shifts before organizers reported an unresolved handoff gap and directed volunteers to coordinate through the event app. <AGT> later contacted <PNT> through the event app.,<PRE> and <CTL> chose adjacent volunteer shifts before organizers reported an unresolved handoff gap and directed volunteers to coordinate through the event app. <PNT> was later contacted by <AGT> through the event app.
flv_378,communication_coordination,common,core,balanced_shared_predicate,yes,not_normed,shared_trigger,<PRE> and <CTL> prepared separate overnight duties before the team routed the complete escalation packet to one randomly selected rotation contact. <AGT> fully briefed <PNT> on the escalation procedure.,<PRE> and <CTL> prepared separate overnight duties before the team routed the complete escalation packet to one randomly selected rotation contact. <PNT> was fully briefed by <AGT> on the escalation procedure.
flv_379,communication_coordination,common,salience_challenge,pre_last_separate_predicates,no,not_normed,shared_followup_need,<CTL> chaired one partner-group meeting while <PRE> chaired one partner-group meeting as the committee reviewed its cross-organization contact needs. <AGT> formally announced <PNT> as the new liaison.,<CTL> chaired one partner-group meeting while <PRE> chaired one partner-group meeting as the committee reviewed its cross-organization contact needs. <PNT> was formally announced by <AGT> as the new liaison.
flv_380,communication_coordination,uncommon,core,balanced_shared_predicate,yes,not_normed,shared_trigger,<PRE> and <CTL> monitored separate parts of a crowded event as an unresolved logistics problem reached the coordination desk. <AGT> urgently summoned <PNT> to the coordination desk.,<PRE> and <CTL> monitored separate parts of a crowded event as an unresolved logistics problem reached the coordination desk. <PNT> was urgently summoned by <AGT> to the coordination desk.
flv_381,communication_coordination,common,core,balanced_shared_predicate,yes,not_normed,shared_goal,<PRE> and <CTL> compared several open times for a mutually desired discussion later that week. <AGT> privately asked <PNT> about the preferred meeting slot.,<PRE> and <CTL> compared several open times for a mutually desired discussion later that week. <PNT> was privately asked by <AGT> about the preferred meeting slot.
flv_382,communication_coordination,common,core,balanced_shared_predicate,yes,not_normed,shared_preparation,<PRE> and <CTL> each prepared a brief update for the team's scheduled status round. <AGT> gently prompted <PNT> during the status round.,<PRE> and <CTL> each prepared a brief update for the team's scheduled status round. <PNT> was gently prompted by <AGT> during the status round.
flv_383,communication_coordination,common,core,balanced_shared_predicate,yes,not_normed,shared_followup_need,"<PRE> and <CTL> submitted independent staffing audits before the team's scheduled morning review, and one revealed an overlooked weekend assignment. <AGT> publicly recognized <PNT> for identifying the coverage gap after the morning check-in.","<PRE> and <CTL> submitted independent staffing audits before the team's scheduled morning review, and one revealed an overlooked weekend assignment. <PNT> was publicly recognized by <AGT> for identifying the coverage gap after the morning check-in."
flv_384,communication_coordination,common,core,balanced_shared_predicate,yes,not_normed,shared_occasion,<PRE> and <CTL> participated in consecutive handoffs during a demanding week of rotating coverage. <AGT> warmly congratulated <PNT> on the successful handoff.,<PRE> and <CTL> participated in consecutive handoffs during a demanding week of rotating coverage. <PNT> was warmly congratulated by <AGT> on the successful handoff.
flv_385,communication_coordination,common,core,balanced_shared_predicate,yes,not_normed,shared_followup_need,<PRE> and <CTL> contributed comparable ideas during a partnership meeting that required a rotating liaison for the next phase. <AGT> formally nominated <PNT> for the rotating liaison role.,<PRE> and <CTL> contributed comparable ideas during a partnership meeting that required a rotating liaison for the next phase. <PNT> was formally nominated by <AGT> for the rotating liaison role.
flv_386,communication_coordination,common,core,balanced_shared_predicate,yes,not_normed,shared_preparation,<PRE> and <CTL> served as equal forum moderators before sealed rotation cards determined who would coordinate participation in the unresolved follow-up. <AGT> carefully selected <PNT> for the follow-up call.,<PRE> and <CTL> served as equal forum moderators before sealed rotation cards determined who would coordinate participation in the unresolved follow-up. <PNT> was carefully selected by <AGT> for the follow-up call.
flv_387,communication_coordination,common,core,balanced_shared_predicate,yes,not_normed,shared_followup_need,<PRE> and <CTL> compared the team's rotating duties while the next morning check-in remained unassigned. <AGT> assigned <PNT> to the morning check-in.,<PRE> and <CTL> compared the team's rotating duties while the next morning check-in remained unassigned. <PNT> was assigned by <AGT> to the morning check-in.
flv_388,communication_coordination,common,salience_challenge,pre_last_separate_predicates,no,not_normed,shared_preparation,<CTL> signed a delegation consent form while <PRE> signed a delegation consent form before their team's convention portal reached its submission deadline. <AGT> registered <PNT> for the briefing session.,<CTL> signed a delegation consent form while <PRE> signed a delegation consent form before their team's convention portal reached its submission deadline. <PNT> was registered by <AGT> for the briefing session.
flv_389,communication_coordination,common,core,balanced_shared_predicate,yes,not_normed,shared_followup_need,"<PRE> and <CTL> completed identical onboarding forms, shared their availability, and agreed that either could handle the remaining administrative follow-up. <AGT> scheduled <PNT> for the orientation call.","<PRE> and <CTL> completed identical onboarding forms, shared their availability, and agreed that either could handle the remaining administrative follow-up. <PNT> was scheduled by <AGT> for the orientation call."
flv_390,communication_coordination,uncommon,core,balanced_shared_predicate,yes,not_normed,shared_occasion,<PRE> and <CTL> took turns handling difficult questions during a tense public forum earlier that afternoon. <AGT> sincerely commended <PNT> for the measured response.,<PRE> and <CTL> took turns handling difficult questions during a tense public forum earlier that afternoon. <PNT> was sincerely commended by <AGT> for the measured response.
flv_391,communication_coordination,common,core,balanced_shared_predicate,yes,not_normed,shared_trigger,<PRE> and <CTL> searched the project workspace after a discussion split across several similarly named message threads. <AGT> promptly redirected <PNT> to the correct message thread.,<PRE> and <CTL> searched the project workspace after a discussion split across several similarly named message threads. <PNT> was promptly redirected by <AGT> to the correct message thread.
flv_392,communication_coordination,common,core,balanced_shared_predicate,yes,not_normed,shared_resource,<PRE> and <CTL> prepared separate agenda notes before the council met in closed session and sent one approved summary to their shared office. <AGT> privately briefed <PNT> after the council meeting.,<PRE> and <CTL> prepared separate agenda notes before the council met in closed session and sent one approved summary to their shared office. <PNT> was privately briefed by <AGT> after the council meeting.
flv_393,communication_coordination,common,core,balanced_shared_predicate,yes,not_normed,shared_occasion,<PRE> and <CTL> prepared questions together as members of the same panel before the closing discussion. <AGT> directly addressed <PNT> during the closing question period.,<PRE> and <CTL> prepared questions together as members of the same panel before the closing discussion. <PNT> was directly addressed by <AGT> during the closing question period.
flv_394,communication_coordination,common,core,balanced_shared_predicate,yes,not_normed,shared_preparation,<PRE> and <CTL> practiced alternate sections of a new handoff script before the team adopted it. <AGT> patiently coached <PNT> through the handoff script.,<PRE> and <CTL> practiced alternate sections of a new handoff script before the team adopted it. <PNT> was patiently coached by <AGT> through the handoff script.
flv_395,communication_coordination,common,core,balanced_shared_predicate,yes,not_normed,shared_preparation,<PRE> and <CTL> rehearsed adjacent parts of the opening program before the audience entered the hall. <AGT> subtly cued <PNT> before the opening statement.,<PRE> and <CTL> rehearsed adjacent parts of the opening program before the audience entered the hall. <PNT> was subtly cued by <AGT> before the opening statement.
flv_396,communication_coordination,common,core,balanced_shared_predicate,yes,not_normed,shared_followup_need,<PRE> and <CTL> joined a difficult conference call that raised several issues requiring private follow-up. <AGT> privately debriefed <PNT> after the conference call.,<PRE> and <CTL> joined a difficult conference call that raised several issues requiring private follow-up. <PNT> was privately debriefed by <AGT> after the conference call.
flv_397,communication_coordination,common,core,balanced_shared_predicate,yes,not_normed,shared_trigger,<PRE> and <CTL> reviewed the overnight coverage plan together after the usual contact became unavailable. <AGT> officially designated <PNT> as the overnight contact.,<PRE> and <CTL> reviewed the overnight coverage plan together after the usual contact became unavailable. <PNT> was officially designated by <AGT> as the overnight contact.
flv_398,communication_coordination,common,core,balanced_shared_predicate,yes,not_normed,shared_preparation,<PRE> and <CTL> jointly checked the final update against the publication checklist before its planned release. <AGT> explicitly authorized <PNT> to release the update.,<PRE> and <CTL> jointly checked the final update against the publication checklist before its planned release. <PNT> was explicitly authorized by <AGT> to release the update.
flv_399,communication_coordination,common,core,balanced_shared_predicate,yes,not_normed,shared_followup_need,<PRE> and <CTL> agreed that either could trim attendance after their preliminary meetings clarified who was needed for the last coordination call. <AGT> politely excused <PNT> from the final call.,<PRE> and <CTL> agreed that either could trim attendance after their preliminary meetings clarified who was needed for the last coordination call. <PNT> was politely excused by <AGT> from the final call.
flv_400,communication_coordination,uncommon,core,balanced_shared_predicate,yes,not_normed,shared_trigger,<PRE> and <CTL> reviewed a strained meeting recording after automated timestamps showed that one speaker had frequently broken the agreed turn order. <AGT> privately admonished <PNT> for the repeated interruptions.,<PRE> and <CTL> reviewed a strained meeting recording after automated timestamps showed that one speaker had frequently broken the agreed turn order. <PNT> was privately admonished by <AGT> for the repeated interruptions.
flv_401,museums_libraries,common,core,balanced_shared_predicate,yes,not_normed,shared_followup_need,"After the admissions desk reopened, <PRE> and <CTL> approached together to have their newly issued entry passes checked. <AGT> warmly greeted <PNT> beside the admissions desk.","After the admissions desk reopened, <PRE> and <CTL> approached together to have their newly issued entry passes checked. <PNT> was warmly greeted by <AGT> beside the admissions desk."
flv_402,museums_libraries,common,salience_challenge,ctl_last_separate_predicates,no,not_normed,shared_resource,"Before the sculpture wing opened, <PRE> traced one marked route on a matching visitor map, while <CTL> traced another marked route on a matching visitor map. <AGT> calmly guided <PNT> through the sculpture wing.","Before the sculpture wing opened, <PRE> traced one marked route on a matching visitor map, while <CTL> traced another marked route on a matching visitor map. <PNT> was calmly guided by <AGT> through the sculpture wing."
flv_403,museums_libraries,common,core,balanced_shared_predicate,yes,not_normed,shared_preparation,"For a commemorative portrait, <PRE> and <CTL> checked the gallery camera's timer before the exhibition opened to visitors. <AGT> carefully photographed <PNT> beside the new installation.","For a commemorative portrait, <PRE> and <CTL> checked the gallery camera's timer before the exhibition opened to visitors. <PNT> was carefully photographed by <AGT> beside the new installation."
flv_404,museums_libraries,common,core,balanced_shared_predicate,yes,not_normed,shared_goal,"For the community museum archive, <PRE> and <CTL> agreed to contribute one recorded conversation about the neighborhood's changing waterfront. <AGT> privately interviewed <PNT> for the oral-history archive.","For the community museum archive, <PRE> and <CTL> agreed to contribute one recorded conversation about the neighborhood's changing waterfront. <PNT> was privately interviewed by <AGT> for the oral-history archive."
flv_405,museums_libraries,common,core,balanced_shared_predicate,yes,not_normed,shared_resource,"After the library replaced its search interface, <PRE> and <CTL> opened the unfamiliar catalog to locate sources for a shared project. <AGT> patiently assisted <PNT> with the catalog search.","After the library replaced its search interface, <PRE> and <CTL> opened the unfamiliar catalog to locate sources for a shared project. <PNT> was patiently assisted by <AGT> with the catalog search."
flv_406,museums_libraries,common,core,balanced_shared_predicate,yes,not_normed,shared_resource,"At a corridor junction, <PRE> and <CTL> scanned a newly illuminated directory that marked the reading room entrance. <AGT> quietly escorted <PNT> to the reading room.","At a corridor junction, <PRE> and <CTL> scanned a newly illuminated directory that marked the reading room entrance. <PNT> was quietly escorted by <AGT> to the reading room."
flv_407,museums_libraries,common,core,balanced_shared_predicate,yes,not_normed,shared_occasion,"Before the evening program, <PRE> and <CTL> drew matching backstage passes after the organizer assigned them the first shared lectern slot. <AGT> formally introduced <PNT> before the curator talk.","Before the evening program, <PRE> and <CTL> drew matching backstage passes after the organizer assigned them the first shared lectern slot. <PNT> was formally introduced by <AGT> before the curator talk."
flv_408,museums_libraries,common,core,balanced_shared_predicate,yes,not_normed,shared_followup_need,"After checking the completed collection tally, <PRE> and <CTL> sealed the final donation box as the library book drive closed. <AGT> sincerely thanked <PNT> after the book drive.","After checking the completed collection tally, <PRE> and <CTL> sealed the final donation box as the library book drive closed. <PNT> was sincerely thanked by <AGT> after the book drive."
flv_409,museums_libraries,common,core,balanced_shared_predicate,yes,not_normed,shared_trigger,"When an extra preview pass became available, <PRE> and <CTL> checked the exhibition schedule against their shared free evening. <AGT> personally invited <PNT> to the exhibit preview.","When an extra preview pass became available, <PRE> and <CTL> checked the exhibition schedule against their shared free evening. <PNT> was personally invited by <AGT> to the exhibit preview."
flv_410,museums_libraries,uncommon,core,balanced_shared_predicate,yes,not_normed,shared_followup_need,"Before finalizing their accession paperwork, <PRE> and <CTL> awaited an updated processing date after the museum reported a backlog. <AGT> promptly apprised <PNT> of the accession delay.","Before finalizing their accession paperwork, <PRE> and <CTL> awaited an updated processing date after the museum reported a backlog. <PNT> was promptly apprised by <AGT> of the accession delay."
flv_411,museums_libraries,common,salience_challenge,ctl_last_separate_predicates,no,not_normed,shared_preparation,"<PRE> summarized one provenance source for the joint map discussion, while <CTL> summarized another provenance source for the same discussion. <AGT> thoroughly briefed <PNT> on the rare map's provenance.","<PRE> summarized one provenance source for the joint map discussion, while <CTL> summarized another provenance source for the same discussion. <PNT> was thoroughly briefed by <AGT> on the rare map's provenance."
flv_412,museums_libraries,common,core,balanced_shared_predicate,yes,not_normed,shared_preparation,"For their newspaper search, <PRE> and <CTL> opened the reader's illustrated quick-start guide beside the selected film reel. <AGT> patiently instructed <PNT> on the microfilm reader.","For their newspaper search, <PRE> and <CTL> opened the reader's illustrated quick-start guide beside the selected film reel. <PNT> was patiently instructed by <AGT> on the microfilm reader."
flv_413,museums_libraries,common,core,balanced_shared_predicate,yes,not_normed,shared_trigger,"For the public lecture's volunteer rehearsal, <PRE> and <CTL> drew concealed host and guest cards beside the reserved row. <AGT> politely seated <PNT> before the public lecture.","For the public lecture's volunteer rehearsal, <PRE> and <CTL> drew concealed host and guest cards beside the reserved row. <PNT> was politely seated by <AGT> before the public lecture."
flv_414,museums_libraries,common,core,balanced_shared_predicate,yes,not_normed,shared_followup_need,"Before following their planned museum route, <PRE> and <CTL> waited for the electronic board to confirm which galleries remained open. <AGT> promptly notified <PNT> of the gallery closure.","Before following their planned museum route, <PRE> and <CTL> waited for the electronic board to confirm which galleries remained open. <PNT> was promptly notified by <AGT> of the gallery closure."
flv_415,museums_libraries,common,core,balanced_shared_predicate,yes,not_normed,shared_preparation,"After choosing the same archive workshop, <PRE> and <CTL> opened its enrollment page before the limited orientation places were released. <AGT> efficiently registered <PNT> for the archive orientation.","After choosing the same archive workshop, <PRE> and <CTL> opened its enrollment page before the limited orientation places were released. <PNT> was efficiently registered by <AGT> for the archive orientation."
flv_416,museums_libraries,common,core,balanced_shared_predicate,yes,not_normed,shared_preparation,"Before the special exhibition opened, <PRE> and <CTL> drew sealed host and visitor badges for the staff rehearsal. <AGT> warmly welcomed <PNT> to the special exhibition.","Before the special exhibition opened, <PRE> and <CTL> drew sealed host and visitor badges for the staff rehearsal. <PNT> was warmly welcomed by <AGT> to the special exhibition."
flv_417,museums_libraries,common,core,balanced_shared_predicate,yes,not_normed,shared_followup_need,"Carrying rain covers from the entrance, <PRE> and <CTL> stopped where renovation panels obscured the museum's coatroom sign. <AGT> courteously directed <PNT> toward the coatroom.","Carrying rain covers from the entrance, <PRE> and <CTL> stopped where renovation panels obscured the museum's coatroom sign. <PNT> was courteously directed by <AGT> toward the coatroom."
flv_418,museums_libraries,common,core,balanced_shared_predicate,yes,not_normed,shared_resource,"While planning the coming week, <PRE> and <CTL> checked their shared project calendar beside a volume borrowed for joint research. <AGT> gently reminded <PNT> about the loan return date.","While planning the coming week, <PRE> and <CTL> checked their shared project calendar beside a volume borrowed for joint research. <PNT> was gently reminded by <AGT> about the loan return date."
flv_419,museums_libraries,common,core,balanced_shared_predicate,yes,not_normed,shared_preparation,"Before their genealogy appointment, <PRE> and <CTL> marked two unresolved family links in the same packet of records. <AGT> privately consulted <PNT> about the genealogy records.","Before their genealogy appointment, <PRE> and <CTL> marked two unresolved family links in the same packet of records. <PNT> was privately consulted by <AGT> about the genealogy records."
flv_420,museums_libraries,uncommon,salience_challenge,ctl_last_separate_predicates,no,not_normed,shared_trigger,"For a volunteer-ceremony rehearsal, <PRE> opened one sealed role card from an officiant-recruit pair, while <CTL> opened the other sealed role card from the same pair. <AGT> formally inducted <PNT> into the museum volunteer corps.","For a volunteer-ceremony rehearsal, <PRE> opened one sealed role card from an officiant-recruit pair, while <CTL> opened the other sealed role card from the same pair. <PNT> was formally inducted by <AGT> into the museum volunteer corps."
flv_421,museums_libraries,common,core,balanced_shared_predicate,yes,not_normed,shared_resource,"Before installation, <PRE> and <CTL> received one sealed revision packet after the approved exhibit layout changed overnight. <AGT> clearly briefed <PNT> on the exhibit layout.","Before installation, <PRE> and <CTL> received one sealed revision packet after the approved exhibit layout changed overnight. <PNT> was clearly briefed by <AGT> on the exhibit layout."
flv_422,museums_libraries,common,core,balanced_shared_predicate,yes,not_normed,shared_occasion,"When the manuscript gallery opened, <PRE> and <CTL> presented matching viewing passes at the entrance for their reserved visit. <AGT> quietly accompanied <PNT> through the manuscript gallery.","When the manuscript gallery opened, <PRE> and <CTL> presented matching viewing passes at the entrance for their reserved visit. <PNT> was quietly accompanied by <AGT> through the manuscript gallery."
flv_423,museums_libraries,common,core,balanced_shared_predicate,yes,not_normed,shared_followup_need,"After the archive requested fuller source details, <PRE> and <CTL> opened the same citation form for their jointly written article. <AGT> patiently helped <PNT> with the citation request.","After the archive requested fuller source details, <PRE> and <CTL> opened the same citation form for their jointly written article. <PNT> was patiently helped by <AGT> with the citation request."
flv_424,museums_libraries,common,core,balanced_shared_predicate,yes,not_normed,shared_followup_need,"After placing a joint hold, <PRE> and <CTL> agreed to coordinate pickup once the reserved volume's status changed. <AGT> promptly called <PNT> about the reserved volume.","After placing a joint hold, <PRE> and <CTL> agreed to coordinate pickup once the reserved volume's status changed. <PNT> was promptly called by <AGT> about the reserved volume."
flv_425,museums_libraries,common,core,balanced_shared_predicate,yes,not_normed,shared_followup_need,"Before a shared research deadline, <PRE> and <CTL> awaited the archive's release notice for a jointly requested scan. <AGT> promptly emailed <PNT> about the available scan.","Before a shared research deadline, <PRE> and <CTL> awaited the archive's release notice for a jointly requested scan. <PNT> was promptly emailed by <AGT> about the available scan."
flv_426,museums_libraries,common,core,balanced_shared_predicate,yes,not_normed,shared_preparation,"Before the donor reception began, <PRE> and <CTL> prepared brief remarks about their completed community acquisition project. <AGT> publicly recognized <PNT> at the donor reception.","Before the donor reception began, <PRE> and <CTL> prepared brief remarks about their completed community acquisition project. <PNT> was publicly recognized by <AGT> at the donor reception."
flv_427,museums_libraries,common,core,balanced_shared_predicate,yes,not_normed,shared_occasion,"<PRE> and <CTL> agreed to alternate as hosts for the centennial celebration, where the museum committee planned to reveal several annual awards. <AGT> formally honored <PNT> with the annual service award.","<PRE> and <CTL> agreed to alternate as hosts for the centennial celebration, where the museum committee planned to reveal several annual awards. <PNT> was formally honored by <AGT> with the annual service award."
flv_428,museums_libraries,common,core,balanced_shared_predicate,yes,not_normed,shared_trigger,"While reviewing the artifact loan packet, <PRE> and <CTL> found that the required condition report was missing. <AGT> carefully questioned <PNT> about the artifact loan.","While reviewing the artifact loan packet, <PRE> and <CTL> found that the required condition report was missing. <PNT> was carefully questioned by <AGT> about the artifact loan."
flv_429,museums_libraries,common,salience_challenge,pre_last_separate_predicates,no,not_normed,shared_resource,"<CTL> reviewed one peer-monitor checklist for a handling drill, while <PRE> reviewed another identical checklist for the same special-collections drill. <AGT> discreetly supervised <PNT> in the special-collections room.","<CTL> reviewed one peer-monitor checklist for a handling drill, while <PRE> reviewed another identical checklist for the same special-collections drill. <PNT> was discreetly supervised by <AGT> in the special-collections room."
flv_430,museums_libraries,uncommon,core,balanced_shared_predicate,yes,not_normed,shared_trigger,"For the print room's volunteer rehearsal, <PRE> and <CTL> drew sealed room-attendant and visitor cards beside the unlocked entrance. <AGT> quietly ushered <PNT> into the print study room.","For the print room's volunteer rehearsal, <PRE> and <CTL> drew sealed room-attendant and visitor cards beside the unlocked entrance. <PNT> was quietly ushered by <AGT> into the print study room."
flv_431,museums_libraries,common,core,balanced_shared_predicate,yes,not_normed,shared_resource,"After receiving inconsistent results, <PRE> and <CTL> reopened the database query builder for their shared bibliography search. <AGT> carefully advised <PNT> on the database search.","After receiving inconsistent results, <PRE> and <CTL> reopened the database query builder for their shared bibliography search. <PNT> was carefully advised by <AGT> on the database search."
flv_432,museums_libraries,common,core,balanced_shared_predicate,yes,not_normed,shared_trigger,"While planning another museum visit, <PRE> and <CTL> saw that their shared membership renewal remained pending after payment. <AGT> kindly reassured <PNT> about the membership renewal.","While planning another museum visit, <PRE> and <CTL> saw that their shared membership renewal remained pending after payment. <PNT> was kindly reassured by <AGT> about the membership renewal."
flv_433,museums_libraries,common,core,balanced_shared_predicate,yes,not_normed,shared_followup_need,"After the final review passed, <PRE> and <CTL> submitted their shared research files for inclusion in the completed project folder. <AGT> warmly congratulated <PNT> on the completed research.","After the final review passed, <PRE> and <CTL> submitted their shared research files for inclusion in the completed project folder. <PNT> was warmly congratulated by <AGT> on the completed research."
flv_434,museums_libraries,common,core,balanced_shared_predicate,yes,not_normed,shared_resource,"For their joint materials request, <PRE> and <CTL> received equal access to a portable paging console in separate work areas. <AGT> promptly paged <PNT> when the materials were ready.","For their joint materials request, <PRE> and <CTL> received equal access to a portable paging console in separate work areas. <PNT> was promptly paged by <AGT> when the materials were ready."
flv_435,museums_libraries,common,core,balanced_shared_predicate,yes,not_normed,shared_trigger,"While <PRE> and <CTL> reviewed fragile materials in a quiet archive workroom, a new evacuation notice appeared at the distant desk. <AGT> quietly alerted <PNT> before the safety drill.","While <PRE> and <CTL> reviewed fragile materials in a quiet archive workroom, a new evacuation notice appeared at the distant desk. <PNT> was quietly alerted by <AGT> before the safety drill."
flv_436,museums_libraries,common,core,balanced_shared_predicate,yes,not_normed,shared_resource,"For the preservation workshop, <PRE> and <CTL> began a practice round with duplicate facsimiles and one shared instruction card. <AGT> patiently coached <PNT> during the facsimile exercise.","For the preservation workshop, <PRE> and <CTL> began a practice round with duplicate facsimiles and one shared instruction card. <PNT> was patiently coached by <AGT> during the facsimile exercise."
flv_437,museums_libraries,common,core,balanced_shared_predicate,yes,not_normed,shared_goal,"During a difficult transcription session, <PRE> and <CTL> marked uncertain words in the same damaged passage for later comparison. <AGT> warmly encouraged <PNT> during the transcription session.","During a difficult transcription session, <PRE> and <CTL> marked uncertain words in the same damaged passage for later comparison. <PNT> was warmly encouraged by <AGT> during the transcription session."
flv_438,museums_libraries,common,salience_challenge,pre_last_separate_predicates,no,not_normed,shared_preparation,"Before the handling exercise, <CTL> inspected one matched replica folio, while <PRE> inspected another matched replica folio. <AGT> discreetly observed <PNT> during the handling exercise.","Before the handling exercise, <CTL> inspected one matched replica folio, while <PRE> inspected another matched replica folio. <PNT> was discreetly observed by <AGT> during the handling exercise."
flv_439,museums_libraries,common,core,balanced_shared_predicate,yes,not_normed,shared_preparation,"Before their reciprocal docent practice turns, <PRE> and <CTL> reviewed the same scoring sheet beside the presentation area. <AGT> fairly evaluated <PNT> during the docent practice.","Before their reciprocal docent practice turns, <PRE> and <CTL> reviewed the same scoring sheet beside the presentation area. <PNT> was fairly evaluated by <AGT> during the docent practice."
flv_440,museums_libraries,uncommon,core,balanced_shared_predicate,yes,not_normed,shared_occasion,"At the restoration corridor gate, <PRE> and <CTL> received matching visitor badges for a scheduled studio walkthrough. <AGT> quietly escorted <PNT> through the restoration studio.","At the restoration corridor gate, <PRE> and <CTL> received matching visitor badges for a scheduled studio walkthrough. <PNT> was quietly escorted by <AGT> through the restoration studio."
flv_441,museums_libraries,common,core,balanced_shared_predicate,yes,not_normed,shared_followup_need,"After returning the display pointer, <PRE> and <CTL> checked the audience feedback cards from their completed joint gallery presentation. <AGT> sincerely praised <PNT> after the gallery presentation.","After returning the display pointer, <PRE> and <CTL> checked the audience feedback cards from their completed joint gallery presentation. <PNT> was sincerely praised by <AGT> after the gallery presentation."
flv_442,museums_libraries,common,core,balanced_shared_predicate,yes,not_normed,shared_resource,"During cataloging practice, <PRE> and <CTL> compared the validation warnings after entering parallel sample records. <AGT> gently corrected <PNT> during the cataloging exercise.","During cataloging practice, <PRE> and <CTL> compared the validation warnings after entering parallel sample records. <PNT> was gently corrected by <AGT> during the cataloging exercise."
flv_443,museums_libraries,common,core,balanced_shared_predicate,yes,not_normed,shared_resource,"Before publishing a joint exhibit guide, <PRE> and <CTL> opened the reproduction policy after selecting two archive images. <AGT> clearly advised <PNT> about the reproduction policy.","Before publishing a joint exhibit guide, <PRE> and <CTL> opened the reproduction policy after selecting two archive images. <PNT> was clearly advised by <AGT> about the reproduction policy."
flv_444,museums_libraries,common,core,balanced_shared_predicate,yes,not_normed,shared_preparation,"Before the label review, <PRE> and <CTL> marked two unclear phrases in the same exhibition draft. <AGT> privately consulted <PNT> about the label wording.","Before the label review, <PRE> and <CTL> marked two unclear phrases in the same exhibition draft. <PNT> was privately consulted by <AGT> about the label wording."
flv_445,museums_libraries,common,core,balanced_shared_predicate,yes,not_normed,shared_preparation,"For an upcoming local-history program, <PRE> and <CTL> prepared matching question cards from the same reading packet. <AGT> informally quizzed <PNT> on the local-history material.","For an upcoming local-history program, <PRE> and <CTL> prepared matching question cards from the same reading packet. <PNT> was informally quizzed by <AGT> on the local-history material."
flv_446,museums_libraries,common,core,balanced_shared_predicate,yes,not_normed,shared_preparation,"Before recording the audio guide, <PRE> and <CTL> marked pauses on a shared script after taking alternating test turns. <AGT> gently prompted <PNT> during the audio-guide recording.","Before recording the audio guide, <PRE> and <CTL> marked pauses on a shared script after taking alternating test turns. <PNT> was gently prompted by <AGT> during the audio-guide recording."
flv_447,museums_libraries,common,core,balanced_shared_predicate,yes,not_normed,shared_trigger,"After nominations opened, <PRE> and <CTL> reviewed the volunteer award criteria against the completed year's service record. <AGT> formally nominated <PNT> for the volunteer award.","After nominations opened, <PRE> and <CTL> reviewed the volunteer award criteria against the completed year's service record. <PNT> was formally nominated by <AGT> for the volunteer award."
flv_448,museums_libraries,common,core,balanced_shared_predicate,yes,not_normed,shared_followup_need,<PRE> and <CTL> served as equal co-directors under a charter allowing either one to make administrative designations when the archive requested a project liaison. <AGT> officially appointed <PNT> as the archive liaison.,<PRE> and <CTL> served as equal co-directors under a charter allowing either one to make administrative designations when the archive requested a project liaison. <PNT> was officially appointed by <AGT> as the archive liaison.
flv_449,museums_libraries,common,core,balanced_shared_predicate,yes,not_normed,shared_preparation,"Before the exhibition notes deadline, <PRE> and <CTL> opened the contributor list after assembling source materials for review. <AGT> gratefully acknowledged <PNT> in the exhibition notes.","Before the exhibition notes deadline, <PRE> and <CTL> opened the contributor list after assembling source materials for review. <PNT> was gratefully acknowledged by <AGT> in the exhibition notes."
flv_450,museums_libraries,uncommon,core,balanced_shared_predicate,yes,not_normed,shared_followup_need,"After finishing the index, <PRE> and <CTL> resolved the final cross-reference discrepancy during a reciprocal audit. <AGT> formally commended <PNT> for meticulous indexing.","After finishing the index, <PRE> and <CTL> resolved the final cross-reference discrepancy during a reciprocal audit. <PNT> was formally commended by <AGT> for meticulous indexing."
flv_451,transit_civic,common,core,balanced_shared_predicate,yes,not_normed,shared_preparation,<PRE> and <CTL> confirmed that their first in-person meeting would begin beside the central tram terminus information board. <AGT> warmly welcomed <PNT> at the central tram terminus.,<PRE> and <CTL> confirmed that their first in-person meeting would begin beside the central tram terminus information board. <PNT> was warmly welcomed by <AGT> at the central tram terminus.
flv_452,transit_civic,common,salience_challenge,ctl_last_separate_predicates,no,not_normed,shared_preparation,"<PRE> traced one marked transfer route on the interchange diagram, while <CTL> traced another marked transfer route on the same diagram. <AGT> patiently guided <PNT> through the underground interchange.","<PRE> traced one marked transfer route on the interchange diagram, while <CTL> traced another marked transfer route on the same diagram. <PNT> was patiently guided by <AGT> through the underground interchange."
flv_453,transit_civic,common,core,balanced_shared_predicate,yes,not_normed,shared_goal,<PRE> and <CTL> chose the civic fountain as the setting for a new portrait needed by the neighborhood newsletter. <AGT> carefully photographed <PNT> beside the civic fountain.,<PRE> and <CTL> chose the civic fountain as the setting for a new portrait needed by the neighborhood newsletter. <PNT> was carefully photographed by <AGT> beside the civic fountain.
flv_454,transit_civic,common,core,balanced_shared_predicate,yes,not_normed,shared_followup_need,"<PRE> and <CTL> finished the neighborhood cleanup together, then returned the last borrowed tools to the supply table. <AGT> sincerely thanked <PNT> after the neighborhood cleanup.","<PRE> and <CTL> finished the neighborhood cleanup together, then returned the last borrowed tools to the supply table. <PNT> was sincerely thanked by <AGT> after the neighborhood cleanup."
flv_455,transit_civic,common,core,balanced_shared_predicate,yes,not_normed,shared_trigger,"After a platform closure, <PRE> and <CTL> reached the replacement shuttle together as its driver unfolded an unusually steep temporary ramp. <AGT> readily assisted <PNT> onto the replacement shuttle.","After a platform closure, <PRE> and <CTL> reached the replacement shuttle together as its driver unfolded an unusually steep temporary ramp. <PNT> was readily assisted by <AGT> onto the replacement shuttle."
flv_456,transit_civic,common,core,balanced_shared_predicate,yes,not_normed,shared_trigger,<PRE> and <CTL> discovered that track work had moved their northbound service away from its usual platform. <AGT> calmly directed <PNT> toward the northbound platform.,<PRE> and <CTL> discovered that track work had moved their northbound service away from its usual platform. <PNT> was calmly directed by <AGT> toward the northbound platform.
flv_457,transit_civic,common,core,balanced_shared_predicate,yes,not_normed,shared_preparation,<PRE> and <CTL> learned that their scheduled council session would use a room beyond the main lobby. <AGT> quietly escorted <PNT> across the council lobby.,<PRE> and <CTL> learned that their scheduled council session would use a room beyond the main lobby. <PNT> was quietly escorted by <AGT> across the council lobby.
flv_458,transit_civic,common,core,balanced_shared_predicate,yes,not_normed,shared_occasion,<PRE> and <CTL> arrived outside the permit office for adjacent appointments scheduled at the same time. <AGT> briefly greeted <PNT> outside the permit office.,<PRE> and <CTL> arrived outside the permit office for adjacent appointments scheduled at the same time. <PNT> was briefly greeted by <AGT> outside the permit office.
flv_459,transit_civic,common,core,balanced_shared_predicate,yes,not_normed,shared_trigger,"After the moderator was delayed, <PRE> and <CTL> accepted equal opening duties and waited beside the stage manager's lectern. <AGT> formally introduced <PNT> during the transit forum.","After the moderator was delayed, <PRE> and <CTL> accepted equal opening duties and waited beside the stage manager's lectern. <PNT> was formally introduced by <AGT> during the transit forum."
flv_460,transit_civic,uncommon,core,balanced_shared_predicate,yes,not_normed,shared_goal,<PRE> and <CTL> found that their connecting train departed beyond the station footbridge in less than ten minutes. <AGT> quietly accompanied <PNT> along the station footbridge.,<PRE> and <CTL> found that their connecting train departed beyond the station footbridge in less than ten minutes. <PNT> was quietly accompanied by <AGT> along the station footbridge.
flv_461,transit_civic,common,salience_challenge,ctl_last_separate_predicates,no,not_normed,shared_trigger,"<PRE> approached the marked crossing while reading a folded notice, as <CTL> approached the same crossing while reading an identical notice. <AGT> promptly warned <PNT> that the crossing signal was about to change.","<PRE> approached the marked crossing while reading a folded notice, as <CTL> approached the same crossing while reading an identical notice. <PNT> was promptly warned by <AGT> that the crossing signal was about to change."
flv_462,transit_civic,common,core,balanced_shared_predicate,yes,not_normed,shared_preparation,<PRE> and <CTL> agreed to compare their draft comments before the public submission window closed that evening. <AGT> gently reminded <PNT> about the public-comment deadline.,<PRE> and <CTL> agreed to compare their draft comments before the public submission window closed that evening. <PNT> was gently reminded by <AGT> about the public-comment deadline.
flv_463,transit_civic,common,core,balanced_shared_predicate,yes,not_normed,shared_occasion,<PRE> and <CTL> discussed attending more neighborhood meetings after the council published its upcoming zoning agenda. <AGT> personally invited <PNT> to the zoning hearing.,<PRE> and <CTL> discussed attending more neighborhood meetings after the council published its upcoming zoning agenda. <PNT> was personally invited by <AGT> to the zoning hearing.
flv_464,transit_civic,common,core,balanced_shared_predicate,yes,not_normed,shared_trigger,"Before a rider-survey rehearsal, <PRE> and <CTL> drew sealed interviewer and respondent cards after reviewing the same blank questionnaire. <AGT> briefly questioned <PNT> during the rider survey.","Before a rider-survey rehearsal, <PRE> and <CTL> drew sealed interviewer and respondent cards after reviewing the same blank questionnaire. <PNT> was briefly questioned by <AGT> during the rider survey."
flv_465,transit_civic,common,core,balanced_shared_predicate,yes,not_normed,shared_followup_need,<PRE> and <CTL> signed up for a recorded conversation about how residents experienced the council meeting. <AGT> briefly interviewed <PNT> after the council meeting.,<PRE> and <CTL> signed up for a recorded conversation about how residents experienced the council meeting. <PNT> was briefly interviewed by <AGT> after the council meeting.
flv_466,transit_civic,common,core,balanced_shared_predicate,yes,not_normed,shared_preparation,<PRE> and <CTL> collected identical drill packets describing unfamiliar evacuation changes before the morning exercise. <AGT> thoroughly briefed <PNT> before the emergency drill.,<PRE> and <CTL> collected identical drill packets describing unfamiliar evacuation changes before the morning exercise. <PNT> was thoroughly briefed by <AGT> before the emergency drill.
flv_467,transit_civic,common,core,balanced_shared_predicate,yes,not_normed,shared_followup_need,<PRE> and <CTL> planned an upstairs visit after hearing that building access might change during maintenance. <AGT> promptly notified <PNT> about the elevator closure.,<PRE> and <CTL> planned an upstairs visit after hearing that building access might change during maintenance. <PNT> was promptly notified by <AGT> about the elevator closure.
flv_468,transit_civic,common,core,balanced_shared_predicate,yes,not_normed,shared_followup_need,<PRE> and <CTL> agreed to exchange any official election updates released after the municipal review session. <AGT> privately informed <PNT> about the ballot recount.,<PRE> and <CTL> agreed to exchange any official election updates released after the municipal review session. <PNT> was privately informed by <AGT> about the ballot recount.
flv_469,transit_civic,common,core,balanced_shared_predicate,yes,not_normed,shared_followup_need,"During the scheduled bus-lane review, <PRE> and <CTL> received an unresolved access complaint requiring a response before the next agenda item. <AGT> directly consulted <PNT> during the bus-lane review.","During the scheduled bus-lane review, <PRE> and <CTL> received an unresolved access complaint requiring a response before the next agenda item. <PNT> was directly consulted by <AGT> during the bus-lane review."
flv_470,transit_civic,uncommon,salience_challenge,pre_last_separate_predicates,no,not_normed,shared_followup_need,"Using identical service alerts, <CTL> logged one notice that detour details were pending, while <PRE> logged another notice that detour details were pending. <AGT> promptly apprised <PNT> of the revised detour.","Using identical service alerts, <CTL> logged one notice that detour details were pending, while <PRE> logged another notice that detour details were pending. <PNT> was promptly apprised by <AGT> of the revised detour."
flv_471,transit_civic,common,core,balanced_shared_predicate,yes,not_normed,shared_preparation,<PRE> and <CTL> arrived at the voter registration table with identical unsigned forms and matching proof-of-address checklists. <AGT> patiently helped <PNT> at the voter registration table.,<PRE> and <CTL> arrived at the voter registration table with identical unsigned forms and matching proof-of-address checklists. <PNT> was patiently helped by <AGT> at the voter registration table.
flv_472,transit_civic,common,core,balanced_shared_predicate,yes,not_normed,shared_trigger,"For a reduced-fare enrollment drill, <PRE> and <CTL> drew sealed clerk and applicant cards after reviewing the same eligibility checklist. <AGT> successfully registered <PNT> for the reduced-fare program.","For a reduced-fare enrollment drill, <PRE> and <CTL> drew sealed clerk and applicant cards after reviewing the same eligibility checklist. <PNT> was successfully registered by <AGT> for the reduced-fare program."
flv_473,transit_civic,common,core,balanced_shared_predicate,yes,not_normed,shared_preparation,"During courthouse cross-training, <PRE> and <CTL> completed identical orientation modules before starting a paired practice scenario near the public entry. <AGT> carefully screened <PNT> at the courthouse entrance.","During courthouse cross-training, <PRE> and <CTL> completed identical orientation modules before starting a paired practice scenario near the public entry. <PNT> was carefully screened by <AGT> at the courthouse entrance."
flv_474,transit_civic,common,core,balanced_shared_predicate,yes,not_normed,shared_trigger,"Before a council open-house rehearsal, <PRE> and <CTL> randomly received complementary door-attendant and visitor assignments from the event coordinator. <AGT> promptly admitted <PNT> to the council gallery.","Before a council open-house rehearsal, <PRE> and <CTL> randomly received complementary door-attendant and visitor assignments from the event coordinator. <PNT> was promptly admitted by <AGT> to the council gallery."
flv_475,transit_civic,common,core,balanced_shared_predicate,yes,not_normed,shared_trigger,"For a chamber hospitality rehearsal, <PRE> and <CTL> drew concealed usher and attendee roles beside two aisle places. <AGT> courteously seated <PNT> near the chamber aisle.","For a chamber hospitality rehearsal, <PRE> and <CTL> drew concealed usher and attendee roles beside two aisle places. <PNT> was courteously seated by <AGT> near the chamber aisle."
flv_476,transit_civic,common,core,balanced_shared_predicate,yes,not_normed,shared_goal,<PRE> and <CTL> learned that their related service requests had to be handled at the same counter. <AGT> willingly accompanied <PNT> to the service counter.,<PRE> and <CTL> learned that their related service requests had to be handled at the same counter. <PNT> was willingly accompanied by <AGT> to the service counter.
flv_477,transit_civic,common,core,balanced_shared_predicate,yes,not_normed,shared_preparation,<PRE> and <CTL> entered the narrow single-file transfer corridor together after a closure redirected their shared walking route. <AGT> closely followed <PNT> through the transfer corridor.,<PRE> and <CTL> entered the narrow single-file transfer corridor together after a closure redirected their shared walking route. <PNT> was closely followed by <AGT> through the transfer corridor.
flv_478,transit_civic,common,core,balanced_shared_predicate,yes,not_normed,shared_goal,<PRE> and <CTL> agreed to travel together to the park-and-ride lot after the neighborhood event ended. <AGT> safely drove <PNT> to the park-and-ride lot.,<PRE> and <CTL> agreed to travel together to the park-and-ride lot after the neighborhood event ended. <PNT> was safely driven by <AGT> to the park-and-ride lot.
flv_479,transit_civic,common,salience_challenge,pre_last_separate_predicates,no,not_normed,shared_resource,"Before the shared car trip, <CTL> secured one equipment case in the rear seat, while <PRE> secured another equipment case in the rear seat. <AGT> drove <PNT> straight to the neighborhood station.","Before the shared car trip, <CTL> secured one equipment case in the rear seat, while <PRE> secured another equipment case in the rear seat. <PNT> was driven by <AGT> straight to the neighborhood station."
flv_480,transit_civic,uncommon,core,balanced_shared_predicate,yes,not_normed,shared_preparation,"For a harbor safety exercise, <PRE> and <CTL> drew sealed operator and passenger roles before boarding the water taxi. <AGT> safely transported <PNT> across the harbor aboard a water taxi.","For a harbor safety exercise, <PRE> and <CTL> drew sealed operator and passenger roles before boarding the water taxi. <PNT> was safely transported by <AGT> across the harbor aboard a water taxi."
flv_481,transit_civic,common,core,balanced_shared_predicate,yes,not_normed,shared_trigger,<PRE> and <CTL> reached the planned route just as new barricades closed the street ahead. <AGT> efficiently rerouted <PNT> around the street closure.,<PRE> and <CTL> reached the planned route just as new barricades closed the street ahead. <PNT> was efficiently rerouted by <AGT> around the street closure.
flv_482,transit_civic,common,core,balanced_shared_predicate,yes,not_normed,shared_trigger,<PRE> and <CTL> approached the public building together and found its main doors unexpectedly locked. <AGT> calmly diverted <PNT> through the side entrance.,<PRE> and <CTL> approached the public building together and found its main doors unexpectedly locked. <PNT> was calmly diverted by <AGT> through the side entrance.
flv_483,transit_civic,common,core,balanced_shared_predicate,yes,not_normed,shared_preparation,<PRE> and <CTL> chose the ticket kiosk as their meeting point after discovering that their trains used adjacent platforms. <AGT> casually approached <PNT> near the ticket kiosk.,<PRE> and <CTL> chose the ticket kiosk as their meeting point after discovering that their trains used adjacent platforms. <PNT> was casually approached by <AGT> near the ticket kiosk.
flv_484,transit_civic,common,core,balanced_shared_predicate,yes,not_normed,shared_preparation,<PRE> and <CTL> agreed to find each other beside the route map before checking the revised timetable. <AGT> immediately noticed <PNT> beside the route map.,<PRE> and <CTL> agreed to find each other beside the route map before checking the revised timetable. <PNT> was immediately noticed by <AGT> beside the route map.
flv_485,transit_civic,common,core,balanced_shared_predicate,yes,not_normed,shared_occasion,<PRE> and <CTL> arranged to meet on the station steps before joining the same weekend excursion. <AGT> cheerfully greeted <PNT> on the station steps.,<PRE> and <CTL> arranged to meet on the station steps before joining the same weekend excursion. <PNT> was cheerfully greeted by <AGT> on the station steps.
flv_486,transit_civic,common,core,balanced_shared_predicate,yes,not_normed,shared_trigger,"During a service-desk rehearsal, <PRE> and <CTL> drew sealed clerk and customer cards beside the intercom console. <AGT> promptly called <PNT> over the service desk intercom.","During a service-desk rehearsal, <PRE> and <CTL> drew sealed clerk and customer cards beside the intercom console. <PNT> was promptly called by <AGT> over the service desk intercom."
flv_487,transit_civic,common,core,balanced_shared_predicate,yes,not_normed,shared_followup_need,<PRE> and <CTL> separated to check different replacement departures and agreed to exchange updates after the delayed train was posted. <AGT> promptly texted <PNT> after the train delay.,<PRE> and <CTL> separated to check different replacement departures and agreed to exchange updates after the delayed train was posted. <PNT> was promptly texted by <AGT> after the train delay.
flv_488,transit_civic,common,salience_challenge,pre_last_separate_predicates,no,not_normed,shared_preparation,"<CTL> checked one renewal requirement on the permit sheet, while <PRE> checked another renewal requirement on the same permit sheet. <AGT> directly emailed <PNT> about the permit renewal.","<CTL> checked one renewal requirement on the permit sheet, while <PRE> checked another renewal requirement on the same permit sheet. <PNT> was directly emailed by <AGT> about the permit renewal."
flv_489,transit_civic,common,core,balanced_shared_predicate,yes,not_normed,shared_followup_need,<PRE> and <CTL> agreed to coordinate their availability before the public survey opened to neighborhood participants. <AGT> personally contacted <PNT> before the public survey.,<PRE> and <CTL> agreed to coordinate their availability before the public survey opened to neighborhood participants. <PNT> was personally contacted by <AGT> before the public survey.
flv_490,transit_civic,uncommon,core,balanced_shared_predicate,yes,not_normed,shared_preparation,<PRE> and <CTL> picked up identical fact sheets before a community discussion of the proposed tram extension. <AGT> directly canvassed <PNT> about the proposed tram extension.,<PRE> and <CTL> picked up identical fact sheets before a community discussion of the proposed tram extension. <PNT> was directly canvassed by <AGT> about the proposed tram extension.
flv_491,transit_civic,common,core,balanced_shared_predicate,yes,not_normed,shared_preparation,<PRE> and <CTL> reviewed the eligibility criteria for a vacant transportation board seat before nominations opened. <AGT> formally nominated <PNT> for the transportation board.,<PRE> and <CTL> reviewed the eligibility criteria for a vacant transportation board seat before nominations opened. <PNT> was formally nominated by <AGT> for the transportation board.
flv_492,transit_civic,common,core,balanced_shared_predicate,yes,not_normed,shared_resource,"For a neighborhood-council simulation, <PRE> and <CTL> drew sealed presiding-officer and nominee roles under rules granting the officer selection authority. <AGT> formally appointed <PNT> to the neighborhood council.","For a neighborhood-council simulation, <PRE> and <CTL> drew sealed presiding-officer and nominee roles under rules granting the officer selection authority. <PNT> was formally appointed by <AGT> to the neighborhood council."
flv_493,transit_civic,common,core,balanced_shared_predicate,yes,not_normed,shared_trigger,"For a pedestrian-committee simulation, <PRE> and <CTL> received complementary chair and finalist assignments from a blind system under bylaws authorizing the chair's selection. <AGT> officially appointed <PNT> to the pedestrian committee.","For a pedestrian-committee simulation, <PRE> and <CTL> received complementary chair and finalist assignments from a blind system under bylaws authorizing the chair's selection. <PNT> was officially appointed by <AGT> to the pedestrian committee."
flv_494,transit_civic,common,core,balanced_shared_predicate,yes,not_normed,shared_preparation,<PRE> and <CTL> prepared brief remarks for the municipal clerk selection meeting after reviewing the same candidate questionnaire. <AGT> publicly endorsed <PNT> for municipal clerk.,<PRE> and <CTL> prepared brief remarks for the municipal clerk selection meeting after reviewing the same candidate questionnaire. <PNT> was publicly endorsed by <AGT> for municipal clerk.
flv_495,transit_civic,common,core,balanced_shared_predicate,yes,not_normed,shared_occasion,"After completing equal terms as neighborhood volunteer co-chairs, <PRE> and <CTL> joined the year-end community ceremony marking the program's tenth season. <AGT> formally recognized <PNT> during the volunteer ceremony.","After completing equal terms as neighborhood volunteer co-chairs, <PRE> and <CTL> joined the year-end community ceremony marking the program's tenth season. <PNT> was formally recognized by <AGT> during the volunteer ceremony."
flv_496,transit_civic,common,core,balanced_shared_predicate,yes,not_normed,shared_occasion,"After helping clear the auditorium during an alarm, <PRE> and <CTL> attended a public debrief focused on the community's coordinated response. <AGT> publicly commended <PNT> for calm evacuation assistance.","After helping clear the auditorium during an alarm, <PRE> and <CTL> attended a public debrief focused on the community's coordinated response. <PNT> was publicly commended by <AGT> for calm evacuation assistance."
flv_497,transit_civic,common,core,balanced_shared_predicate,yes,not_normed,shared_trigger,<PRE> and <CTL> received the same incomplete service update while waiting beside the temporarily closed platform entrance. <AGT> calmly reassured <PNT> during the service disruption.,<PRE> and <CTL> received the same incomplete service update while waiting beside the temporarily closed platform entrance. <PNT> was calmly reassured by <AGT> during the service disruption.
flv_498,transit_civic,common,core,balanced_shared_predicate,yes,not_normed,shared_trigger,<PRE> and <CTL> approached the rail crossing together while construction screens blocked their view of the gate mechanism. <AGT> quickly alerted <PNT> before the crossing gates lowered.,<PRE> and <CTL> approached the rail crossing together while construction screens blocked their view of the gate mechanism. <PNT> was quickly alerted by <AGT> before the crossing gates lowered.
flv_499,transit_civic,common,core,balanced_shared_predicate,yes,not_normed,shared_trigger,"Before a licensing review exercise, <PRE> and <CTL> drew sealed hearing-officer and witness roles after receiving the same incomplete case file. <AGT> formally summoned <PNT> to the licensing office.","Before a licensing review exercise, <PRE> and <CTL> drew sealed hearing-officer and witness roles after receiving the same incomplete case file. <PNT> was formally summoned by <AGT> to the licensing office."
flv_500,transit_civic,uncommon,core,balanced_shared_predicate,yes,not_normed,shared_preparation,"For an emergency crossing drill, <PRE> and <CTL> drew sealed coordinator and volunteer roles after completing identical safety training. <AGT> temporarily deputized <PNT> as a crossing marshal.","For an emergency crossing drill, <PRE> and <CTL> drew sealed coordinator and volunteer roles after completing identical safety training. <PNT> was temporarily deputized by <AGT> as a crossing marshal."
