,doc_id,sent_idx,context,sentence,uid_mean,uid_std,uid_mad,uid_pwd,uid_range,uid_cv,uid_slope,uid_len
0,f::GUM_academic_art::-1,0,sentence,Aesthetic Appreciation and Spanish Art:,8.942748218774796,5.056777531310493,4.469606764614582,72.61470003015742,15.720600366592407,0.5654612438594742,-0.2662762488637642,8
1,f::GUM_academic_art::-1,0,prev1,Aesthetic Appreciation and Spanish Art:,8.942748218774796,5.056777531310493,4.469606764614582,72.61470003015742,15.720600366592407,0.5654612438594742,-0.2662762488637642,8
2,f::GUM_academic_art::-1,0,prev3,Aesthetic Appreciation and Spanish Art:,8.942748218774796,5.056777531310493,4.469606764614582,72.61470003015742,15.720600366592407,0.5654612438594742,-0.2662762488637642,8
3,f::GUM_academic_art::-1,0,document,Aesthetic Appreciation and Spanish Art:,8.942748218774796,5.056777531310493,4.469606764614582,72.61470003015742,15.720600366592407,0.5654612438594742,-0.2662762488637642,8
4,f::GUM_academic_art::-1,0,"sent[-2,+0]",Aesthetic Appreciation and Spanish Art:,8.942748218774796,5.056777531310493,4.469606764614582,72.61470003015742,15.720600366592407,0.5654612438594742,-0.2662762488637642,8
5,f::GUM_academic_art::-1,0,"sent[-2,+2]",Aesthetic Appreciation and Spanish Art:,8.942748218774796,5.056777531310493,4.469606764614582,72.61470003015742,15.720600366592407,0.5654612438594742,-0.2662762488637642,8
6,f::GUM_academic_art::-1,0,"tok[-64,+0]",Aesthetic Appreciation and Spanish Art:,8.942748218774796,5.056777531310493,4.469606764614582,72.61470003015742,15.720600366592407,0.5654612438594742,-0.2662762488637642,8
7,f::GUM_academic_art::-1,0,"tok[-64,+64]",Aesthetic Appreciation and Spanish Art:,8.942748218774796,5.056777531310493,4.469606764614582,72.61470003015742,15.720600366592407,0.5654612438594742,-0.2662762488637642,8
8,f::GUM_academic_art::-1,1,sentence,Insights from Eye-Tracking,7.076039569718497,4.640515091054255,4.282744324937158,64.80769008270066,11.968151688575745,0.6558068316792732,-0.745004973241261,7
9,f::GUM_academic_art::-1,1,prev1,Insights from Eye-Tracking,7.847097788538251,6.804260480477146,5.783590253518552,113.48871479996667,19.645743489265442,0.8671053507725736,-1.4983692296913695,7
10,f::GUM_academic_art::-1,1,prev3,Insights from Eye-Tracking,7.847097788538251,6.804260480477146,5.783590253518552,113.48871479996667,19.645743489265442,0.8671053507725736,-1.4983692296913695,7
11,f::GUM_academic_art::-1,1,document,Insights from Eye-Tracking,7.847097788538251,6.804260480477146,5.783590253518552,113.48871479996667,19.645743489265442,0.8671053507725736,-1.4983692296913695,7
12,f::GUM_academic_art::-1,1,"sent[-2,+0]",Insights from Eye-Tracking,7.847097788538251,6.804260480477146,5.783590253518552,113.48871479996667,19.645743489265442,0.8671053507725736,-1.4983692296913695,7
13,f::GUM_academic_art::-1,1,"sent[-2,+2]",Insights from Eye-Tracking,9.601571866444178,6.944708186897558,5.296559022397411,94.36987814641871,22.532964944839478,0.723288674343844,-2.0963029946599683,7
14,f::GUM_academic_art::-1,1,"tok[-64,+0]",Insights from Eye-Tracking,7.847097788538251,6.804260480477146,5.783590253518552,113.48871479996667,19.645743489265442,0.8671053507725736,-1.4983692296913695,7
15,f::GUM_academic_art::-1,1,"tok[-64,+64]",Insights from Eye-Tracking,11.209541286740984,9.069710996652738,6.671379663506333,150.49623853289947,28.98673701286316,0.8091063465175592,-2.9966953907694136,7
16,f::GUM_academic_art::-1,2,sentence,"Claire Bailey-Ross claire.bailey-ross@port.ac.uk University of Portsmouth, United Kingdom",6.1641009979017936,5.079009759734733,4.201215292631887,65.85274197929849,18.14337663783226,0.8239660189642551,-0.19122897192253768,24
17,f::GUM_academic_art::-1,2,prev1,"Claire Bailey-Ross claire.bailey-ross@port.ac.uk University of Portsmouth, United Kingdom",6.951398159939951,5.8922897812647115,4.972937085662529,77.26571628061699,18.96888305572793,0.8476409559189473,-0.3556161456593598,24
18,f::GUM_academic_art::-1,2,prev3,"Claire Bailey-Ross claire.bailey-ross@port.ac.uk University of Portsmouth, United Kingdom",6.862579527340131,5.856357835041414,4.7358102325548925,67.65416005864526,19.618412140058354,0.8533755873735253,-0.39021660921093027,24
19,f::GUM_academic_art::-1,2,document,"Claire Bailey-Ross claire.bailey-ross@port.ac.uk University of Portsmouth, United Kingdom",6.862579527340131,5.856357835041414,4.7358102325548925,67.65416005864526,19.618412140058354,0.8533755873735253,-0.39021660921093027,24
20,f::GUM_academic_art::-1,2,"sent[-2,+0]","Claire Bailey-Ross claire.bailey-ross@port.ac.uk University of Portsmouth, United Kingdom",6.862579527340131,5.856357835041414,4.7358102325548925,67.65416005864526,19.618412140058354,0.8533755873735253,-0.39021660921093027,24
21,f::GUM_academic_art::-1,2,"sent[-2,+2]","Claire Bailey-Ross claire.bailey-ross@port.ac.uk University of Portsmouth, United Kingdom",4.80028108911938,5.022183134863752,4.170108724455834,46.886327404803346,17.921451302128844,1.0462268858061976,-0.31701436058638405,24
22,f::GUM_academic_art::-1,2,"tok[-64,+0]","Claire Bailey-Ross claire.bailey-ross@port.ac.uk University of Portsmouth, United Kingdom",6.862579527340131,5.856357835041414,4.7358102325548925,67.65416005864526,19.618412140058354,0.8533755873735253,-0.39021660921093027,24
23,f::GUM_academic_art::-1,2,"tok[-64,+64]","Claire Bailey-Ross claire.bailey-ross@port.ac.uk University of Portsmouth, United Kingdom",5.365871134289288,6.370691623107686,5.305858475798232,89.01177085910577,22.339549697295297,1.187261390307594,-0.37575954653406257,24
24,f::GUM_academic_art::-1,3,sentence,"Andrew Beresford a.m.beresford@durham.ac.uk Durham University, United Kingdom",5.9357201201391945,5.344940428696135,4.308619372921309,68.52146304242409,19.4975438180918,0.90047042658925,-0.11463632874908616,24
25,f::GUM_academic_art::-1,3,prev1,"Andrew Beresford a.m.beresford@durham.ac.uk Durham University, United Kingdom",4.6419733438096955,5.19204872202432,4.366076305021655,46.316660065217164,19.063020907698956,1.118500331103404,-0.33574170964793143,24
26,f::GUM_academic_art::-1,3,prev3,"Andrew Beresford a.m.beresford@durham.ac.uk Durham University, United Kingdom",4.664016421739082,5.354133796153882,4.4279737100973255,47.05178580345459,20.401299115845177,1.147966326018525,-0.33878803794252993,24
27,f::GUM_academic_art::-1,3,document,"Andrew Beresford a.m.beresford@durham.ac.uk Durham University, United Kingdom",4.664016421739082,5.354133796153882,4.4279737100973255,47.05178580345459,20.401299115845177,1.147966326018525,-0.33878803794252993,24
28,f::GUM_academic_art::-1,3,"sent[-2,+0]","Andrew Beresford a.m.beresford@durham.ac.uk Durham University, United Kingdom",4.748817982337641,5.469062053788414,4.536075908567,51.56826640432738,20.145421355235158,1.1516680727982391,-0.336488014024913,24
29,f::GUM_academic_art::-1,3,"sent[-2,+2]","Andrew Beresford a.m.beresford@durham.ac.uk Durham University, United Kingdom",2.580707830775888,4.5375791429588626,3.3707087623133702,16.780807772785796,19.023356722231256,1.758269219338418,-0.44487922670713226,24
30,f::GUM_academic_art::-1,3,"tok[-64,+0]","Andrew Beresford a.m.beresford@durham.ac.uk Durham University, United Kingdom",4.664016421739082,5.354133796153882,4.4279737100973255,47.05178580345459,20.401299115845177,1.147966326018525,-0.33878803794252993,24
31,f::GUM_academic_art::-1,3,"tok[-64,+64]","Andrew Beresford a.m.beresford@durham.ac.uk Durham University, United Kingdom",3.175003464140597,6.104173098433059,4.052965752721774,32.24366749505564,28.215862319375447,1.9225721065741652,-0.5341027382146553,24
32,f::GUM_academic_art::-1,4,sentence,"Daniel Smith daniel.smith2@durham.ac.uk Durham University, United Kingdom",6.722431415109895,5.106629892348229,4.201482348609716,56.48623031001111,18.951993774157017,0.7596403112228328,-0.3067493287310763,20
33,f::GUM_academic_art::-1,4,prev1,"Daniel Smith daniel.smith2@durham.ac.uk Durham University, United Kingdom",3.1313927672163118,5.672802370108872,4.130696944321971,32.61650709146054,21.066034316900186,1.8115908133593144,-0.6197756709524824,20
34,f::GUM_academic_art::-1,4,prev3,"Daniel Smith daniel.smith2@durham.ac.uk Durham University, United Kingdom",3.1113494714314585,4.891299430414708,3.7167952140065603,25.395697775538476,16.85424260329455,1.5720829419281972,-0.5474642730770546,20
35,f::GUM_academic_art::-1,4,document,"Daniel Smith daniel.smith2@durham.ac.uk Durham University, United Kingdom",3.030227579100756,4.812260135843808,3.6390968017658443,23.623289502744655,16.3390338953468,1.588085386402524,-0.5473556552127817,20
36,f::GUM_academic_art::-1,4,"sent[-2,+0]","Daniel Smith daniel.smith2@durham.ac.uk Durham University, United Kingdom",3.0850093850196574,4.9142555146792395,3.674808597132506,26.16572573818382,16.83519470115425,1.5929466984904899,-0.5468740370024356,20
37,f::GUM_academic_art::-1,4,"sent[-2,+2]","Daniel Smith daniel.smith2@durham.ac.uk Durham University, United Kingdom",3.3648731188906824,5.570932612656214,4.505997278445284,33.735805978537094,18.105398542946205,1.655614466227724,-0.6607646904659067,20
38,f::GUM_academic_art::-1,4,"tok[-64,+0]","Daniel Smith daniel.smith2@durham.ac.uk Durham University, United Kingdom",3.030227579100756,4.812260135843808,3.6390968017658443,23.623289502744655,16.3390338953468,1.588085386402524,-0.5473556552127817,20
39,f::GUM_academic_art::-1,4,"tok[-64,+64]","Daniel Smith daniel.smith2@durham.ac.uk Durham University, United Kingdom",4.100318845381844,7.444757365520629,5.431928189461179,47.83067612428619,29.96350484539289,1.815653281184608,-0.8509826416993094,20
40,f::GUM_academic_art::-1,5,sentence,"Claire Warwick c.l.h.warwick@durham.ac.uk Durham University, United Kingdom",6.301388112372176,5.55136920153971,4.684533324783035,80.90630647890532,17.881286976393312,0.8809756045084931,-0.2522174555469183,24
41,f::GUM_academic_art::-1,5,prev1,"Claire Warwick c.l.h.warwick@durham.ac.uk Durham University, United Kingdom",3.800161601320724,5.22096896708198,4.082768022208863,27.149338589909693,20.390635101357475,1.373880775298467,-0.5562640930235936,24
42,f::GUM_academic_art::-1,5,prev3,"Claire Warwick c.l.h.warwick@durham.ac.uk Durham University, United Kingdom",3.285445635151215,5.938497259941779,4.2593378149453605,61.90788346276228,22.99878446297953,1.807516519648165,-0.5248100226418796,24
43,f::GUM_academic_art::-1,5,document,"Claire Warwick c.l.h.warwick@durham.ac.uk Durham University, United Kingdom",3.211367090572215,5.668358920348675,4.1246105631047,55.59638359794985,21.293470040371176,1.7650921742922459,-0.5131646682451096,24
44,f::GUM_academic_art::-1,5,"sent[-2,+0]","Claire Warwick c.l.h.warwick@durham.ac.uk Durham University, United Kingdom",2.933155689139918,4.697317509155703,3.592516730684514,26.41866262300529,18.014742286672117,1.6014552267196855,-0.4801280515733224,24
45,f::GUM_academic_art::-1,5,"sent[-2,+2]","Claire Warwick c.l.h.warwick@durham.ac.uk Durham University, United Kingdom",3.2274456372506393,5.11735262352419,4.049549281145725,33.98979210872681,19.163083645893494,1.5855736079519231,-0.5106585100062736,24
46,f::GUM_academic_art::-1,5,"tok[-64,+0]","Claire Warwick c.l.h.warwick@durham.ac.uk Durham University, United Kingdom",2.9226154463831335,4.852077256534389,3.6411437074226947,37.04534241255525,19.066654311143793,1.6601832658275484,-0.44780146155050865,24
47,f::GUM_academic_art::-1,5,"tok[-64,+64]","Claire Warwick c.l.h.warwick@durham.ac.uk Durham University, United Kingdom",3.558283458095199,6.1951616613562805,4.540996328025358,59.48935152728831,25.743928196665365,1.7410534417268266,-0.5413076892257773,24
48,f::GUM_academic_art::-1,6,sentence,How do people look at and experience art?,5.875791662269169,3.027439116669387,2.7170102419676603,25.214880948414162,8.42377918958664,0.5152393567848561,-0.22584676742553725,9
49,f::GUM_academic_art::-1,6,prev1,How do people look at and experience art?,7.408958368831211,5.562187711740459,3.7750340096744486,57.10622130797276,20.33447229862213,0.7507381516867551,-0.9958416620890305,9
50,f::GUM_academic_art::-1,6,prev3,How do people look at and experience art?,7.454781538910336,5.4093750241360175,3.656817746751102,53.540409790598815,19.910468637943268,0.725624888657261,-0.9486376762390146,9
51,f::GUM_academic_art::-1,6,document,How do people look at and experience art?,6.149047368102604,5.562462672123577,3.4389119722225048,44.52515193042135,20.225148856639862,0.9046055980928266,-1.2941130121548976,9
52,f::GUM_academic_art::-1,6,"sent[-2,+0]",How do people look at and experience art?,7.288953317536248,5.1970955408883155,3.6276521535567294,52.16778749816241,18.955491304397583,0.7130098540190671,-0.8879261573155728,9
53,f::GUM_academic_art::-1,6,"sent[-2,+2]",How do people look at and experience art?,4.644373590540555,3.5748936302476575,2.834971418121347,27.571295021282154,12.429736601188779,0.769725682173552,-0.5203316311041516,9
54,f::GUM_academic_art::-1,6,"tok[-64,+0]",How do people look at and experience art?,7.485140899817149,5.428257418528123,3.7005875861203226,54.3111178971013,19.928825080394745,0.7252044405283976,-0.9414376020431526,9
55,f::GUM_academic_art::-1,6,"tok[-64,+64]",How do people look at and experience art?,5.649026850238442,7.857821585974554,5.013422763182057,86.08303916569432,27.15363577567041,1.3910044675469864,-1.640431804955006,9
56,f::GUM_academic_art::-1,7,sentence,Which elements of specific artworks do they focus on?,6.730953944000331,4.52230329107691,3.735160686506713,34.20709816400518,13.315092250704765,0.6718666222798757,-1.021044348586689,11
57,f::GUM_academic_art::-1,7,prev1,Which elements of specific artworks do they focus on?,5.914236962795258,5.5267996671439565,4.422838612036272,47.872900349250735,18.21366560459137,0.9344907385198536,-1.2179048521952194,11
58,f::GUM_academic_art::-1,7,prev3,Which elements of specific artworks do they focus on?,5.989840026606213,5.573339364417046,4.586872364617577,52.07921748951035,17.84656159579754,0.9304654781531532,-1.2112958848476403,11
59,f::GUM_academic_art::-1,7,document,Which elements of specific artworks do they focus on?,6.050262993032282,5.622145042891181,4.564459568212841,51.766062769044346,18.511626422405243,0.929239778397379,-1.198253899812698,11
60,f::GUM_academic_art::-1,7,"sent[-2,+0]",Which elements of specific artworks do they focus on?,6.0804999497803776,5.740493256091399,4.639487828104948,52.922192840525625,18.690304845571518,0.9440824444540519,-1.246851449121128,11
61,f::GUM_academic_art::-1,7,"sent[-2,+2]",Which elements of specific artworks do they focus on?,5.758091299371286,5.974904453800756,4.737655315517395,52.73237980955041,20.16999088227749,1.0376536499956406,-1.2151711621067736,11
62,f::GUM_academic_art::-1,7,"tok[-64,+0]",Which elements of specific artworks do they focus on?,6.071881634267894,5.7625412226812776,4.758662236623528,54.84630603729789,18.51984615623951,0.9490536162890938,-1.2550396393645886,11
63,f::GUM_academic_art::-1,7,"tok[-64,+64]",Which elements of specific artworks do they focus on?,6.810504855080084,8.321414954229652,6.066058461331139,81.41906165525295,29.538826808333397,1.2218499408340562,-1.6571926637129346,11
64,f::GUM_academic_art::-1,8,sentence,Do museum labels have an impact on how people look at artworks?,5.886626162699291,5.2946211977974365,3.814463525402304,26.599351076549183,20.10234034061432,0.8994322131999642,-0.8410218853216909,14
65,f::GUM_academic_art::-1,8,prev1,Do museum labels have an impact on how people look at artworks?,5.220494142600468,4.899047988793589,3.8223188130223003,10.67136126470615,15.907503187656403,0.9384261058385638,-0.9225206624020589,14
66,f::GUM_academic_art::-1,8,prev3,Do museum labels have an impact on how people look at artworks?,4.770242947552886,4.666528975471167,3.746817850944948,12.823404578642453,13.244299843907356,0.9782581362790079,-0.8160336306134424,14
67,f::GUM_academic_art::-1,8,document,Do museum labels have an impact on how people look at artworks?,4.7971791960299015,4.751586931677525,3.804914625627654,13.39121118082119,13.969269998371601,0.9904960264169185,-0.8318093167392764,14
68,f::GUM_academic_art::-1,8,"sent[-2,+0]",Do museum labels have an impact on how people look at artworks?,4.938826930310045,4.829695109819927,3.9132283007612023,12.578935829918713,14.542085096240044,0.9779032912005144,-0.8539721474215226,14
69,f::GUM_academic_art::-1,8,"sent[-2,+2]",Do museum labels have an impact on how people look at artworks?,5.316337588642325,5.306579174607439,4.372594831549392,17.845514328381054,17.21087270975113,0.9981644480110267,-0.8921354928841962,14
70,f::GUM_academic_art::-1,8,"tok[-64,+0]",Do museum labels have an impact on how people look at artworks?,4.6348709006394655,4.486432905214129,3.5171017567722154,11.94263104070308,13.582422450184822,0.9679736504840175,-0.7928534923346491,14
71,f::GUM_academic_art::-1,8,"tok[-64,+64]",Do museum labels have an impact on how people look at artworks?,6.275820900819132,6.986445760818036,5.310379068158111,20.781160899622343,25.85561230033636,1.1132321765119448,-1.303807337811361,14
72,f::GUM_academic_art::-1,9,sentence,"The viewing experience of art is a complex one, involving issues of perception, attention, memory, decision-making, affect, and emotion.",4.872514991538732,4.2617264050366845,3.626888284873104,45.04663904358736,16.249345819000155,0.874646134991334,-0.20340668049092425,28
73,f::GUM_academic_art::-1,9,prev1,"The viewing experience of art is a complex one, involving issues of perception, attention, memory, decision-making, affect, and emotion.",4.958128343569115,4.460592601808712,3.7293425197713077,39.37930849602322,17.03886336553842,0.8996525085104492,-0.21085208485037546,28
74,f::GUM_academic_art::-1,9,prev3,"The viewing experience of art is a complex one, involving issues of perception, attention, memory, decision-making, affect, and emotion.",4.7272420560142825,4.497693380501956,3.7681541628565407,37.56288910820668,16.619467370212078,0.9514413112778347,-0.19461224105598565,28
75,f::GUM_academic_art::-1,9,document,"The viewing experience of art is a complex one, involving issues of perception, attention, memory, decision-making, affect, and emotion.",4.663811456644908,4.2791812877739925,3.6082999786927497,33.6454202781619,15.163732149638236,0.9175287911086325,-0.18581179832605335,28
76,f::GUM_academic_art::-1,9,"sent[-2,+0]","The viewing experience of art is a complex one, involving issues of perception, attention, memory, decision-making, affect, and emotion.",4.9281814091373235,4.4279007123801835,3.7166075031273067,37.20393580303547,16.274141718633473,0.8984857384045215,-0.21717450125336635,28
77,f::GUM_academic_art::-1,9,"sent[-2,+2]","The viewing experience of art is a complex one, involving issues of perception, attention, memory, decision-making, affect, and emotion.",5.091276369855872,4.355338183831856,3.8928986794353295,47.48664676497674,16.134970787912607,0.8554511418037891,-0.19264356015412187,28
78,f::GUM_academic_art::-1,9,"tok[-64,+0]","The viewing experience of art is a complex one, involving issues of perception, attention, memory, decision-making, affect, and emotion.",4.7189154082443565,4.307500007578306,3.6598776494252627,35.65828589388821,16.14540073182434,0.9128156864292859,-0.18383557058296793,28
79,f::GUM_academic_art::-1,9,"tok[-64,+64]","The viewing experience of art is a complex one, involving issues of perception, attention, memory, decision-making, affect, and emotion.",5.3939852783389926,5.236344635912619,4.269031689547439,44.6756994891915,21.359605834819376,0.9707747362493884,-0.2570721977431128,28
80,f::GUM_academic_art::-1,10,sentence,"Thus, the time it takes and the ways of visually exploring an artwork can inform about its relevance, interestingness, and even its aesthetic appeal.",6.435428290531553,4.124090778815602,3.357089830777307,34.70978142790316,16.540315359830856,0.640841695786336,-0.11760076136131019,29
81,f::GUM_academic_art::-1,10,prev1,"Thus, the time it takes and the ways of visually exploring an artwork can inform about its relevance, interestingness, and even its aesthetic appeal.",5.9433517826014555,4.377739139942551,3.434329657435559,39.65158001953845,19.153614670038223,0.7365774902905675,-0.12823341629775314,29
82,f::GUM_academic_art::-1,10,prev3,"Thus, the time it takes and the ways of visually exploring an artwork can inform about its relevance, interestingness, and even its aesthetic appeal.",5.847111820789246,4.28118849061737,3.210387287814255,38.23092260493125,19.63611764833331,0.732188578196114,-0.13162781658761344,29
83,f::GUM_academic_art::-1,10,document,"Thus, the time it takes and the ways of visually exploring an artwork can inform about its relevance, interestingness, and even its aesthetic appeal.",5.822039125294521,4.419870153467732,3.2376348909951846,40.48030870235086,20.771419391036034,0.7591618775396229,-0.12864669839590087,29
84,f::GUM_academic_art::-1,10,"sent[-2,+0]","Thus, the time it takes and the ways of visually exploring an artwork can inform about its relevance, interestingness, and even its aesthetic appeal.",5.894165133864715,4.382563117187959,3.230617168577616,39.36859465190962,20.417339511215687,0.7435426421984853,-0.1306641686395768,29
85,f::GUM_academic_art::-1,10,"sent[-2,+2]","Thus, the time it takes and the ways of visually exploring an artwork can inform about its relevance, interestingness, and even its aesthetic appeal.",5.972612095290217,4.525783029159359,3.3546855923111742,42.21316913797575,21.323360323905945,0.757756063335877,-0.13106095071496662,29
86,f::GUM_academic_art::-1,10,"tok[-64,+0]","Thus, the time it takes and the ways of visually exploring an artwork can inform about its relevance, interestingness, and even its aesthetic appeal.",5.877766162285517,4.392276607690209,3.2518968971514814,39.54092460716331,20.57217302545905,0.7472697086646795,-0.13152781698687654,29
87,f::GUM_academic_art::-1,10,"tok[-64,+64]","Thus, the time it takes and the ways of visually exploring an artwork can inform about its relevance, interestingness, and even its aesthetic appeal.",6.200516763946106,4.5337031231474585,3.406949742972922,39.77628809943044,21.309231594204903,0.7311814959535952,-0.16105888235598406,29
88,f::GUM_academic_art::-1,11,sentence,This paper describes a collaborative pilot project focusing on a unique collection of 17th Century Zurbarán paintings.,7.205075899671231,4.263226293738703,3.5315307436548937,42.400033812839425,17.683946358039975,0.5916976244390757,0.10661020348114629,21
89,f::GUM_academic_art::-1,11,prev1,This paper describes a collaborative pilot project focusing on a unique collection of 17th Century Zurbarán paintings.,6.772324813618546,4.435253776219436,3.7280883209910796,41.49054184381091,17.190398313105106,0.6549086020358227,-0.019103746270978696,21
90,f::GUM_academic_art::-1,11,prev3,This paper describes a collaborative pilot project focusing on a unique collection of 17th Century Zurbarán paintings.,6.779367105591865,4.568729176622317,3.8206723731796757,43.185461392810154,17.902119167149067,0.6739167691411586,0.011378602857713617,21
91,f::GUM_academic_art::-1,11,document,This paper describes a collaborative pilot project focusing on a unique collection of 17th Century Zurbarán paintings.,6.702107772940681,4.541865124165508,3.705936104802588,43.030518380871136,18.375559106469154,0.6776771245760908,0.012509541929542248,21
92,f::GUM_academic_art::-1,11,"sent[-2,+0]",This paper describes a collaborative pilot project focusing on a unique collection of 17th Century Zurbarán paintings.,6.848324558919384,4.549001366447363,3.740840098586212,44.06762258901083,18.139657326042652,0.6642502596525831,0.006184700266881478,21
93,f::GUM_academic_art::-1,11,"sent[-2,+2]",This paper describes a collaborative pilot project focusing on a unique collection of 17th Century Zurbarán paintings.,6.794749625736759,4.621768617899857,3.898945641693344,42.36771860739697,18.123418904840946,0.6801970451411175,0.012280368205014554,21
94,f::GUM_academic_art::-1,11,"tok[-64,+0]",This paper describes a collaborative pilot project focusing on a unique collection of 17th Century Zurbarán paintings.,6.809400809662683,4.568815434854278,3.777050347960725,44.30992878092369,18.304659515619278,0.6709570434407434,0.016831033647834472,21
95,f::GUM_academic_art::-1,11,"tok[-64,+64]",This paper describes a collaborative pilot project focusing on a unique collection of 17th Century Zurbarán paintings.,6.549860908162026,4.430190137945484,3.6728426644456094,40.13818659931347,18.02995903789997,0.6763792697375999,0.0740814283683702,21
96,f::GUM_academic_art::-1,12,sentence,The Jacob cycle at Auckland Castle is the only UK example of a continental collection preserved in situ in purpose-built surroundings.,8.119289037150642,5.611730311219286,4.893879486842908,60.93752237786121,19.052435152232647,0.6911603079459588,-0.24775370110960118,24
97,f::GUM_academic_art::-1,12,prev1,The Jacob cycle at Auckland Castle is the only UK example of a continental collection preserved in situ in purpose-built surroundings.,7.894602304790169,5.567704063768963,4.717238142504357,60.28101804235553,19.290500942617655,0.7052545332639081,-0.29769679618108535,24
98,f::GUM_academic_art::-1,12,prev3,The Jacob cycle at Auckland Castle is the only UK example of a continental collection preserved in situ in purpose-built surroundings.,8.066607473418117,5.650899210718648,4.785477322060615,63.494720596285354,19.15292726457119,0.7005298360357871,-0.3090785028169988,24
99,f::GUM_academic_art::-1,12,document,The Jacob cycle at Auckland Castle is the only UK example of a continental collection preserved in situ in purpose-built surroundings.,7.897320086757342,5.476490791112725,4.644654561662012,57.571786737202295,18.116912603378296,0.693461925178391,-0.3051040406330775,24
100,f::GUM_academic_art::-1,12,"sent[-2,+0]",The Jacob cycle at Auckland Castle is the only UK example of a continental collection preserved in situ in purpose-built surroundings.,7.991588642820716,5.611756731559424,4.776245150559892,62.29258917431386,19.23533897101879,0.7022079066345306,-0.30240981017117935,24
101,f::GUM_academic_art::-1,12,"sent[-2,+2]",The Jacob cycle at Auckland Castle is the only UK example of a continental collection preserved in situ in purpose-built surroundings.,8.192517535140118,5.766418356834869,4.988229041401711,59.418780338047384,18.720622301101685,0.7038640237388574,-0.36300164229196086,24
102,f::GUM_academic_art::-1,12,"tok[-64,+0]",The Jacob cycle at Auckland Castle is the only UK example of a continental collection preserved in situ in purpose-built surroundings.,7.984659183149536,5.575629756214701,4.714187633867065,61.89862477753405,18.776352003216743,0.6982927672080554,-0.2996414093414081,24
103,f::GUM_academic_art::-1,12,"tok[-64,+64]",The Jacob cycle at Auckland Castle is the only UK example of a continental collection preserved in situ in purpose-built surroundings.,8.836632307618856,6.235707980304621,5.272460290230811,60.97881816784834,20.563479751348495,0.7056656612189528,-0.4590770198599157,24
104,f::GUM_academic_art::-1,13,sentence,"While studies of the psychology of art have focused on individual works and distinctions between representative / non-representative topics, no work has been completed on the aesthetic appreciation of collections or of devotional themes.",6.3259483417496085,5.274445520953371,4.690589663526043,65.89797318195119,17.698424957692623,0.8337794170944153,-0.01813510556899261,40
105,f::GUM_academic_art::-1,13,prev1,"While studies of the psychology of art have focused on individual works and distinctions between representative / non-representative topics, no work has been completed on the aesthetic appreciation of collections or of devotional themes.",6.293169102258981,5.3997795010390295,4.7200424502789975,66.52927746531239,16.190582402050495,0.8580382019451437,-0.04465002923798499,40
106,f::GUM_academic_art::-1,13,prev3,"While studies of the psychology of art have focused on individual works and distinctions between representative / non-representative topics, no work has been completed on the aesthetic appreciation of collections or of devotional themes.",5.962565826438367,5.151894582737998,4.391083230571821,55.713371848791304,16.83886917680502,0.864039866846282,-0.014655586759128387,40
107,f::GUM_academic_art::-1,13,document,"While studies of the psychology of art have focused on individual works and distinctions between representative / non-representative topics, no work has been completed on the aesthetic appreciation of collections or of devotional themes.",5.8958150409162045,5.176931978093287,4.401325967907906,52.70533957165148,17.140609070658684,0.878068925528708,0.00032512400488016776,40
108,f::GUM_academic_art::-1,13,"sent[-2,+0]","While studies of the psychology of art have focused on individual works and distinctions between representative / non-representative topics, no work has been completed on the aesthetic appreciation of collections or of devotional themes.",6.076854511909187,5.333469803418211,4.542318866560235,61.096806443649314,16.771715320646763,0.8776694905178133,-0.024812103629699482,40
109,f::GUM_academic_art::-1,13,"sent[-2,+2]","While studies of the psychology of art have focused on individual works and distinctions between representative / non-representative topics, no work has been completed on the aesthetic appreciation of collections or of devotional themes.",5.873791231587529,5.159730971206521,4.301878082957119,54.64144513300542,17.35920262336731,0.8784328158377503,-0.011773743670552653,40
110,f::GUM_academic_art::-1,13,"tok[-64,+0]","While studies of the psychology of art have focused on individual works and distinctions between representative / non-representative topics, no work has been completed on the aesthetic appreciation of collections or of devotional themes.",5.988005817681551,5.166934245820273,4.401171889267862,55.80143065952183,16.855925858020782,0.8628806322404038,-0.019322375092117337,40
111,f::GUM_academic_art::-1,13,"tok[-64,+64]","While studies of the psychology of art have focused on individual works and distinctions between representative / non-representative topics, no work has been completed on the aesthetic appreciation of collections or of devotional themes.",6.137327853962779,5.769367913845397,4.482734399940819,59.230349023075924,25.95581603050232,0.9400455786503574,-0.05283354394012065,40
112,f::GUM_academic_art::-1,14,sentence,"In this paper, we report upon the novel insights eye-tracking techniques have provided into the unconscious processes of viewing the unique collection of Zurbarán artworks.",7.060842578299344,5.521334447998813,4.607702876441181,71.27120356022583,22.507003158330917,0.7819653797364036,0.07133223734184291,32
113,f::GUM_academic_art::-1,14,prev1,"In this paper, we report upon the novel insights eye-tracking techniques have provided into the unconscious processes of viewing the unique collection of Zurbarán artworks.",6.655729308724403,5.323993643498915,4.3438503900542855,63.335842624835415,21.588251769542694,0.7999113840943269,0.024934139922042877,32
114,f::GUM_academic_art::-1,14,prev3,"In this paper, we report upon the novel insights eye-tracking techniques have provided into the unconscious processes of viewing the unique collection of Zurbarán artworks.",5.258302076908876,4.541840539983676,3.7506115255855548,41.262687031287804,19.11938711348921,0.863746599863206,-0.10904625384469864,32
115,f::GUM_academic_art::-1,14,document,"In this paper, we report upon the novel insights eye-tracking techniques have provided into the unconscious processes of viewing the unique collection of Zurbarán artworks.",4.993737418240926,4.525125741594459,3.890631502928045,40.787812413484254,16.08560224552639,0.906160128697448,-0.09513808478560468,32
116,f::GUM_academic_art::-1,14,"sent[-2,+0]","In this paper, we report upon the novel insights eye-tracking techniques have provided into the unconscious processes of viewing the unique collection of Zurbarán artworks.",6.626123676076531,5.07249523249132,4.177497005672194,57.217362971849255,19.586639374494553,0.7655298150871299,0.012027940617278987,32
117,f::GUM_academic_art::-1,14,"sent[-2,+2]","In this paper, we report upon the novel insights eye-tracking techniques have provided into the unconscious processes of viewing the unique collection of Zurbarán artworks.",6.441468460485339,5.322154925426508,4.329704567557201,61.47915321898531,21.190654754638672,0.8262331730838754,0.02472474028375515,32
118,f::GUM_academic_art::-1,14,"tok[-64,+0]","In this paper, we report upon the novel insights eye-tracking techniques have provided into the unconscious processes of viewing the unique collection of Zurbarán artworks.",6.620036371983588,5.100812656920693,4.200090117345098,57.6772005966837,19.674389243125916,0.7705112737004973,0.011529718637685041,32
119,f::GUM_academic_art::-1,14,"tok[-64,+64]","In this paper, we report upon the novel insights eye-tracking techniques have provided into the unconscious processes of viewing the unique collection of Zurbarán artworks.",6.6430827411822975,5.623510360623845,4.39984748972347,67.65236991248189,20.996790811419487,0.8465211980218397,-0.027451984794629965,32
120,f::GUM_academic_art::-1,15,sentence,The purpose of this pilot study was to assess the effects of different written interpretation on the visual exploration of artworks.,5.469719502427008,4.894222270145625,4.383163670018062,44.78430681263587,14.18823541328311,0.8947848729672472,0.09232335020475112,23
121,f::GUM_academic_art::-1,15,prev1,The purpose of this pilot study was to assess the effects of different written interpretation on the visual exploration of artworks.,4.927381906982349,4.87042352063272,4.1977941932294,44.34346774629637,14.508632723242044,0.9884404360317766,-0.07117149433702696,23
122,f::GUM_academic_art::-1,15,prev3,The purpose of this pilot study was to assess the effects of different written interpretation on the visual exploration of artworks.,4.775856989557329,4.738172088563295,4.003231863922568,39.66461415060827,15.061981283128262,0.9921092903166,-0.07799724012377703,23
123,f::GUM_academic_art::-1,15,document,The purpose of this pilot study was to assess the effects of different written interpretation on the visual exploration of artworks.,4.443004653829595,4.295034226131518,3.5058830567197217,25.890779584154416,14.964713536202908,0.96669586479714,-0.08659120090305812,23
124,f::GUM_academic_art::-1,15,"sent[-2,+0]",The purpose of this pilot study was to assess the effects of different written interpretation on the visual exploration of artworks.,4.6541396630523,4.790843524210819,4.091748207596278,40.457236752640135,14.273495141416788,1.0293725309198962,-0.10306660562621149,23
125,f::GUM_academic_art::-1,15,"sent[-2,+2]",The purpose of this pilot study was to assess the effects of different written interpretation on the visual exploration of artworks.,4.7666973640899295,4.796940887295526,4.030782111024306,41.4770866164562,14.85228761844337,1.0063447542177604,-0.08532278836252008,23
126,f::GUM_academic_art::-1,15,"tok[-64,+0]",The purpose of this pilot study was to assess the effects of different written interpretation on the visual exploration of artworks.,4.742563006022702,4.752695295340395,4.0429296521698825,41.50469228571414,14.13451886922121,1.0021364585572876,-0.091196046420649,23
127,f::GUM_academic_art::-1,15,"tok[-64,+64]",The purpose of this pilot study was to assess the effects of different written interpretation on the visual exploration of artworks.,5.187706132945807,5.2972807687158605,4.377693369618435,45.087365686565676,17.667732253670692,1.0211219820402264,-0.1574364675157391,23
128,f::GUM_academic_art::-1,16,sentence,We will discuss the potential implications of these techniques and our understanding of visual behaviours on museum and gallery practice.,6.780810431355522,4.279474226382912,3.405268786310339,41.600416343117246,15.278901517391205,0.6311154499459176,0.1701602932694671,21
129,f::GUM_academic_art::-1,16,prev1,We will discuss the potential implications of these techniques and our understanding of visual behaviours on museum and gallery practice.,6.125458307209469,4.1483482204824655,3.308976077168436,32.08753570626302,14.54234430193901,0.6772306678832493,0.04506599028389166,21
130,f::GUM_academic_art::-1,16,prev3,We will discuss the potential implications of these techniques and our understanding of visual behaviours on museum and gallery practice.,5.778029065756571,4.305574775493356,3.398309802927938,33.719415259287665,16.004616513848305,0.7451632254690963,0.10065733755563755,21
131,f::GUM_academic_art::-1,16,document,We will discuss the potential implications of these techniques and our understanding of visual behaviours on museum and gallery practice.,5.758117172334876,4.099292115050916,3.184525013071339,30.739253906770546,15.122513614594936,0.7119153696187606,0.0725053390318695,21
132,f::GUM_academic_art::-1,16,"sent[-2,+0]",We will discuss the potential implications of these techniques and our understanding of visual behaviours on museum and gallery practice.,5.861866770755677,4.2836318549889745,3.495060910713646,31.751835020596424,14.383150398731232,0.7307624042838411,0.13941281910066478,21
133,f::GUM_academic_art::-1,16,"sent[-2,+2]",We will discuss the potential implications of these techniques and our understanding of visual behaviours on museum and gallery practice.,5.781806995116529,4.130686194933128,3.3745744780483156,30.559634658592415,13.818365179002285,0.714428239894901,0.1047216118349656,21
134,f::GUM_academic_art::-1,16,"tok[-64,+0]",We will discuss the potential implications of these techniques and our understanding of visual behaviours on museum and gallery practice.,5.8204617241308805,4.241224271067402,3.415927048781021,31.653539328175373,15.174585022032261,0.728674883898615,0.11815028010637717,21
135,f::GUM_academic_art::-1,16,"tok[-64,+64]",We will discuss the potential implications of these techniques and our understanding of visual behaviours on museum and gallery practice.,6.140053602911177,5.675464623849451,3.9140171843861773,46.57009455863918,25.568560630083084,0.9243347030648965,-0.07882756962404636,21
136,f::GUM_academic_art::-1,17,sentence,"The project brings together established research strengths in Spanish art history, experimental psychology, digital humanities, and museum studies to explore, using eye-tracking techniques, aesthetic reactions to digital representations of the individual Zurbarán artworks as well as the significance of the collection as a whole.",6.40653448716568,4.929746736799579,3.9305682146265988,43.72126819008503,25.603364593116567,0.7694872706414716,-0.0697603763317324,55
137,f::GUM_academic_art::-1,17,prev1,"The project brings together established research strengths in Spanish art history, experimental psychology, digital humanities, and museum studies to explore, using eye-tracking techniques, aesthetic reactions to digital representations of the individual Zurbarán artworks as well as the significance of the collection as a whole.",5.956316141500561,4.683105686865871,3.71584362705015,40.314629951370854,25.399941586656496,0.7862419615769534,-0.047747770900983276,55
138,f::GUM_academic_art::-1,17,prev3,"The project brings together established research strengths in Spanish art history, experimental psychology, digital humanities, and museum studies to explore, using eye-tracking techniques, aesthetic reactions to digital representations of the individual Zurbarán artworks as well as the significance of the collection as a whole.",5.136939281508835,4.341872474306414,3.6981355632024173,37.124457493975484,17.921800760086626,0.8452255781834175,-0.07204274278380061,55
139,f::GUM_academic_art::-1,17,document,"The project brings together established research strengths in Spanish art history, experimental psychology, digital humanities, and museum studies to explore, using eye-tracking techniques, aesthetic reactions to digital representations of the individual Zurbarán artworks as well as the significance of the collection as a whole.",4.955331879574805,4.1848798612850135,3.564232706833969,36.859993030848464,15.91475513461046,0.8445206018459654,-0.061243599012993435,55
140,f::GUM_academic_art::-1,17,"sent[-2,+0]","The project brings together established research strengths in Spanish art history, experimental psychology, digital humanities, and museum studies to explore, using eye-tracking techniques, aesthetic reactions to digital representations of the individual Zurbarán artworks as well as the significance of the collection as a whole.",5.861334423176859,4.746426602158029,3.772002293163879,42.28939565661465,25.62224800151307,0.8097860076691294,-0.044913613534056186,55
141,f::GUM_academic_art::-1,17,"sent[-2,+2]","The project brings together established research strengths in Spanish art history, experimental psychology, digital humanities, and museum studies to explore, using eye-tracking techniques, aesthetic reactions to digital representations of the individual Zurbarán artworks as well as the significance of the collection as a whole.",6.0350345221221104,4.8151070451260525,3.8740525638355208,43.0783135614433,25.744796441169456,0.7978590723011982,-0.051878540562351666,55
142,f::GUM_academic_art::-1,17,"tok[-64,+0]","The project brings together established research strengths in Spanish art history, experimental psychology, digital humanities, and museum studies to explore, using eye-tracking techniques, aesthetic reactions to digital representations of the individual Zurbarán artworks as well as the significance of the collection as a whole.",5.173647249578922,4.276714567975186,3.650286861038651,36.476829563535354,16.914508763700724,0.8266343570917526,-0.06913629535042719,55
143,f::GUM_academic_art::-1,17,"tok[-64,+64]","The project brings together established research strengths in Spanish art history, experimental psychology, digital humanities, and museum studies to explore, using eye-tracking techniques, aesthetic reactions to digital representations of the individual Zurbarán artworks as well as the significance of the collection as a whole.",5.732090521756221,5.142396500979465,4.209036389413205,44.308691853592805,23.192741558887064,0.8971240913697079,-0.10542610277889464,55
144,f::GUM_academic_art::-1,18,sentence,Our experience of art develops from the interaction of several cognitive and affective processes; the beginning of which is a visual scan of the artwork.,6.175675609548177,4.053098817643425,3.732352940460705,41.62570796027777,12.453057996928692,0.6563004720288339,-0.1350934148246659,28
145,f::GUM_academic_art::-1,18,prev1,Our experience of art develops from the interaction of several cognitive and affective processes; the beginning of which is a visual scan of the artwork.,5.943054446950555,4.200568158668911,3.7342918684173907,43.22555797606029,14.212618209421635,0.7068029068494011,-0.14380874540442687,28
146,f::GUM_academic_art::-1,18,prev3,Our experience of art develops from the interaction of several cognitive and affective processes; the beginning of which is a visual scan of the artwork.,5.852303661938224,4.308636989495753,3.747906754667661,45.28002697696704,15.980859652161598,0.736229225000395,-0.14243074672089676,28
147,f::GUM_academic_art::-1,18,document,Our experience of art develops from the interaction of several cognitive and affective processes; the beginning of which is a visual scan of the artwork.,5.5297141788261275,4.061002607506093,3.576087233211313,40.05834790273665,14.226423561573029,0.7343964762330955,-0.12447394977094804,28
148,f::GUM_academic_art::-1,18,"sent[-2,+0]",Our experience of art develops from the interaction of several cognitive and affective processes; the beginning of which is a visual scan of the artwork.,5.883378164443586,4.132374057089812,3.689414443419676,43.19823028352266,13.965043384581804,0.7023811731266856,-0.11603714982746013,28
149,f::GUM_academic_art::-1,18,"sent[-2,+2]",Our experience of art develops from the interaction of several cognitive and affective processes; the beginning of which is a visual scan of the artwork.,5.9548295965152125,4.378917447758427,3.7149382600826875,42.571425424103445,17.90502978861332,0.7353556263509178,-0.16662237941647837,28
150,f::GUM_academic_art::-1,18,"tok[-64,+0]",Our experience of art develops from the interaction of several cognitive and affective processes; the beginning of which is a visual scan of the artwork.,5.912875379302672,4.264910856561578,3.7416595541777053,43.881370990817366,15.164408460259438,0.7212921942326739,-0.1317329648770003,28
151,f::GUM_academic_art::-1,18,"tok[-64,+64]",Our experience of art develops from the interaction of several cognitive and affective processes; the beginning of which is a visual scan of the artwork.,6.742200723982283,5.947365499986567,4.218272906538023,55.96946804630696,30.352379195392132,0.8821104181653248,-0.24409136823906072,28
152,f::GUM_academic_art::-1,19,sentence,"When regarding an artwork, a viewer gathers information through a series fixations, interspersed by rapid movements of the eye called saccades.",7.35441633031286,5.512733790213139,4.284404294527668,66.14804009670937,25.103078573942184,0.749581413754234,-0.16521975625618346,29
153,f::GUM_academic_art::-1,19,prev1,"When regarding an artwork, a viewer gathers information through a series fixations, interspersed by rapid movements of the eye called saccades.",6.564591681135112,5.920406282193467,4.383046520734372,69.40867678619762,27.225269973278046,0.9018696927041384,-0.16556271100279155,29
154,f::GUM_academic_art::-1,19,prev3,"When regarding an artwork, a viewer gathers information through a series fixations, interspersed by rapid movements of the eye called saccades.",6.686316710093926,6.009087586964282,4.310253730285182,70.2652784812879,28.26676109433174,0.8987141721678735,-0.17924303524012672,29
155,f::GUM_academic_art::-1,19,document,"When regarding an artwork, a viewer gathers information through a series fixations, interspersed by rapid movements of the eye called saccades.",6.648993630861414,6.23768044965433,4.490266286306234,75.27441012850868,29.22044664621353,0.9381390321539839,-0.17160911217992558,29
156,f::GUM_academic_art::-1,19,"sent[-2,+0]","When regarding an artwork, a viewer gathers information through a series fixations, interspersed by rapid movements of the eye called saccades.",6.670155448646381,5.9175010311312075,4.250479854917979,68.4862118678951,27.951252356171608,0.8871608880317903,-0.1624969313223965,29
157,f::GUM_academic_art::-1,19,"sent[-2,+2]","When regarding an artwork, a viewer gathers information through a series fixations, interspersed by rapid movements of the eye called saccades.",6.223312304034058,6.157005979637713,4.405550984995756,74.33865095913129,28.75887342263013,0.989345493017703,-0.22950384018052697,29
158,f::GUM_academic_art::-1,19,"tok[-64,+0]","When regarding an artwork, a viewer gathers information through a series fixations, interspersed by rapid movements of the eye called saccades.",6.577680305160325,5.912951836809975,4.294658165199153,68.3272239489902,27.770413488149643,0.8989418096484778,-0.16959784249660437,29
159,f::GUM_academic_art::-1,19,"tok[-64,+64]","When regarding an artwork, a viewer gathers information through a series fixations, interspersed by rapid movements of the eye called saccades.",6.311047959173548,6.438333289432986,4.5664278672616065,73.70137453110485,28.471256211400032,1.0201686520341555,-0.25673245817349477,29
160,f::GUM_academic_art::-1,20,sentence,"The direction of saccades is determined by an interaction between the goals of the observer and the physical properties of the different elements of the scene (e.g. colour, texture, brightness etc).",4.785971522443651,4.3494786899086195,3.7839290796642486,45.196947644692955,14.31843659041624,0.9087974446801212,-0.09861142692565475,40
161,f::GUM_academic_art::-1,20,prev1,"The direction of saccades is determined by an interaction between the goals of the observer and the physical properties of the different elements of the scene (e.g. colour, texture, brightness etc).",4.077153338720018,4.274767147948475,3.59486539992673,39.03384260163783,16.311403899628203,1.0484685742259807,-0.037309411436035354,40
162,f::GUM_academic_art::-1,20,prev3,"The direction of saccades is determined by an interaction between the goals of the observer and the physical properties of the different elements of the scene (e.g. colour, texture, brightness etc).",4.047026437423483,4.02237221786312,3.5258822921747197,33.68663083627797,14.526109899015864,0.9939080656028383,-0.02503747622887431,40
163,f::GUM_academic_art::-1,20,document,"The direction of saccades is determined by an interaction between the goals of the observer and the physical properties of the different elements of the scene (e.g. colour, texture, brightness etc).",3.95192233363814,3.9952564244616737,3.475501679440113,31.79266580270046,14.887442666557035,1.010965319448381,-0.03507021190393988,40
164,f::GUM_academic_art::-1,20,"sent[-2,+0]","The direction of saccades is determined by an interaction between the goals of the observer and the physical properties of the different elements of the scene (e.g. colour, texture, brightness etc).",3.9987943766984246,4.016149261170253,3.479195866117679,33.54372766361375,14.357716857790365,1.0043400292280489,-0.027320256979437314,40
165,f::GUM_academic_art::-1,20,"sent[-2,+2]","The direction of saccades is determined by an interaction between the goals of the observer and the physical properties of the different elements of the scene (e.g. colour, texture, brightness etc).",4.202318752539941,4.111750057768909,3.6379445552598737,37.7953468451263,13.756244252275792,0.9784479236097235,-0.04274484667927502,40
166,f::GUM_academic_art::-1,20,"tok[-64,+0]","The direction of saccades is determined by an interaction between the goals of the observer and the physical properties of the different elements of the scene (e.g. colour, texture, brightness etc).",4.0768641980896065,4.0689048645557495,3.523552074079889,34.87803960936641,14.367767286938033,0.9980476824473117,-0.03277163233940662,40
167,f::GUM_academic_art::-1,20,"tok[-64,+64]","The direction of saccades is determined by an interaction between the goals of the observer and the physical properties of the different elements of the scene (e.g. colour, texture, brightness etc).",4.441426052588213,4.664823198709483,3.858793497237275,39.840207209728355,20.33435649581952,1.0502985175203101,-0.07614140667717045,40
168,f::GUM_academic_art::-1,21,sentence,"Importantly, studying eye movements offers an insight that does not depend on the participants’ beliefs, memories or subjective impressions of the artwork.",5.949855510411518,4.808572034456672,4.226473153758871,58.71302842259746,14.35661331564188,0.8081829930226474,-0.11000872799157105,28
169,f::GUM_academic_art::-1,21,prev1,"Importantly, studying eye movements offers an insight that does not depend on the participants’ beliefs, memories or subjective impressions of the artwork.",5.93736712601302,5.569303360177204,4.678819936562368,71.68472151850129,22.770201982930303,0.9380089258379796,-0.14157091857550408,28
170,f::GUM_academic_art::-1,21,prev3,"Importantly, studying eye movements offers an insight that does not depend on the participants’ beliefs, memories or subjective impressions of the artwork.",5.402819055764537,5.2063836242813935,4.208140581527878,56.319064569651864,22.593010160140693,0.963642048816431,-0.21043523670656888,28
171,f::GUM_academic_art::-1,21,document,"Importantly, studying eye movements offers an insight that does not depend on the participants’ beliefs, memories or subjective impressions of the artwork.",5.426009203307331,5.207887703799156,4.015385437690254,51.40709693229355,24.15415027923882,0.9598007501765345,-0.2286218314828706,28
172,f::GUM_academic_art::-1,21,"sent[-2,+0]","Importantly, studying eye movements offers an insight that does not depend on the participants’ beliefs, memories or subjective impressions of the artwork.",5.755640074311357,5.4999726568322105,4.532925025928215,68.58976911017653,23.182894670404494,0.9555796724294411,-0.18327842519522208,28
173,f::GUM_academic_art::-1,21,"sent[-2,+2]","Importantly, studying eye movements offers an insight that does not depend on the participants’ beliefs, memories or subjective impressions of the artwork.",5.562649330856012,5.279216631114192,4.349976776870994,61.60782971263682,22.72718415595591,0.9490471746673623,-0.1825302267390019,28
174,f::GUM_academic_art::-1,21,"tok[-64,+0]","Importantly, studying eye movements offers an insight that does not depend on the participants’ beliefs, memories or subjective impressions of the artwork.",5.867696214367503,5.4997717719438235,4.607210180933626,72.8399323114012,21.981202351860702,0.937296610290971,-0.13306695973239596,28
175,f::GUM_academic_art::-1,21,"tok[-64,+64]","Importantly, studying eye movements offers an insight that does not depend on the participants’ beliefs, memories or subjective impressions of the artwork.",5.873452005043093,5.2304882833812005,4.006689431620951,52.86048971824783,24.545503044500947,0.8905305225768716,-0.20149120161300654,28
176,f::GUM_academic_art::-1,22,sentence,"Previous eye tracking research has highlighted the potential to transform the ways we understand visual processing in the arts (see for example Brieber 2014; Binderman et al., 2005) and at the same time offers a direct way of studying several important factors of a museum visit (Filippini Fantoni et al., 2013; Heidenreich & Turano 2011; Milekic 2010).",6.246280289614776,4.03824871858297,3.2092548972035124,31.068186638866568,17.892851116892416,0.6465045645321208,-0.007715131500603627,78
177,f::GUM_academic_art::-1,22,prev1,"Previous eye tracking research has highlighted the potential to transform the ways we understand visual processing in the arts (see for example Brieber 2014; Binderman et al., 2005) and at the same time offers a direct way of studying several important factors of a museum visit (Filippini Fantoni et al., 2013; Heidenreich & Turano 2011; Milekic 2010).",5.933936834700991,4.011500047751351,3.1466502161620165,30.020677541090325,17.8649406285258,0.676026752474437,0.0021605261749979396,78
178,f::GUM_academic_art::-1,22,prev3,"Previous eye tracking research has highlighted the potential to transform the ways we understand visual processing in the arts (see for example Brieber 2014; Binderman et al., 2005) and at the same time offers a direct way of studying several important factors of a museum visit (Filippini Fantoni et al., 2013; Heidenreich & Turano 2011; Milekic 2010).",5.996356672730494,4.120828309316487,3.140437035800081,31.289416993291844,20.16477417788701,0.687222014003385,-0.0014862734099515417,78
179,f::GUM_academic_art::-1,22,document,"Previous eye tracking research has highlighted the potential to transform the ways we understand visual processing in the arts (see for example Brieber 2014; Binderman et al., 2005) and at the same time offers a direct way of studying several important factors of a museum visit (Filippini Fantoni et al., 2013; Heidenreich & Turano 2011; Milekic 2010).",5.9107731944867945,4.106282996203316,3.070291805567109,30.168778790113024,21.213280601485167,0.6947116495746113,0.0009418239155486283,78
180,f::GUM_academic_art::-1,22,"sent[-2,+0]","Previous eye tracking research has highlighted the potential to transform the ways we understand visual processing in the arts (see for example Brieber 2014; Binderman et al., 2005) and at the same time offers a direct way of studying several important factors of a museum visit (Filippini Fantoni et al., 2013; Heidenreich & Turano 2011; Milekic 2010).",5.946154340906874,4.089198086102775,3.1479183857627,30.768072613204232,19.13544378936058,0.6877046661858282,-0.0009815285758539719,78
181,f::GUM_academic_art::-1,22,"sent[-2,+2]","Previous eye tracking research has highlighted the potential to transform the ways we understand visual processing in the arts (see for example Brieber 2014; Binderman et al., 2005) and at the same time offers a direct way of studying several important factors of a museum visit (Filippini Fantoni et al., 2013; Heidenreich & Turano 2011; Milekic 2010).",6.1039867386459195,4.080521379467522,3.0606538346713488,30.00907652778264,18.853998896025587,0.6685010230498513,-0.004786586065851403,78
182,f::GUM_academic_art::-1,22,"tok[-64,+0]","Previous eye tracking research has highlighted the potential to transform the ways we understand visual processing in the arts (see for example Brieber 2014; Binderman et al., 2005) and at the same time offers a direct way of studying several important factors of a museum visit (Filippini Fantoni et al., 2013; Heidenreich & Turano 2011; Milekic 2010).",5.944462736958089,4.076181025815069,3.139186408287306,30.740506413080873,19.024028368177824,0.6857105858318392,-0.0009109508752598986,78
183,f::GUM_academic_art::-1,22,"tok[-64,+64]","Previous eye tracking research has highlighted the potential to transform the ways we understand visual processing in the arts (see for example Brieber 2014; Binderman et al., 2005) and at the same time offers a direct way of studying several important factors of a museum visit (Filippini Fantoni et al., 2013; Heidenreich & Turano 2011; Milekic 2010).",6.277393284091093,4.544985524367498,3.158510910191003,31.311142038947576,27.78736433701124,0.7240243391928198,-0.01648374834569687,78
184,f::GUM_academic_art::-1,23,sentence,Zurbarán’s cycle of Jacob and his Sons has been on display in the Long Room at Auckland Castle for over 250 years.,6.926403585436015,5.0000021502157095,4.322991023094844,55.9269221900244,16.299973390996456,0.7218756586360483,-0.15740778900939864,29
185,f::GUM_academic_art::-1,23,prev1,Zurbarán’s cycle of Jacob and his Sons has been on display in the Long Room at Auckland Castle for over 250 years.,7.385605224119178,6.213171200559366,5.433253084259567,86.74028171376827,20.689654801040888,0.8412541710554751,-0.2332350570671814,29
186,f::GUM_academic_art::-1,23,prev3,Zurbarán’s cycle of Jacob and his Sons has been on display in the Long Room at Auckland Castle for over 250 years.,7.278646938053185,6.185408910975423,5.438666777736225,85.00565499994981,20.73791723512113,0.8498020255162742,-0.22655663068860513,29
187,f::GUM_academic_art::-1,23,document,Zurbarán’s cycle of Jacob and his Sons has been on display in the Long Room at Auckland Castle for over 250 years.,5.434801958581625,5.79008406982463,4.804821837509625,70.72402229643447,21.013108564075083,1.0653716757207703,-0.09226269276142889,29
188,f::GUM_academic_art::-1,23,"sent[-2,+0]",Zurbarán’s cycle of Jacob and his Sons has been on display in the Long Room at Auckland Castle for over 250 years.,7.277342731454249,6.246820366504375,5.524459530815356,89.58123662107451,19.74735401943326,0.8583930422163939,-0.21673673880401226,29
189,f::GUM_academic_art::-1,23,"sent[-2,+2]",Zurbarán’s cycle of Jacob and his Sons has been on display in the Long Room at Auckland Castle for over 250 years.,7.0388222857025164,5.9077090475713,5.095798802370478,74.4412054536332,20.308840077370405,0.8393036232170871,-0.2338588280172039,29
190,f::GUM_academic_art::-1,23,"tok[-64,+0]",Zurbarán’s cycle of Jacob and his Sons has been on display in the Long Room at Auckland Castle for over 250 years.,7.327444513103571,6.0517369434553006,5.313607545177518,81.05602977619853,20.47786700539291,0.8259000709774138,-0.2248668201038332,29
191,f::GUM_academic_art::-1,23,"tok[-64,+64]",Zurbarán’s cycle of Jacob and his Sons has been on display in the Long Room at Auckland Castle for over 250 years.,7.138934145970591,5.774056568767158,4.961356252963421,66.3774631869956,21.20239655673504,0.8088121350756811,-0.2457959871206967,29
192,f::GUM_academic_art::-1,24,sentence,"It is the only cycle to be preserved in purpose-built surroundings in the UK, and one of very few of its kind in the world.",5.425998339879102,4.416292640617744,3.4622724057661367,48.93869835193768,16.571203961968422,0.8139133785131503,-0.17645487445475452,29
193,f::GUM_academic_art::-1,24,prev1,"It is the only cycle to be preserved in purpose-built surroundings in the UK, and one of very few of its kind in the world.",4.818279583649389,4.2913214221514595,3.505956562623541,49.00450389678106,16.238424189388752,0.8906335441209893,-0.15489497892742105,29
194,f::GUM_academic_art::-1,24,prev3,"It is the only cycle to be preserved in purpose-built surroundings in the UK, and one of very few of its kind in the world.",5.059286247039664,4.601817288941735,3.837223217830364,55.566122585303276,16.279952943325043,0.9095783603140449,-0.1838146456650328,29
195,f::GUM_academic_art::-1,24,document,"It is the only cycle to be preserved in purpose-built surroundings in the UK, and one of very few of its kind in the world.",4.349281839994264,4.1471961725842235,3.3841908194089254,37.73715057769298,15.868542862124741,0.9535358537697555,-0.11122077297226654,29
196,f::GUM_academic_art::-1,24,"sent[-2,+0]","It is the only cycle to be preserved in purpose-built surroundings in the UK, and one of very few of its kind in the world.",4.960836285147174,4.518003671292337,3.7717867190999446,53.54285148956281,16.356136322021484,0.9107342818023071,-0.17612698959012352,29
197,f::GUM_academic_art::-1,24,"sent[-2,+2]","It is the only cycle to be preserved in purpose-built surroundings in the UK, and one of very few of its kind in the world.",5.483513884503266,4.677035560690432,3.8135943472314535,54.84322567824703,15.985335499048233,0.8529267289553165,-0.19922758289452286,29
198,f::GUM_academic_art::-1,24,"tok[-64,+0]","It is the only cycle to be preserved in purpose-built surroundings in the UK, and one of very few of its kind in the world.",4.831892509655706,4.438494100315387,3.604757688966149,51.35276173049579,16.84281275421381,0.9185829551145477,-0.17238512274446763,29
199,f::GUM_academic_art::-1,24,"tok[-64,+64]","It is the only cycle to be preserved in purpose-built surroundings in the UK, and one of very few of its kind in the world.",5.649138465780636,5.496148486111191,4.22049935605027,58.580614445395234,23.933820761740208,0.9729179979219532,-0.26033238466517145,29
200,f::GUM_academic_art::-1,25,sentence,"It has a long history in scholarship (Baron & Beresford 2014), but many key aspects of its production and significance have not yet been fully understood.",6.113601035904139,4.37982609389703,3.656289947190089,25.852511880166887,15.242160454392433,0.7164069209251727,-0.18039232794239085,32
201,f::GUM_academic_art::-1,25,prev1,"It has a long history in scholarship (Baron & Beresford 2014), but many key aspects of its production and significance have not yet been fully understood.",5.797584634274244,4.542449344618178,3.926494427258149,31.71309720269358,16.10806891322136,0.7835072070813871,-0.1890221589253093,32
202,f::GUM_academic_art::-1,25,prev3,"It has a long history in scholarship (Baron & Beresford 2014), but many key aspects of its production and significance have not yet been fully understood.",5.07459675334394,3.842020746394114,3.122463471721858,24.60109964392372,13.220530956983566,0.7571085808665267,-0.16892015664152712,32
203,f::GUM_academic_art::-1,25,document,"It has a long history in scholarship (Baron & Beresford 2014), but many key aspects of its production and significance have not yet been fully understood.",4.869952703886156,4.277774771379348,3.41274742224266,32.429948113838755,15.514202711579856,0.8784017076727956,-0.18717342126410436,32
204,f::GUM_academic_art::-1,25,"sent[-2,+0]","It has a long history in scholarship (Baron & Beresford 2014), but many key aspects of its production and significance have not yet been fully understood.",5.584489105269313,4.1805352968742175,3.578194187604822,27.785116564648682,15.216667413711548,0.7485976278348583,-0.1772047806520265,32
205,f::GUM_academic_art::-1,25,"sent[-2,+2]","It has a long history in scholarship (Baron & Beresford 2014), but many key aspects of its production and significance have not yet been fully understood.",5.462882276857272,3.8663489009300234,3.246550131138065,21.707712556451018,15.129763834178448,0.7077488960926842,-0.2111666301836167,32
206,f::GUM_academic_art::-1,25,"tok[-64,+0]","It has a long history in scholarship (Baron & Beresford 2014), but many key aspects of its production and significance have not yet been fully understood.",5.357904724776745,3.9705095157446295,3.2910710000433028,24.808202127005554,14.721810936927795,0.7410563867221573,-0.17187813057665238,32
207,f::GUM_academic_art::-1,25,"tok[-64,+64]","It has a long history in scholarship (Baron & Beresford 2014), but many key aspects of its production and significance have not yet been fully understood.",5.662905303761363,4.825394279370309,3.495661783614196,31.147065386844194,24.196942269802094,0.8521057691297134,-0.2527284935182313,32
208,f::GUM_academic_art::-1,26,sentence,"In this study we used eye-tracking in the first stage of exploring audience experience of the extensive Spanish art collections of County Durham, of which the 13 Zurbarán artworks (there are actually only 12 Zurbarán artworks, the 13th Benjamin, is a copy by Arthur Pond) are a key part of, to investigate the ways in which audiences look at Spanish art, how aesthetic experience is evaluated and whether audiences can be encouraged to approach art in different ways.",6.1015588936506235,4.403729780432247,3.544669387441057,34.98447156225343,19.66068106831517,0.7217384699858976,-0.03112133249740612,95
209,f::GUM_academic_art::-1,26,prev1,"In this study we used eye-tracking in the first stage of exploring audience experience of the extensive Spanish art collections of County Durham, of which the 13 Zurbarán artworks (there are actually only 12 Zurbarán artworks, the 13th Benjamin, is a copy by Arthur Pond) are a key part of, to investigate the ways in which audiences look at Spanish art, how aesthetic experience is evaluated and whether audiences can be encouraged to approach art in different ways.",6.0983288111214184,4.378333037456927,3.5386019705116243,35.34209605488986,18.870378428604454,0.7179562094900878,-0.030807886746262787,95
210,f::GUM_academic_art::-1,26,prev3,"In this study we used eye-tracking in the first stage of exploring audience experience of the extensive Spanish art collections of County Durham, of which the 13 Zurbarán artworks (there are actually only 12 Zurbarán artworks, the 13th Benjamin, is a copy by Arthur Pond) are a key part of, to investigate the ways in which audiences look at Spanish art, how aesthetic experience is evaluated and whether audiences can be encouraged to approach art in different ways.",5.988937109240674,4.535670222636388,3.7380973293223625,41.84455546417079,19.40923957969062,0.7573414346993297,-0.025309566573740064,95
211,f::GUM_academic_art::-1,26,document,"In this study we used eye-tracking in the first stage of exploring audience experience of the extensive Spanish art collections of County Durham, of which the 13 Zurbarán artworks (there are actually only 12 Zurbarán artworks, the 13th Benjamin, is a copy by Arthur Pond) are a key part of, to investigate the ways in which audiences look at Spanish art, how aesthetic experience is evaluated and whether audiences can be encouraged to approach art in different ways.",5.5289092890360685,4.471656944278919,3.620995165646357,40.03749473867191,19.377324173401576,0.8087774116942558,-0.011461152546645035,95
212,f::GUM_academic_art::-1,26,"sent[-2,+0]","In this study we used eye-tracking in the first stage of exploring audience experience of the extensive Spanish art collections of County Durham, of which the 13 Zurbarán artworks (there are actually only 12 Zurbarán artworks, the 13th Benjamin, is a copy by Arthur Pond) are a key part of, to investigate the ways in which audiences look at Spanish art, how aesthetic experience is evaluated and whether audiences can be encouraged to approach art in different ways.",6.117945696500522,4.480694460155181,3.5968838406058006,37.185583649366755,19.477343198028393,0.7323854578699756,-0.02977179393813756,95
213,f::GUM_academic_art::-1,26,"sent[-2,+2]","In this study we used eye-tracking in the first stage of exploring audience experience of the extensive Spanish art collections of County Durham, of which the 13 Zurbarán artworks (there are actually only 12 Zurbarán artworks, the 13th Benjamin, is a copy by Arthur Pond) are a key part of, to investigate the ways in which audiences look at Spanish art, how aesthetic experience is evaluated and whether audiences can be encouraged to approach art in different ways.",5.837852186268489,4.3422354089638,3.438406788419489,33.96934480197128,19.780369116924703,0.7438070150486842,-0.020174470837715543,95
214,f::GUM_academic_art::-1,26,"tok[-64,+0]","In this study we used eye-tracking in the first stage of exploring audience experience of the extensive Spanish art collections of County Durham, of which the 13 Zurbarán artworks (there are actually only 12 Zurbarán artworks, the 13th Benjamin, is a copy by Arthur Pond) are a key part of, to investigate the ways in which audiences look at Spanish art, how aesthetic experience is evaluated and whether audiences can be encouraged to approach art in different ways.",6.1509031607891975,4.488284892493925,3.5955398350762118,37.39071791171852,19.368396232137457,0.7296952618447746,-0.030594746802939676,95
215,f::GUM_academic_art::-1,26,"tok[-64,+64]","In this study we used eye-tracking in the first stage of exploring audience experience of the extensive Spanish art collections of County Durham, of which the 13 Zurbarán artworks (there are actually only 12 Zurbarán artworks, the 13th Benjamin, is a copy by Arthur Pond) are a key part of, to investigate the ways in which audiences look at Spanish art, how aesthetic experience is evaluated and whether audiences can be encouraged to approach art in different ways.",5.968881437243698,4.58718495990371,3.5021494732555145,36.1585920800834,22.854004139779136,0.7685166824191392,-0.027642231104986904,95
216,f::GUM_academic_art::-1,27,sentence,"This pilot project primarily investigated how participants visually explore artworks and provides new insights into the potential eye-tracking has to transform the ways we understand visual processing in arts and culture and at the same time offer a direct way of studying several important factors of a museum visit, namely to assess the effects of label characteristics on visitor visual behaviour.",6.5870196177857,4.149949149641341,3.4872767646924,35.96606092254717,17.350861700018868,0.6300192485287289,-0.019023928815843444,66
217,f::GUM_academic_art::-1,27,prev1,"This pilot project primarily investigated how participants visually explore artworks and provides new insights into the potential eye-tracking has to transform the ways we understand visual processing in arts and culture and at the same time offer a direct way of studying several important factors of a museum visit, namely to assess the effects of label characteristics on visitor visual behaviour.",6.31030818469519,4.019182163505398,3.2580367820241736,35.78400436782206,16.958115749410354,0.6369232763073899,-0.0007040798299402577,66
218,f::GUM_academic_art::-1,27,prev3,"This pilot project primarily investigated how participants visually explore artworks and provides new insights into the potential eye-tracking has to transform the ways we understand visual processing in arts and culture and at the same time offer a direct way of studying several important factors of a museum visit, namely to assess the effects of label characteristics on visitor visual behaviour.",6.3872484378745975,4.1806176869919565,3.359256591399158,38.800508621457375,17.673141813254915,0.654525611091321,-0.011750723567111512,66
219,f::GUM_academic_art::-1,27,document,"This pilot project primarily investigated how participants visually explore artworks and provides new insights into the potential eye-tracking has to transform the ways we understand visual processing in arts and culture and at the same time offer a direct way of studying several important factors of a museum visit, namely to assess the effects of label characteristics on visitor visual behaviour.",5.107635580173475,6.628815677831043,4.953883002739776,67.58853343993958,39.580847401754,1.2978247123898967,0.013943129408738977,66
220,f::GUM_academic_art::-1,27,"sent[-2,+0]","This pilot project primarily investigated how participants visually explore artworks and provides new insights into the potential eye-tracking has to transform the ways we understand visual processing in arts and culture and at the same time offer a direct way of studying several important factors of a museum visit, namely to assess the effects of label characteristics on visitor visual behaviour.",6.356671943786116,4.061859858002804,3.287869518039183,36.377784129299194,16.770976425730623,0.6389915814317622,-0.004937739399849338,66
221,f::GUM_academic_art::-1,27,"sent[-2,+2]","This pilot project primarily investigated how participants visually explore artworks and provides new insights into the potential eye-tracking has to transform the ways we understand visual processing in arts and culture and at the same time offer a direct way of studying several important factors of a museum visit, namely to assess the effects of label characteristics on visitor visual behaviour.",6.356671943786116,4.061859858002804,3.287869518039183,36.377784129299194,16.770976425730623,0.6389915814317622,-0.004937739399849338,66
222,f::GUM_academic_art::-1,27,"tok[-64,+0]","This pilot project primarily investigated how participants visually explore artworks and provides new insights into the potential eye-tracking has to transform the ways we understand visual processing in arts and culture and at the same time offer a direct way of studying several important factors of a museum visit, namely to assess the effects of label characteristics on visitor visual behaviour.",6.534019657161976,4.09173137688777,3.3615086650008914,34.65677646515041,16.70240727032069,0.626219630729577,-0.012599108215582628,66
223,f::GUM_academic_art::-1,27,"tok[-64,+64]","This pilot project primarily investigated how participants visually explore artworks and provides new insights into the potential eye-tracking has to transform the ways we understand visual processing in arts and culture and at the same time offer a direct way of studying several important factors of a museum visit, namely to assess the effects of label characteristics on visitor visual behaviour.",6.534019657161976,4.09173137688777,3.3615086650008914,34.65677646515041,16.70240727032069,0.626219630729577,-0.012599108215582628,66
224,cf::GUM_academic_art::20,0,sentence,Aesthetic Appreciation and Spanish Art:,8.942748218774796,5.056777531310493,4.469606764614582,72.61470003015742,15.720600366592407,0.5654612438594742,-0.2662762488637642,8
225,cf::GUM_academic_art::20,0,prev1,Aesthetic Appreciation and Spanish Art:,8.942748218774796,5.056777531310493,4.469606764614582,72.61470003015742,15.720600366592407,0.5654612438594742,-0.2662762488637642,8
226,cf::GUM_academic_art::20,0,prev3,Aesthetic Appreciation and Spanish Art:,8.942748218774796,5.056777531310493,4.469606764614582,72.61470003015742,15.720600366592407,0.5654612438594742,-0.2662762488637642,8
227,cf::GUM_academic_art::20,0,document,Aesthetic Appreciation and Spanish Art:,8.942748218774796,5.056777531310493,4.469606764614582,72.61470003015742,15.720600366592407,0.5654612438594742,-0.2662762488637642,8
228,cf::GUM_academic_art::20,0,"sent[-2,+0]",Aesthetic Appreciation and Spanish Art:,8.942748218774796,5.056777531310493,4.469606764614582,72.61470003015742,15.720600366592407,0.5654612438594742,-0.2662762488637642,8
229,cf::GUM_academic_art::20,0,"sent[-2,+2]",Aesthetic Appreciation and Spanish Art:,8.942748218774796,5.056777531310493,4.469606764614582,72.61470003015742,15.720600366592407,0.5654612438594742,-0.2662762488637642,8
230,cf::GUM_academic_art::20,0,"tok[-64,+0]",Aesthetic Appreciation and Spanish Art:,8.942748218774796,5.056777531310493,4.469606764614582,72.61470003015742,15.720600366592407,0.5654612438594742,-0.2662762488637642,8
231,cf::GUM_academic_art::20,0,"tok[-64,+64]",Aesthetic Appreciation and Spanish Art:,8.942748218774796,5.056777531310493,4.469606764614582,72.61470003015742,15.720600366592407,0.5654612438594742,-0.2662762488637642,8
232,cf::GUM_academic_art::20,1,sentence,Insights from Eye-Tracking,7.076039569718497,4.640515091054255,4.282744324937158,64.80769008270066,11.968151688575745,0.6558068316792732,-0.745004973241261,7
233,cf::GUM_academic_art::20,1,prev1,Insights from Eye-Tracking,7.847097788538251,6.804260480477146,5.783590253518552,113.48871479996667,19.645743489265442,0.8671053507725736,-1.4983692296913695,7
234,cf::GUM_academic_art::20,1,prev3,Insights from Eye-Tracking,7.847097788538251,6.804260480477146,5.783590253518552,113.48871479996667,19.645743489265442,0.8671053507725736,-1.4983692296913695,7
235,cf::GUM_academic_art::20,1,document,Insights from Eye-Tracking,7.847097788538251,6.804260480477146,5.783590253518552,113.48871479996667,19.645743489265442,0.8671053507725736,-1.4983692296913695,7
236,cf::GUM_academic_art::20,1,"sent[-2,+0]",Insights from Eye-Tracking,7.847097788538251,6.804260480477146,5.783590253518552,113.48871479996667,19.645743489265442,0.8671053507725736,-1.4983692296913695,7
237,cf::GUM_academic_art::20,1,"sent[-2,+2]",Insights from Eye-Tracking,9.601571866444178,6.944708186897558,5.296559022397411,94.36987814641871,22.532964944839478,0.723288674343844,-2.0963029946599683,7
238,cf::GUM_academic_art::20,1,"tok[-64,+0]",Insights from Eye-Tracking,7.847097788538251,6.804260480477146,5.783590253518552,113.48871479996667,19.645743489265442,0.8671053507725736,-1.4983692296913695,7
239,cf::GUM_academic_art::20,1,"tok[-64,+64]",Insights from Eye-Tracking,11.209541286740984,9.069710996652738,6.671379663506333,150.49623853289947,28.98673701286316,0.8091063465175592,-2.9966953907694136,7
240,cf::GUM_academic_art::20,2,sentence,"Claire Bailey-Ross claire.bailey-ross@port.ac.uk University of Portsmouth, United Kingdom",6.1641009979017936,5.079009759734733,4.201215292631887,65.85274197929849,18.14337663783226,0.8239660189642551,-0.19122897192253768,24
241,cf::GUM_academic_art::20,2,prev1,"Claire Bailey-Ross claire.bailey-ross@port.ac.uk University of Portsmouth, United Kingdom",6.951398159939951,5.8922897812647115,4.972937085662529,77.26571628061699,18.96888305572793,0.8476409559189473,-0.3556161456593598,24
242,cf::GUM_academic_art::20,2,prev3,"Claire Bailey-Ross claire.bailey-ross@port.ac.uk University of Portsmouth, United Kingdom",6.862579527340131,5.856357835041414,4.7358102325548925,67.65416005864526,19.618412140058354,0.8533755873735253,-0.39021660921093027,24
243,cf::GUM_academic_art::20,2,document,"Claire Bailey-Ross claire.bailey-ross@port.ac.uk University of Portsmouth, United Kingdom",6.862579527340131,5.856357835041414,4.7358102325548925,67.65416005864526,19.618412140058354,0.8533755873735253,-0.39021660921093027,24
244,cf::GUM_academic_art::20,2,"sent[-2,+0]","Claire Bailey-Ross claire.bailey-ross@port.ac.uk University of Portsmouth, United Kingdom",6.862579527340131,5.856357835041414,4.7358102325548925,67.65416005864526,19.618412140058354,0.8533755873735253,-0.39021660921093027,24
245,cf::GUM_academic_art::20,2,"sent[-2,+2]","Claire Bailey-Ross claire.bailey-ross@port.ac.uk University of Portsmouth, United Kingdom",4.80028108911938,5.022183134863752,4.170108724455834,46.886327404803346,17.921451302128844,1.0462268858061976,-0.31701436058638405,24
246,cf::GUM_academic_art::20,2,"tok[-64,+0]","Claire Bailey-Ross claire.bailey-ross@port.ac.uk University of Portsmouth, United Kingdom",6.862579527340131,5.856357835041414,4.7358102325548925,67.65416005864526,19.618412140058354,0.8533755873735253,-0.39021660921093027,24
247,cf::GUM_academic_art::20,2,"tok[-64,+64]","Claire Bailey-Ross claire.bailey-ross@port.ac.uk University of Portsmouth, United Kingdom",5.365871134289288,6.370691623107686,5.305858475798232,89.01177085910577,22.339549697295297,1.187261390307594,-0.37575954653406257,24
248,cf::GUM_academic_art::20,3,sentence,"Andrew Beresford a.m.beresford@durham.ac.uk Durham University, United Kingdom",5.9357201201391945,5.344940428696135,4.308619372921309,68.52146304242409,19.4975438180918,0.90047042658925,-0.11463632874908616,24
249,cf::GUM_academic_art::20,3,prev1,"Andrew Beresford a.m.beresford@durham.ac.uk Durham University, United Kingdom",4.6419733438096955,5.19204872202432,4.366076305021655,46.316660065217164,19.063020907698956,1.118500331103404,-0.33574170964793143,24
250,cf::GUM_academic_art::20,3,prev3,"Andrew Beresford a.m.beresford@durham.ac.uk Durham University, United Kingdom",4.664016421739082,5.354133796153882,4.4279737100973255,47.05178580345459,20.401299115845177,1.147966326018525,-0.33878803794252993,24
251,cf::GUM_academic_art::20,3,document,"Andrew Beresford a.m.beresford@durham.ac.uk Durham University, United Kingdom",4.664016421739082,5.354133796153882,4.4279737100973255,47.05178580345459,20.401299115845177,1.147966326018525,-0.33878803794252993,24
252,cf::GUM_academic_art::20,3,"sent[-2,+0]","Andrew Beresford a.m.beresford@durham.ac.uk Durham University, United Kingdom",4.748817982337641,5.469062053788414,4.536075908567,51.56826640432738,20.145421355235158,1.1516680727982391,-0.336488014024913,24
253,cf::GUM_academic_art::20,3,"sent[-2,+2]","Andrew Beresford a.m.beresford@durham.ac.uk Durham University, United Kingdom",2.580707830775888,4.5375791429588626,3.3707087623133702,16.780807772785796,19.023356722231256,1.758269219338418,-0.44487922670713226,24
254,cf::GUM_academic_art::20,3,"tok[-64,+0]","Andrew Beresford a.m.beresford@durham.ac.uk Durham University, United Kingdom",4.664016421739082,5.354133796153882,4.4279737100973255,47.05178580345459,20.401299115845177,1.147966326018525,-0.33878803794252993,24
255,cf::GUM_academic_art::20,3,"tok[-64,+64]","Andrew Beresford a.m.beresford@durham.ac.uk Durham University, United Kingdom",3.175003464140597,6.104173098433059,4.052965752721774,32.24366749505564,28.215862319375447,1.9225721065741652,-0.5341027382146553,24
256,cf::GUM_academic_art::20,4,sentence,"Daniel Smith daniel.smith2@durham.ac.uk Durham University, United Kingdom",6.722431415109895,5.106629892348229,4.201482348609716,56.48623031001111,18.951993774157017,0.7596403112228328,-0.3067493287310763,20
257,cf::GUM_academic_art::20,4,prev1,"Daniel Smith daniel.smith2@durham.ac.uk Durham University, United Kingdom",3.1313927672163118,5.672802370108872,4.130696944321971,32.61650709146054,21.066034316900186,1.8115908133593144,-0.6197756709524824,20
258,cf::GUM_academic_art::20,4,prev3,"Daniel Smith daniel.smith2@durham.ac.uk Durham University, United Kingdom",3.1113494714314585,4.891299430414708,3.7167952140065603,25.395697775538476,16.85424260329455,1.5720829419281972,-0.5474642730770546,20
259,cf::GUM_academic_art::20,4,document,"Daniel Smith daniel.smith2@durham.ac.uk Durham University, United Kingdom",3.030227579100756,4.812260135843808,3.6390968017658443,23.623289502744655,16.3390338953468,1.588085386402524,-0.5473556552127817,20
260,cf::GUM_academic_art::20,4,"sent[-2,+0]","Daniel Smith daniel.smith2@durham.ac.uk Durham University, United Kingdom",3.0850093850196574,4.9142555146792395,3.674808597132506,26.16572573818382,16.83519470115425,1.5929466984904899,-0.5468740370024356,20
261,cf::GUM_academic_art::20,4,"sent[-2,+2]","Daniel Smith daniel.smith2@durham.ac.uk Durham University, United Kingdom",3.3648731188906824,5.570932612656214,4.505997278445284,33.735805978537094,18.105398542946205,1.655614466227724,-0.6607646904659067,20
262,cf::GUM_academic_art::20,4,"tok[-64,+0]","Daniel Smith daniel.smith2@durham.ac.uk Durham University, United Kingdom",3.030227579100756,4.812260135843808,3.6390968017658443,23.623289502744655,16.3390338953468,1.588085386402524,-0.5473556552127817,20
263,cf::GUM_academic_art::20,4,"tok[-64,+64]","Daniel Smith daniel.smith2@durham.ac.uk Durham University, United Kingdom",4.100318845381844,7.444757365520629,5.431928189461179,47.83067612428619,29.96350484539289,1.815653281184608,-0.8509826416993094,20
264,cf::GUM_academic_art::20,5,sentence,"Claire Warwick c.l.h.warwick@durham.ac.uk Durham University, United Kingdom",6.301388112372176,5.55136920153971,4.684533324783035,80.90630647890532,17.881286976393312,0.8809756045084931,-0.2522174555469183,24
265,cf::GUM_academic_art::20,5,prev1,"Claire Warwick c.l.h.warwick@durham.ac.uk Durham University, United Kingdom",3.800161601320724,5.22096896708198,4.082768022208863,27.149338589909693,20.390635101357475,1.373880775298467,-0.5562640930235936,24
266,cf::GUM_academic_art::20,5,prev3,"Claire Warwick c.l.h.warwick@durham.ac.uk Durham University, United Kingdom",3.285445635151215,5.938497259941779,4.2593378149453605,61.90788346276228,22.99878446297953,1.807516519648165,-0.5248100226418796,24
267,cf::GUM_academic_art::20,5,document,"Claire Warwick c.l.h.warwick@durham.ac.uk Durham University, United Kingdom",3.211367090572215,5.668358920348675,4.1246105631047,55.59638359794985,21.293470040371176,1.7650921742922459,-0.5131646682451096,24
268,cf::GUM_academic_art::20,5,"sent[-2,+0]","Claire Warwick c.l.h.warwick@durham.ac.uk Durham University, United Kingdom",2.933155689139918,4.697317509155703,3.592516730684514,26.41866262300529,18.014742286672117,1.6014552267196855,-0.4801280515733224,24
269,cf::GUM_academic_art::20,5,"sent[-2,+2]","Claire Warwick c.l.h.warwick@durham.ac.uk Durham University, United Kingdom",3.2274456372506393,5.11735262352419,4.049549281145725,33.98979210872681,19.163083645893494,1.5855736079519231,-0.5106585100062736,24
270,cf::GUM_academic_art::20,5,"tok[-64,+0]","Claire Warwick c.l.h.warwick@durham.ac.uk Durham University, United Kingdom",2.9226154463831335,4.852077256534389,3.6411437074226947,37.04534241255525,19.066654311143793,1.6601832658275484,-0.44780146155050865,24
271,cf::GUM_academic_art::20,5,"tok[-64,+64]","Claire Warwick c.l.h.warwick@durham.ac.uk Durham University, United Kingdom",3.558283458095199,6.1951616613562805,4.540996328025358,59.48935152728831,25.743928196665365,1.7410534417268266,-0.5413076892257773,24
272,cf::GUM_academic_art::20,6,sentence,How do people look at and experience art?,5.875791662269169,3.027439116669387,2.7170102419676603,25.214880948414162,8.42377918958664,0.5152393567848561,-0.22584676742553725,9
273,cf::GUM_academic_art::20,6,prev1,How do people look at and experience art?,7.408958368831211,5.562187711740459,3.7750340096744486,57.10622130797276,20.33447229862213,0.7507381516867551,-0.9958416620890305,9
274,cf::GUM_academic_art::20,6,prev3,How do people look at and experience art?,7.454781538910336,5.4093750241360175,3.656817746751102,53.540409790598815,19.910468637943268,0.725624888657261,-0.9486376762390146,9
275,cf::GUM_academic_art::20,6,document,How do people look at and experience art?,6.149047368102604,5.562462672123577,3.4389119722225048,44.52515193042135,20.225148856639862,0.9046055980928266,-1.2941130121548976,9
276,cf::GUM_academic_art::20,6,"sent[-2,+0]",How do people look at and experience art?,7.288953317536248,5.1970955408883155,3.6276521535567294,52.16778749816241,18.955491304397583,0.7130098540190671,-0.8879261573155728,9
277,cf::GUM_academic_art::20,6,"sent[-2,+2]",How do people look at and experience art?,4.644373590540555,3.5748936302476575,2.834971418121347,27.571295021282154,12.429736601188779,0.769725682173552,-0.5203316311041516,9
278,cf::GUM_academic_art::20,6,"tok[-64,+0]",How do people look at and experience art?,7.485140899817149,5.428257418528123,3.7005875861203226,54.3111178971013,19.928825080394745,0.7252044405283976,-0.9414376020431526,9
279,cf::GUM_academic_art::20,6,"tok[-64,+64]",How do people look at and experience art?,5.649026850238442,7.857821585974554,5.013422763182057,86.08303916569432,27.15363577567041,1.3910044675469864,-1.640431804955006,9
280,cf::GUM_academic_art::20,7,sentence,Which elements of specific artworks do they focus on?,6.730953944000331,4.52230329107691,3.735160686506713,34.20709816400518,13.315092250704765,0.6718666222798757,-1.021044348586689,11
281,cf::GUM_academic_art::20,7,prev1,Which elements of specific artworks do they focus on?,5.914236962795258,5.5267996671439565,4.422838612036272,47.872900349250735,18.21366560459137,0.9344907385198536,-1.2179048521952194,11
282,cf::GUM_academic_art::20,7,prev3,Which elements of specific artworks do they focus on?,5.989840026606213,5.573339364417046,4.586872364617577,52.07921748951035,17.84656159579754,0.9304654781531532,-1.2112958848476403,11
283,cf::GUM_academic_art::20,7,document,Which elements of specific artworks do they focus on?,6.050262993032282,5.622145042891181,4.564459568212841,51.766062769044346,18.511626422405243,0.929239778397379,-1.198253899812698,11
284,cf::GUM_academic_art::20,7,"sent[-2,+0]",Which elements of specific artworks do they focus on?,6.0804999497803776,5.740493256091399,4.639487828104948,52.922192840525625,18.690304845571518,0.9440824444540519,-1.246851449121128,11
285,cf::GUM_academic_art::20,7,"sent[-2,+2]",Which elements of specific artworks do they focus on?,5.758091299371286,5.974904453800756,4.737655315517395,52.73237980955041,20.16999088227749,1.0376536499956406,-1.2151711621067736,11
286,cf::GUM_academic_art::20,7,"tok[-64,+0]",Which elements of specific artworks do they focus on?,6.071881634267894,5.7625412226812776,4.758662236623528,54.84630603729789,18.51984615623951,0.9490536162890938,-1.2550396393645886,11
287,cf::GUM_academic_art::20,7,"tok[-64,+64]",Which elements of specific artworks do they focus on?,6.810504855080084,8.321414954229652,6.066058461331139,81.41906165525295,29.538826808333397,1.2218499408340562,-1.6571926637129346,11
288,cf::GUM_academic_art::20,8,sentence,Do museum labels have an impact on how people look at artworks?,5.886626162699291,5.2946211977974365,3.814463525402304,26.599351076549183,20.10234034061432,0.8994322131999642,-0.8410218853216909,14
289,cf::GUM_academic_art::20,8,prev1,Do museum labels have an impact on how people look at artworks?,5.220494142600468,4.899047988793589,3.8223188130223003,10.67136126470615,15.907503187656403,0.9384261058385638,-0.9225206624020589,14
290,cf::GUM_academic_art::20,8,prev3,Do museum labels have an impact on how people look at artworks?,4.770242947552886,4.666528975471167,3.746817850944948,12.823404578642453,13.244299843907356,0.9782581362790079,-0.8160336306134424,14
291,cf::GUM_academic_art::20,8,document,Do museum labels have an impact on how people look at artworks?,4.7971791960299015,4.751586931677525,3.804914625627654,13.39121118082119,13.969269998371601,0.9904960264169185,-0.8318093167392764,14
292,cf::GUM_academic_art::20,8,"sent[-2,+0]",Do museum labels have an impact on how people look at artworks?,4.938826930310045,4.829695109819927,3.9132283007612023,12.578935829918713,14.542085096240044,0.9779032912005144,-0.8539721474215226,14
293,cf::GUM_academic_art::20,8,"sent[-2,+2]",Do museum labels have an impact on how people look at artworks?,5.316337588642325,5.306579174607439,4.372594831549392,17.845514328381054,17.21087270975113,0.9981644480110267,-0.8921354928841962,14
294,cf::GUM_academic_art::20,8,"tok[-64,+0]",Do museum labels have an impact on how people look at artworks?,4.6348709006394655,4.486432905214129,3.5171017567722154,11.94263104070308,13.582422450184822,0.9679736504840175,-0.7928534923346491,14
295,cf::GUM_academic_art::20,8,"tok[-64,+64]",Do museum labels have an impact on how people look at artworks?,6.275820900819132,6.986445760818036,5.310379068158111,20.781160899622343,25.85561230033636,1.1132321765119448,-1.303807337811361,14
296,cf::GUM_academic_art::20,9,sentence,"The viewing experience of art is a complex one, involving issues of perception, attention, memory, decision-making, affect, and emotion.",4.872514991538732,4.2617264050366845,3.626888284873104,45.04663904358736,16.249345819000155,0.874646134991334,-0.20340668049092425,28
297,cf::GUM_academic_art::20,9,prev1,"The viewing experience of art is a complex one, involving issues of perception, attention, memory, decision-making, affect, and emotion.",4.958128343569115,4.460592601808712,3.7293425197713077,39.37930849602322,17.03886336553842,0.8996525085104492,-0.21085208485037546,28
298,cf::GUM_academic_art::20,9,prev3,"The viewing experience of art is a complex one, involving issues of perception, attention, memory, decision-making, affect, and emotion.",4.7272420560142825,4.497693380501956,3.7681541628565407,37.56288910820668,16.619467370212078,0.9514413112778347,-0.19461224105598565,28
299,cf::GUM_academic_art::20,9,document,"The viewing experience of art is a complex one, involving issues of perception, attention, memory, decision-making, affect, and emotion.",4.663811456644908,4.2791812877739925,3.6082999786927497,33.6454202781619,15.163732149638236,0.9175287911086325,-0.18581179832605335,28
300,cf::GUM_academic_art::20,9,"sent[-2,+0]","The viewing experience of art is a complex one, involving issues of perception, attention, memory, decision-making, affect, and emotion.",4.9281814091373235,4.4279007123801835,3.7166075031273067,37.20393580303547,16.274141718633473,0.8984857384045215,-0.21717450125336635,28
301,cf::GUM_academic_art::20,9,"sent[-2,+2]","The viewing experience of art is a complex one, involving issues of perception, attention, memory, decision-making, affect, and emotion.",5.091276369855872,4.355338183831856,3.8928986794353295,47.48664676497674,16.134970787912607,0.8554511418037891,-0.19264356015412187,28
302,cf::GUM_academic_art::20,9,"tok[-64,+0]","The viewing experience of art is a complex one, involving issues of perception, attention, memory, decision-making, affect, and emotion.",4.7189154082443565,4.307500007578306,3.6598776494252627,35.65828589388821,16.14540073182434,0.9128156864292859,-0.18383557058296793,28
303,cf::GUM_academic_art::20,9,"tok[-64,+64]","The viewing experience of art is a complex one, involving issues of perception, attention, memory, decision-making, affect, and emotion.",5.3939852783389926,5.236344635912619,4.269031689547439,44.6756994891915,21.359605834819376,0.9707747362493884,-0.2570721977431128,28
304,cf::GUM_academic_art::20,10,sentence,"Thus, the time it takes and the ways of visually exploring an artwork can inform about its relevance, interestingness, and even its aesthetic appeal.",6.435428290531553,4.124090778815602,3.357089830777307,34.70978142790316,16.540315359830856,0.640841695786336,-0.11760076136131019,29
305,cf::GUM_academic_art::20,10,prev1,"Thus, the time it takes and the ways of visually exploring an artwork can inform about its relevance, interestingness, and even its aesthetic appeal.",5.9433517826014555,4.377739139942551,3.434329657435559,39.65158001953845,19.153614670038223,0.7365774902905675,-0.12823341629775314,29
306,cf::GUM_academic_art::20,10,prev3,"Thus, the time it takes and the ways of visually exploring an artwork can inform about its relevance, interestingness, and even its aesthetic appeal.",5.847111820789246,4.28118849061737,3.210387287814255,38.23092260493125,19.63611764833331,0.732188578196114,-0.13162781658761344,29
307,cf::GUM_academic_art::20,10,document,"Thus, the time it takes and the ways of visually exploring an artwork can inform about its relevance, interestingness, and even its aesthetic appeal.",5.822039125294521,4.419870153467732,3.2376348909951846,40.48030870235086,20.771419391036034,0.7591618775396229,-0.12864669839590087,29
308,cf::GUM_academic_art::20,10,"sent[-2,+0]","Thus, the time it takes and the ways of visually exploring an artwork can inform about its relevance, interestingness, and even its aesthetic appeal.",5.894165133864715,4.382563117187959,3.230617168577616,39.36859465190962,20.417339511215687,0.7435426421984853,-0.1306641686395768,29
309,cf::GUM_academic_art::20,10,"sent[-2,+2]","Thus, the time it takes and the ways of visually exploring an artwork can inform about its relevance, interestingness, and even its aesthetic appeal.",5.972612095290217,4.525783029159359,3.3546855923111742,42.21316913797575,21.323360323905945,0.757756063335877,-0.13106095071496662,29
310,cf::GUM_academic_art::20,10,"tok[-64,+0]","Thus, the time it takes and the ways of visually exploring an artwork can inform about its relevance, interestingness, and even its aesthetic appeal.",5.877766162285517,4.392276607690209,3.2518968971514814,39.54092460716331,20.57217302545905,0.7472697086646795,-0.13152781698687654,29
311,cf::GUM_academic_art::20,10,"tok[-64,+64]","Thus, the time it takes and the ways of visually exploring an artwork can inform about its relevance, interestingness, and even its aesthetic appeal.",6.200516763946106,4.5337031231474585,3.406949742972922,39.77628809943044,21.309231594204903,0.7311814959535952,-0.16105888235598406,29
312,cf::GUM_academic_art::20,11,sentence,This paper describes a collaborative pilot project focusing on a unique collection of 17th Century Zurbarán paintings.,7.205075899671231,4.263226293738703,3.5315307436548937,42.400033812839425,17.683946358039975,0.5916976244390757,0.10661020348114629,21
313,cf::GUM_academic_art::20,11,prev1,This paper describes a collaborative pilot project focusing on a unique collection of 17th Century Zurbarán paintings.,6.772324813618546,4.435253776219436,3.7280883209910796,41.49054184381091,17.190398313105106,0.6549086020358227,-0.019103746270978696,21
314,cf::GUM_academic_art::20,11,prev3,This paper describes a collaborative pilot project focusing on a unique collection of 17th Century Zurbarán paintings.,6.779367105591865,4.568729176622317,3.8206723731796757,43.185461392810154,17.902119167149067,0.6739167691411586,0.011378602857713617,21
315,cf::GUM_academic_art::20,11,document,This paper describes a collaborative pilot project focusing on a unique collection of 17th Century Zurbarán paintings.,6.702107772940681,4.541865124165508,3.705936104802588,43.030518380871136,18.375559106469154,0.6776771245760908,0.012509541929542248,21
316,cf::GUM_academic_art::20,11,"sent[-2,+0]",This paper describes a collaborative pilot project focusing on a unique collection of 17th Century Zurbarán paintings.,6.848324558919384,4.549001366447363,3.740840098586212,44.06762258901083,18.139657326042652,0.6642502596525831,0.006184700266881478,21
317,cf::GUM_academic_art::20,11,"sent[-2,+2]",This paper describes a collaborative pilot project focusing on a unique collection of 17th Century Zurbarán paintings.,6.794749625736759,4.621768617899857,3.898945641693344,42.36771860739697,18.123418904840946,0.6801970451411175,0.012280368205014554,21
318,cf::GUM_academic_art::20,11,"tok[-64,+0]",This paper describes a collaborative pilot project focusing on a unique collection of 17th Century Zurbarán paintings.,6.809400809662683,4.568815434854278,3.777050347960725,44.30992878092369,18.304659515619278,0.6709570434407434,0.016831033647834472,21
319,cf::GUM_academic_art::20,11,"tok[-64,+64]",This paper describes a collaborative pilot project focusing on a unique collection of 17th Century Zurbarán paintings.,6.549860908162026,4.430190137945484,3.6728426644456094,40.13818659931347,18.02995903789997,0.6763792697375999,0.0740814283683702,21
320,cf::GUM_academic_art::20,12,sentence,The Jacob cycle at Auckland Castle is the only UK example of a continental collection preserved in situ in purpose-built surroundings.,8.119289037150642,5.611730311219286,4.893879486842908,60.93752237786121,19.052435152232647,0.6911603079459588,-0.24775370110960118,24
321,cf::GUM_academic_art::20,12,prev1,The Jacob cycle at Auckland Castle is the only UK example of a continental collection preserved in situ in purpose-built surroundings.,7.894602304790169,5.567704063768963,4.717238142504357,60.28101804235553,19.290500942617655,0.7052545332639081,-0.29769679618108535,24
322,cf::GUM_academic_art::20,12,prev3,The Jacob cycle at Auckland Castle is the only UK example of a continental collection preserved in situ in purpose-built surroundings.,8.066607473418117,5.650899210718648,4.785477322060615,63.494720596285354,19.15292726457119,0.7005298360357871,-0.3090785028169988,24
323,cf::GUM_academic_art::20,12,document,The Jacob cycle at Auckland Castle is the only UK example of a continental collection preserved in situ in purpose-built surroundings.,7.897320086757342,5.476490791112725,4.644654561662012,57.571786737202295,18.116912603378296,0.693461925178391,-0.3051040406330775,24
324,cf::GUM_academic_art::20,12,"sent[-2,+0]",The Jacob cycle at Auckland Castle is the only UK example of a continental collection preserved in situ in purpose-built surroundings.,7.991588642820716,5.611756731559424,4.776245150559892,62.29258917431386,19.23533897101879,0.7022079066345306,-0.30240981017117935,24
325,cf::GUM_academic_art::20,12,"sent[-2,+2]",The Jacob cycle at Auckland Castle is the only UK example of a continental collection preserved in situ in purpose-built surroundings.,8.192517535140118,5.766418356834869,4.988229041401711,59.418780338047384,18.720622301101685,0.7038640237388574,-0.36300164229196086,24
326,cf::GUM_academic_art::20,12,"tok[-64,+0]",The Jacob cycle at Auckland Castle is the only UK example of a continental collection preserved in situ in purpose-built surroundings.,7.984659183149536,5.575629756214701,4.714187633867065,61.89862477753405,18.776352003216743,0.6982927672080554,-0.2996414093414081,24
327,cf::GUM_academic_art::20,12,"tok[-64,+64]",The Jacob cycle at Auckland Castle is the only UK example of a continental collection preserved in situ in purpose-built surroundings.,8.836632307618856,6.235707980304621,5.272460290230811,60.97881816784834,20.563479751348495,0.7056656612189528,-0.4590770198599157,24
328,cf::GUM_academic_art::20,13,sentence,"While studies of the psychology of art have focused on individual works and distinctions between representative / non-representative topics, no work has been completed on the aesthetic appreciation of collections or of devotional themes.",6.3259483417496085,5.274445520953371,4.690589663526043,65.89797318195119,17.698424957692623,0.8337794170944153,-0.01813510556899261,40
329,cf::GUM_academic_art::20,13,prev1,"While studies of the psychology of art have focused on individual works and distinctions between representative / non-representative topics, no work has been completed on the aesthetic appreciation of collections or of devotional themes.",6.293169102258981,5.3997795010390295,4.7200424502789975,66.52927746531239,16.190582402050495,0.8580382019451437,-0.04465002923798499,40
330,cf::GUM_academic_art::20,13,prev3,"While studies of the psychology of art have focused on individual works and distinctions between representative / non-representative topics, no work has been completed on the aesthetic appreciation of collections or of devotional themes.",5.962565826438367,5.151894582737998,4.391083230571821,55.713371848791304,16.83886917680502,0.864039866846282,-0.014655586759128387,40
331,cf::GUM_academic_art::20,13,document,"While studies of the psychology of art have focused on individual works and distinctions between representative / non-representative topics, no work has been completed on the aesthetic appreciation of collections or of devotional themes.",5.8958150409162045,5.176931978093287,4.401325967907906,52.70533957165148,17.140609070658684,0.878068925528708,0.00032512400488016776,40
332,cf::GUM_academic_art::20,13,"sent[-2,+0]","While studies of the psychology of art have focused on individual works and distinctions between representative / non-representative topics, no work has been completed on the aesthetic appreciation of collections or of devotional themes.",6.076854511909187,5.333469803418211,4.542318866560235,61.096806443649314,16.771715320646763,0.8776694905178133,-0.024812103629699482,40
333,cf::GUM_academic_art::20,13,"sent[-2,+2]","While studies of the psychology of art have focused on individual works and distinctions between representative / non-representative topics, no work has been completed on the aesthetic appreciation of collections or of devotional themes.",5.873791231587529,5.159730971206521,4.301878082957119,54.64144513300542,17.35920262336731,0.8784328158377503,-0.011773743670552653,40
334,cf::GUM_academic_art::20,13,"tok[-64,+0]","While studies of the psychology of art have focused on individual works and distinctions between representative / non-representative topics, no work has been completed on the aesthetic appreciation of collections or of devotional themes.",5.988005817681551,5.166934245820273,4.401171889267862,55.80143065952183,16.855925858020782,0.8628806322404038,-0.019322375092117337,40
335,cf::GUM_academic_art::20,13,"tok[-64,+64]","While studies of the psychology of art have focused on individual works and distinctions between representative / non-representative topics, no work has been completed on the aesthetic appreciation of collections or of devotional themes.",6.137327853962779,5.769367913845397,4.482734399940819,59.230349023075924,25.95581603050232,0.9400455786503574,-0.05283354394012065,40
336,cf::GUM_academic_art::20,14,sentence,"In this paper, we report upon the novel insights eye-tracking techniques have provided into the unconscious processes of viewing the unique collection of Zurbarán artworks.",7.060842578299344,5.521334447998813,4.607702876441181,71.27120356022583,22.507003158330917,0.7819653797364036,0.07133223734184291,32
337,cf::GUM_academic_art::20,14,prev1,"In this paper, we report upon the novel insights eye-tracking techniques have provided into the unconscious processes of viewing the unique collection of Zurbarán artworks.",6.655729308724403,5.323993643498915,4.3438503900542855,63.335842624835415,21.588251769542694,0.7999113840943269,0.024934139922042877,32
338,cf::GUM_academic_art::20,14,prev3,"In this paper, we report upon the novel insights eye-tracking techniques have provided into the unconscious processes of viewing the unique collection of Zurbarán artworks.",5.258302076908876,4.541840539983676,3.7506115255855548,41.262687031287804,19.11938711348921,0.863746599863206,-0.10904625384469864,32
339,cf::GUM_academic_art::20,14,document,"In this paper, we report upon the novel insights eye-tracking techniques have provided into the unconscious processes of viewing the unique collection of Zurbarán artworks.",4.993737418240926,4.525125741594459,3.890631502928045,40.787812413484254,16.08560224552639,0.906160128697448,-0.09513808478560468,32
340,cf::GUM_academic_art::20,14,"sent[-2,+0]","In this paper, we report upon the novel insights eye-tracking techniques have provided into the unconscious processes of viewing the unique collection of Zurbarán artworks.",6.626123676076531,5.07249523249132,4.177497005672194,57.217362971849255,19.586639374494553,0.7655298150871299,0.012027940617278987,32
341,cf::GUM_academic_art::20,14,"sent[-2,+2]","In this paper, we report upon the novel insights eye-tracking techniques have provided into the unconscious processes of viewing the unique collection of Zurbarán artworks.",6.441468460485339,5.322154925426508,4.329704567557201,61.47915321898531,21.190654754638672,0.8262331730838754,0.02472474028375515,32
342,cf::GUM_academic_art::20,14,"tok[-64,+0]","In this paper, we report upon the novel insights eye-tracking techniques have provided into the unconscious processes of viewing the unique collection of Zurbarán artworks.",6.620036371983588,5.100812656920693,4.200090117345098,57.6772005966837,19.674389243125916,0.7705112737004973,0.011529718637685041,32
343,cf::GUM_academic_art::20,14,"tok[-64,+64]","In this paper, we report upon the novel insights eye-tracking techniques have provided into the unconscious processes of viewing the unique collection of Zurbarán artworks.",6.6430827411822975,5.623510360623845,4.39984748972347,67.65236991248189,20.996790811419487,0.8465211980218397,-0.027451984794629965,32
344,cf::GUM_academic_art::20,15,sentence,The purpose of this pilot study was to assess the effects of different written interpretation on the visual exploration of artworks.,5.469719502427008,4.894222270145625,4.383163670018062,44.78430681263587,14.18823541328311,0.8947848729672472,0.09232335020475112,23
345,cf::GUM_academic_art::20,15,prev1,The purpose of this pilot study was to assess the effects of different written interpretation on the visual exploration of artworks.,4.927381906982349,4.87042352063272,4.1977941932294,44.34346774629637,14.508632723242044,0.9884404360317766,-0.07117149433702696,23
346,cf::GUM_academic_art::20,15,prev3,The purpose of this pilot study was to assess the effects of different written interpretation on the visual exploration of artworks.,4.775856989557329,4.738172088563295,4.003231863922568,39.66461415060827,15.061981283128262,0.9921092903166,-0.07799724012377703,23
347,cf::GUM_academic_art::20,15,document,The purpose of this pilot study was to assess the effects of different written interpretation on the visual exploration of artworks.,4.443004653829595,4.295034226131518,3.5058830567197217,25.890779584154416,14.964713536202908,0.96669586479714,-0.08659120090305812,23
348,cf::GUM_academic_art::20,15,"sent[-2,+0]",The purpose of this pilot study was to assess the effects of different written interpretation on the visual exploration of artworks.,4.6541396630523,4.790843524210819,4.091748207596278,40.457236752640135,14.273495141416788,1.0293725309198962,-0.10306660562621149,23
349,cf::GUM_academic_art::20,15,"sent[-2,+2]",The purpose of this pilot study was to assess the effects of different written interpretation on the visual exploration of artworks.,4.7666973640899295,4.796940887295526,4.030782111024306,41.4770866164562,14.85228761844337,1.0063447542177604,-0.08532278836252008,23
350,cf::GUM_academic_art::20,15,"tok[-64,+0]",The purpose of this pilot study was to assess the effects of different written interpretation on the visual exploration of artworks.,4.742563006022702,4.752695295340395,4.0429296521698825,41.50469228571414,14.13451886922121,1.0021364585572876,-0.091196046420649,23
351,cf::GUM_academic_art::20,15,"tok[-64,+64]",The purpose of this pilot study was to assess the effects of different written interpretation on the visual exploration of artworks.,5.187706132945807,5.2972807687158605,4.377693369618435,45.087365686565676,17.667732253670692,1.0211219820402264,-0.1574364675157391,23
352,cf::GUM_academic_art::20,16,sentence,We will discuss the potential implications of these techniques and our understanding of visual behaviours on museum and gallery practice.,6.780810431355522,4.279474226382912,3.405268786310339,41.600416343117246,15.278901517391205,0.6311154499459176,0.1701602932694671,21
353,cf::GUM_academic_art::20,16,prev1,We will discuss the potential implications of these techniques and our understanding of visual behaviours on museum and gallery practice.,6.125458307209469,4.1483482204824655,3.308976077168436,32.08753570626302,14.54234430193901,0.6772306678832493,0.04506599028389166,21
354,cf::GUM_academic_art::20,16,prev3,We will discuss the potential implications of these techniques and our understanding of visual behaviours on museum and gallery practice.,5.778029065756571,4.305574775493356,3.398309802927938,33.719415259287665,16.004616513848305,0.7451632254690963,0.10065733755563755,21
355,cf::GUM_academic_art::20,16,document,We will discuss the potential implications of these techniques and our understanding of visual behaviours on museum and gallery practice.,5.758117172334876,4.099292115050916,3.184525013071339,30.739253906770546,15.122513614594936,0.7119153696187606,0.0725053390318695,21
356,cf::GUM_academic_art::20,16,"sent[-2,+0]",We will discuss the potential implications of these techniques and our understanding of visual behaviours on museum and gallery practice.,5.861866770755677,4.2836318549889745,3.495060910713646,31.751835020596424,14.383150398731232,0.7307624042838411,0.13941281910066478,21
357,cf::GUM_academic_art::20,16,"sent[-2,+2]",We will discuss the potential implications of these techniques and our understanding of visual behaviours on museum and gallery practice.,5.781806995116529,4.130686194933128,3.3745744780483156,30.559634658592415,13.818365179002285,0.714428239894901,0.1047216118349656,21
358,cf::GUM_academic_art::20,16,"tok[-64,+0]",We will discuss the potential implications of these techniques and our understanding of visual behaviours on museum and gallery practice.,5.8204617241308805,4.241224271067402,3.415927048781021,31.653539328175373,15.174585022032261,0.728674883898615,0.11815028010637717,21
359,cf::GUM_academic_art::20,16,"tok[-64,+64]",We will discuss the potential implications of these techniques and our understanding of visual behaviours on museum and gallery practice.,6.140053602911177,5.675464623849451,3.9140171843861773,46.57009455863918,25.568560630083084,0.9243347030648965,-0.07882756962404636,21
360,cf::GUM_academic_art::20,17,sentence,"The project brings together established research strengths in Spanish art history, experimental psychology, digital humanities, and museum studies to explore, using eye-tracking techniques, aesthetic reactions to digital representations of the individual Zurbarán artworks as well as the significance of the collection as a whole.",6.40653448716568,4.929746736799579,3.9305682146265988,43.72126819008503,25.603364593116567,0.7694872706414716,-0.0697603763317324,55
361,cf::GUM_academic_art::20,17,prev1,"The project brings together established research strengths in Spanish art history, experimental psychology, digital humanities, and museum studies to explore, using eye-tracking techniques, aesthetic reactions to digital representations of the individual Zurbarán artworks as well as the significance of the collection as a whole.",5.956316141500561,4.683105686865871,3.71584362705015,40.314629951370854,25.399941586656496,0.7862419615769534,-0.047747770900983276,55
362,cf::GUM_academic_art::20,17,prev3,"The project brings together established research strengths in Spanish art history, experimental psychology, digital humanities, and museum studies to explore, using eye-tracking techniques, aesthetic reactions to digital representations of the individual Zurbarán artworks as well as the significance of the collection as a whole.",5.136939281508835,4.341872474306414,3.6981355632024173,37.124457493975484,17.921800760086626,0.8452255781834175,-0.07204274278380061,55
363,cf::GUM_academic_art::20,17,document,"The project brings together established research strengths in Spanish art history, experimental psychology, digital humanities, and museum studies to explore, using eye-tracking techniques, aesthetic reactions to digital representations of the individual Zurbarán artworks as well as the significance of the collection as a whole.",4.955331879574805,4.1848798612850135,3.564232706833969,36.859993030848464,15.91475513461046,0.8445206018459654,-0.061243599012993435,55
364,cf::GUM_academic_art::20,17,"sent[-2,+0]","The project brings together established research strengths in Spanish art history, experimental psychology, digital humanities, and museum studies to explore, using eye-tracking techniques, aesthetic reactions to digital representations of the individual Zurbarán artworks as well as the significance of the collection as a whole.",5.861334423176859,4.746426602158029,3.772002293163879,42.28939565661465,25.62224800151307,0.8097860076691294,-0.044913613534056186,55
365,cf::GUM_academic_art::20,17,"sent[-2,+2]","The project brings together established research strengths in Spanish art history, experimental psychology, digital humanities, and museum studies to explore, using eye-tracking techniques, aesthetic reactions to digital representations of the individual Zurbarán artworks as well as the significance of the collection as a whole.",6.0350345221221104,4.8151070451260525,3.8740525638355208,43.0783135614433,25.744796441169456,0.7978590723011982,-0.051878540562351666,55
366,cf::GUM_academic_art::20,17,"tok[-64,+0]","The project brings together established research strengths in Spanish art history, experimental psychology, digital humanities, and museum studies to explore, using eye-tracking techniques, aesthetic reactions to digital representations of the individual Zurbarán artworks as well as the significance of the collection as a whole.",5.173647249578922,4.276714567975186,3.650286861038651,36.476829563535354,16.914508763700724,0.8266343570917526,-0.06913629535042719,55
367,cf::GUM_academic_art::20,17,"tok[-64,+64]","The project brings together established research strengths in Spanish art history, experimental psychology, digital humanities, and museum studies to explore, using eye-tracking techniques, aesthetic reactions to digital representations of the individual Zurbarán artworks as well as the significance of the collection as a whole.",5.618356252377006,4.962284129168345,4.007887768650596,45.785523369629395,21.379681300837547,0.8832270340758311,-0.09199730257680425,55
368,cf::GUM_academic_art::20,18,sentence,Our experience of art develops from the interaction of several cognitive and affective processes; the beginning of which is a visual scan of the artwork.,6.175675609548177,4.053098817643425,3.732352940460705,41.62570796027777,12.453057996928692,0.6563004720288339,-0.1350934148246659,28
369,cf::GUM_academic_art::20,18,prev1,Our experience of art develops from the interaction of several cognitive and affective processes; the beginning of which is a visual scan of the artwork.,5.943054446950555,4.200568158668911,3.7342918684173907,43.22555797606029,14.212618209421635,0.7068029068494011,-0.14380874540442687,28
370,cf::GUM_academic_art::20,18,prev3,Our experience of art develops from the interaction of several cognitive and affective processes; the beginning of which is a visual scan of the artwork.,5.852303661938224,4.308636989495753,3.747906754667661,45.28002697696704,15.980859652161598,0.736229225000395,-0.14243074672089676,28
371,cf::GUM_academic_art::20,18,document,Our experience of art develops from the interaction of several cognitive and affective processes; the beginning of which is a visual scan of the artwork.,5.5297141788261275,4.061002607506093,3.576087233211313,40.05834790273665,14.226423561573029,0.7343964762330955,-0.12447394977094804,28
372,cf::GUM_academic_art::20,18,"sent[-2,+0]",Our experience of art develops from the interaction of several cognitive and affective processes; the beginning of which is a visual scan of the artwork.,5.883378164443586,4.132374057089812,3.689414443419676,43.19823028352266,13.965043384581804,0.7023811731266856,-0.11603714982746013,28
373,cf::GUM_academic_art::20,18,"sent[-2,+2]",Our experience of art develops from the interaction of several cognitive and affective processes; the beginning of which is a visual scan of the artwork.,5.883420502766967,4.222575813265757,3.635776756863509,41.069861864327606,16.62687274068594,0.7177076347474881,-0.1506057523647715,28
374,cf::GUM_academic_art::20,18,"tok[-64,+0]",Our experience of art develops from the interaction of several cognitive and affective processes; the beginning of which is a visual scan of the artwork.,5.912875379302672,4.264910856561578,3.7416595541777053,43.881370990817366,15.164408460259438,0.7212921942326739,-0.1317329648770003,28
375,cf::GUM_academic_art::20,18,"tok[-64,+64]",Our experience of art develops from the interaction of several cognitive and affective processes; the beginning of which is a visual scan of the artwork.,6.366004202514887,5.893861303109276,4.010650812249098,56.939358873295944,30.68987448513508,0.9258337122650514,-0.24809215615845506,28
376,cf::GUM_academic_art::20,19,sentence,"When regarding an artwork, a viewer gathers information through a series fixations, interspersed by rapid movements of the eye called saccades.",7.35441633031286,5.512733790213139,4.284404294527668,66.14804009670937,25.103078573942184,0.749581413754234,-0.16521975625618346,29
377,cf::GUM_academic_art::20,19,prev1,"When regarding an artwork, a viewer gathers information through a series fixations, interspersed by rapid movements of the eye called saccades.",6.564591681135112,5.920406282193467,4.383046520734372,69.40867678619762,27.225269973278046,0.9018696927041384,-0.16556271100279155,29
378,cf::GUM_academic_art::20,19,prev3,"When regarding an artwork, a viewer gathers information through a series fixations, interspersed by rapid movements of the eye called saccades.",6.686316710093926,6.009087586964282,4.310253730285182,70.2652784812879,28.26676109433174,0.8987141721678735,-0.17924303524012672,29
379,cf::GUM_academic_art::20,19,document,"When regarding an artwork, a viewer gathers information through a series fixations, interspersed by rapid movements of the eye called saccades.",6.648993630861414,6.23768044965433,4.490266286306234,75.27441012850868,29.22044664621353,0.9381390321539839,-0.17160911217992558,29
380,cf::GUM_academic_art::20,19,"sent[-2,+0]","When regarding an artwork, a viewer gathers information through a series fixations, interspersed by rapid movements of the eye called saccades.",6.670155448646381,5.9175010311312075,4.250479854917979,68.4862118678951,27.951252356171608,0.8871608880317903,-0.1624969313223965,29
381,cf::GUM_academic_art::20,19,"sent[-2,+2]","When regarding an artwork, a viewer gathers information through a series fixations, interspersed by rapid movements of the eye called saccades.",6.193854570501195,6.1704002072748665,4.4198213773807264,74.91428105432593,28.823523108381778,0.9962132848036129,-0.22830349696442287,29
382,cf::GUM_academic_art::20,19,"tok[-64,+0]","When regarding an artwork, a viewer gathers information through a series fixations, interspersed by rapid movements of the eye called saccades.",6.577680305160325,5.912951836809975,4.294658165199153,68.3272239489902,27.770413488149643,0.8989418096484778,-0.16959784249660437,29
383,cf::GUM_academic_art::20,19,"tok[-64,+64]","When regarding an artwork, a viewer gathers information through a series fixations, interspersed by rapid movements of the eye called saccades.",6.576007779478898,6.7868554885820895,4.78985938365714,75.26363076429821,28.494382376316935,1.0320631781734144,-0.2926163988298022,29
384,cf::GUM_academic_art::20,20,sentence,"An interaction between the goals of the observer and the physical properties of the different elements of the scene (e.g. colour, texture, brightness etc) determines the direction of saccades.",4.791558288069679,4.480734707375734,3.881489196239071,48.16827168617466,14.648574077327794,0.9351310028998596,-0.04550898822086992,39
385,cf::GUM_academic_art::20,20,prev1,"An interaction between the goals of the observer and the physical properties of the different elements of the scene (e.g. colour, texture, brightness etc) determines the direction of saccades.",4.381676750778682,4.518105629739953,3.839355870271727,44.457292233351346,15.932419979122642,1.0311362263172485,-0.10521674323757067,39
386,cf::GUM_academic_art::20,20,prev3,"An interaction between the goals of the observer and the physical properties of the different elements of the scene (e.g. colour, texture, brightness etc) determines the direction of saccades.",4.319437930745503,4.3309126462878496,3.8146694080460506,41.028672837049974,15.576125597639475,1.002656529790756,-0.0822188303870929,39
387,cf::GUM_academic_art::20,20,document,"An interaction between the goals of the observer and the physical properties of the different elements of the scene (e.g. colour, texture, brightness etc) determines the direction of saccades.",4.183553725686066,4.3379288847654305,3.757264795797061,39.046078192237054,16.5825343825054,1.0369004844210645,-0.09011045787896887,39
388,cf::GUM_academic_art::20,20,"sent[-2,+0]","An interaction between the goals of the observer and the physical properties of the different elements of the scene (e.g. colour, texture, brightness etc) determines the direction of saccades.",4.304128707351106,4.31417127348433,3.7450516246663765,41.286445737755436,15.203639154919074,1.0023332402016865,-0.08479748794031373,39
389,cf::GUM_academic_art::20,20,"sent[-2,+2]","An interaction between the goals of the observer and the physical properties of the different elements of the scene (e.g. colour, texture, brightness etc) determines the direction of saccades.",4.495510613841664,4.464650816324188,3.9390273412697536,44.573656777558675,15.527127921275678,0.993135418828184,-0.07340956593669308,39
390,cf::GUM_academic_art::20,20,"tok[-64,+0]","An interaction between the goals of the observer and the physical properties of the different elements of the scene (e.g. colour, texture, brightness etc) determines the direction of saccades.",4.350547016587277,4.353081353811906,3.7977221707121362,42.11889887224117,14.9933003743281,1.0005825330044629,-0.08699978514146192,39
391,cf::GUM_academic_art::20,20,"tok[-64,+64]","An interaction between the goals of the observer and the physical properties of the different elements of the scene (e.g. colour, texture, brightness etc) determines the direction of saccades.",4.8779368255942614,5.236732435534643,4.205936297774506,48.19102521133896,24.979580128128873,1.0735547881755665,-0.11474926957493793,39
392,cf::GUM_academic_art::20,21,sentence,"Importantly, studying eye movements offers an insight that does not depend on the participants’ beliefs, memories or subjective impressions of the artwork.",5.949855510411518,4.808572034456672,4.226473153758871,58.71302842259746,14.35661331564188,0.8081829930226474,-0.11000872799157105,28
393,cf::GUM_academic_art::20,21,prev1,"Importantly, studying eye movements offers an insight that does not depend on the participants’ beliefs, memories or subjective impressions of the artwork.",5.9610092924309095,5.46686646196067,4.676035637309186,72.24369822951451,21.11680591944605,0.917104167058138,-0.12723575728666578,28
394,cf::GUM_academic_art::20,21,prev3,"Importantly, studying eye movements offers an insight that does not depend on the participants’ beliefs, memories or subjective impressions of the artwork.",5.3649942535640935,5.06716631655366,4.149393957393357,54.080098259737085,21.500369758345187,0.9444868115538839,-0.2028160097824788,28
395,cf::GUM_academic_art::20,21,document,"Importantly, studying eye movements offers an insight that does not depend on the participants’ beliefs, memories or subjective impressions of the artwork.",5.383736050305223,4.985845880215316,3.9372144740286315,47.86587498592309,22.556983602698892,0.9260940420607453,-0.21634371806005914,28
396,cf::GUM_academic_art::20,21,"sent[-2,+0]","Importantly, studying eye movements offers an insight that does not depend on the participants’ beliefs, memories or subjective impressions of the artwork.",5.718449382809922,5.3554509015372025,4.451148742926307,66.15341653898999,22.117787237279117,0.9365215188642012,-0.17414005901271962,28
397,cf::GUM_academic_art::20,21,"sent[-2,+2]","Importantly, studying eye movements offers an insight that does not depend on the participants’ beliefs, memories or subjective impressions of the artwork.",5.575850457884371,5.263899461561152,4.340363356950028,61.19597477431149,22.621520224958658,0.9440531989371929,-0.1851256538802357,28
398,cf::GUM_academic_art::20,21,"tok[-64,+0]","Importantly, studying eye movements offers an insight that does not depend on the participants’ beliefs, memories or subjective impressions of the artwork.",5.801899359029319,5.287213764492282,4.507376218167115,69.78658353469254,19.944972779601812,0.9112901547083806,-0.11614264153784153,28
399,cf::GUM_academic_art::20,21,"tok[-64,+64]","Importantly, studying eye movements offers an insight that does not depend on the participants’ beliefs, memories or subjective impressions of the artwork.",5.908607868078564,5.222131339158882,3.997333918270484,52.938069148649774,24.503463856875896,0.8838175515710914,-0.201960818313947,28
400,cf::GUM_academic_art::20,22,sentence,"Previous eye tracking research has highlighted the potential to transform the ways we understand visual processing in the arts (see for example Brieber 2014; Binderman et al., 2005) and at the same time offers a direct way of studying several important factors of a museum visit (Filippini Fantoni et al., 2013; Heidenreich & Turano 2011; Milekic 2010).",6.246280289614776,4.03824871858297,3.2092548972035124,31.068186638866568,17.892851116892416,0.6465045645321208,-0.007715131500603627,78
401,cf::GUM_academic_art::20,22,prev1,"Previous eye tracking research has highlighted the potential to transform the ways we understand visual processing in the arts (see for example Brieber 2014; Binderman et al., 2005) and at the same time offers a direct way of studying several important factors of a museum visit (Filippini Fantoni et al., 2013; Heidenreich & Turano 2011; Milekic 2010).",5.933936834700991,4.011500047751351,3.1466502161620165,30.020677541090325,17.8649406285258,0.676026752474437,0.0021605261749979396,78
402,cf::GUM_academic_art::20,22,prev3,"Previous eye tracking research has highlighted the potential to transform the ways we understand visual processing in the arts (see for example Brieber 2014; Binderman et al., 2005) and at the same time offers a direct way of studying several important factors of a museum visit (Filippini Fantoni et al., 2013; Heidenreich & Turano 2011; Milekic 2010).",5.995232872076135,4.1173666882948945,3.1471163492791123,31.41562237507015,19.94998222932918,0.6867734375210449,-0.0011587450399874,78
403,cf::GUM_academic_art::20,22,document,"Previous eye tracking research has highlighted the potential to transform the ways we understand visual processing in the arts (see for example Brieber 2014; Binderman et al., 2005) and at the same time offers a direct way of studying several important factors of a museum visit (Filippini Fantoni et al., 2013; Heidenreich & Turano 2011; Milekic 2010).",5.91186109721177,4.10134239223822,3.0764589190070475,30.097750176691612,21.08494088286534,0.6937480980689058,0.001194000876876521,78
404,cf::GUM_academic_art::20,22,"sent[-2,+0]","Previous eye tracking research has highlighted the potential to transform the ways we understand visual processing in the arts (see for example Brieber 2014; Binderman et al., 2005) and at the same time offers a direct way of studying several important factors of a museum visit (Filippini Fantoni et al., 2013; Heidenreich & Turano 2011; Milekic 2010).",5.962555538951001,4.090422880777621,3.1576583397982367,31.024233880804303,18.833401970216073,0.6860184117458558,-0.0010743280961722078,78
405,cf::GUM_academic_art::20,22,"sent[-2,+2]","Previous eye tracking research has highlighted the potential to transform the ways we understand visual processing in the arts (see for example Brieber 2014; Binderman et al., 2005) and at the same time offers a direct way of studying several important factors of a museum visit (Filippini Fantoni et al., 2013; Heidenreich & Turano 2011; Milekic 2010).",6.11135733563256,4.072116739170131,3.0633781860263136,30.08990706816244,18.673717211931944,0.6663195286303192,-0.0045721075032634,78
406,cf::GUM_academic_art::20,22,"tok[-64,+0]","Previous eye tracking research has highlighted the potential to transform the ways we understand visual processing in the arts (see for example Brieber 2014; Binderman et al., 2005) and at the same time offers a direct way of studying several important factors of a museum visit (Filippini Fantoni et al., 2013; Heidenreich & Turano 2011; Milekic 2010).",5.987416464477951,4.0845428022068875,3.1523293312687026,31.067751877136967,18.88761450763559,0.6821878562213933,-0.0014740280666389303,78
407,cf::GUM_academic_art::20,22,"tok[-64,+64]","Previous eye tracking research has highlighted the potential to transform the ways we understand visual processing in the arts (see for example Brieber 2014; Binderman et al., 2005) and at the same time offers a direct way of studying several important factors of a museum visit (Filippini Fantoni et al., 2013; Heidenreich & Turano 2011; Milekic 2010).",6.315389800495886,4.547306458198753,3.1640250091821374,31.4434515544994,27.79704663634766,0.7200357542208553,-0.017224190103332718,78
408,cf::GUM_academic_art::20,23,sentence,Zurbarán’s cycle of Jacob and his Sons has been on display in the Long Room at Auckland Castle for over 250 years.,6.926403585436015,5.0000021502157095,4.322991023094844,55.9269221900244,16.299973390996456,0.7218756586360483,-0.15740778900939864,29
409,cf::GUM_academic_art::20,23,prev1,Zurbarán’s cycle of Jacob and his Sons has been on display in the Long Room at Auckland Castle for over 250 years.,7.385605224119178,6.213171200559366,5.433253084259567,86.74028171376827,20.689654801040888,0.8412541710554751,-0.2332350570671814,29
410,cf::GUM_academic_art::20,23,prev3,Zurbarán’s cycle of Jacob and his Sons has been on display in the Long Room at Auckland Castle for over 250 years.,7.220270632669844,6.1409496475452725,5.420015007080277,84.85188620900225,19.975996166467667,0.8505151620991982,-0.21865115513648914,29
411,cf::GUM_academic_art::20,23,document,Zurbarán’s cycle of Jacob and his Sons has been on display in the Long Room at Auckland Castle for over 250 years.,5.4240460700580275,5.776393808015746,4.806362657246316,70.74785440851714,20.80742783192545,1.0649603143864796,-0.09054757658612435,29
412,cf::GUM_academic_art::20,23,"sent[-2,+0]",Zurbarán’s cycle of Jacob and his Sons has been on display in the Long Room at Auckland Castle for over 250 years.,7.277342731454249,6.246820366504375,5.524459530815356,89.58123662107451,19.74735401943326,0.8583930422163939,-0.21673673880401226,29
413,cf::GUM_academic_art::20,23,"sent[-2,+2]",Zurbarán’s cycle of Jacob and his Sons has been on display in the Long Room at Auckland Castle for over 250 years.,7.0388222857025164,5.9077090475713,5.095798802370478,74.4412054536332,20.308840077370405,0.8393036232170871,-0.2338588280172039,29
414,cf::GUM_academic_art::20,23,"tok[-64,+0]",Zurbarán’s cycle of Jacob and his Sons has been on display in the Long Room at Auckland Castle for over 250 years.,7.327444513103571,6.0517369434553006,5.313607545177518,81.05602977619853,20.47786700539291,0.8259000709774138,-0.2248668201038332,29
415,cf::GUM_academic_art::20,23,"tok[-64,+64]",Zurbarán’s cycle of Jacob and his Sons has been on display in the Long Room at Auckland Castle for over 250 years.,7.138934145970591,5.774056568767158,4.961356252963421,66.3774631869956,21.20239655673504,0.8088121350756811,-0.2457959871206967,29
416,cf::GUM_academic_art::20,24,sentence,"It is the only cycle to be preserved in purpose-built surroundings in the UK, and one of very few of its kind in the world.",5.425998339879102,4.416292640617744,3.4622724057661367,48.93869835193768,16.571203961968422,0.8139133785131503,-0.17645487445475452,29
417,cf::GUM_academic_art::20,24,prev1,"It is the only cycle to be preserved in purpose-built surroundings in the UK, and one of very few of its kind in the world.",4.818279583649389,4.2913214221514595,3.505956562623541,49.00450389678106,16.238424189388752,0.8906335441209893,-0.15489497892742105,29
418,cf::GUM_academic_art::20,24,prev3,"It is the only cycle to be preserved in purpose-built surroundings in the UK, and one of very few of its kind in the world.",5.059286247039664,4.601817288941735,3.837223217830364,55.566122585303276,16.279952943325043,0.9095783603140449,-0.1838146456650328,29
419,cf::GUM_academic_art::20,24,document,"It is the only cycle to be preserved in purpose-built surroundings in the UK, and one of very few of its kind in the world.",4.348322501438188,4.138235998216144,3.3795196827408045,37.506388940517056,15.88409252744168,0.9516856205691829,-0.111457982915798,29
420,cf::GUM_academic_art::20,24,"sent[-2,+0]","It is the only cycle to be preserved in purpose-built surroundings in the UK, and one of very few of its kind in the world.",4.960836285147174,4.518003671292337,3.7717867190999446,53.54285148956281,16.356136322021484,0.9107342818023071,-0.17612698959012352,29
421,cf::GUM_academic_art::20,24,"sent[-2,+2]","It is the only cycle to be preserved in purpose-built surroundings in the UK, and one of very few of its kind in the world.",5.483513884503266,4.677035560690432,3.8135943472314535,54.84322567824703,15.985335499048233,0.8529267289553165,-0.19922758289452286,29
422,cf::GUM_academic_art::20,24,"tok[-64,+0]","It is the only cycle to be preserved in purpose-built surroundings in the UK, and one of very few of its kind in the world.",4.831892509655706,4.438494100315387,3.604757688966149,51.35276173049579,16.84281275421381,0.9185829551145477,-0.17238512274446763,29
423,cf::GUM_academic_art::20,24,"tok[-64,+64]","It is the only cycle to be preserved in purpose-built surroundings in the UK, and one of very few of its kind in the world.",5.649138465780636,5.496148486111191,4.22049935605027,58.580614445395234,23.933820761740208,0.9729179979219532,-0.26033238466517145,29
424,cf::GUM_academic_art::20,25,sentence,"It has a long history in scholarship (Baron & Beresford 2014), but many key aspects of its production and significance have not yet been fully understood.",6.113601035904139,4.37982609389703,3.656289947190089,25.852511880166887,15.242160454392433,0.7164069209251727,-0.18039232794239085,32
425,cf::GUM_academic_art::20,25,prev1,"It has a long history in scholarship (Baron & Beresford 2014), but many key aspects of its production and significance have not yet been fully understood.",5.797584634274244,4.542449344618178,3.926494427258149,31.71309720269358,16.10806891322136,0.7835072070813871,-0.1890221589253093,32
426,cf::GUM_academic_art::20,25,prev3,"It has a long history in scholarship (Baron & Beresford 2014), but many key aspects of its production and significance have not yet been fully understood.",5.07459675334394,3.842020746394114,3.122463471721858,24.60109964392372,13.220530956983566,0.7571085808665267,-0.16892015664152712,32
427,cf::GUM_academic_art::20,25,document,"It has a long history in scholarship (Baron & Beresford 2014), but many key aspects of its production and significance have not yet been fully understood.",4.8666692327096825,4.267231487147666,3.4104605468719456,32.17539227923094,15.49030410242267,0.876827925445786,-0.1870084611773748,32
428,cf::GUM_academic_art::20,25,"sent[-2,+0]","It has a long history in scholarship (Baron & Beresford 2014), but many key aspects of its production and significance have not yet been fully understood.",5.584489105269313,4.1805352968742175,3.578194187604822,27.785116564648682,15.216667413711548,0.7485976278348583,-0.1772047806520265,32
429,cf::GUM_academic_art::20,25,"sent[-2,+2]","It has a long history in scholarship (Baron & Beresford 2014), but many key aspects of its production and significance have not yet been fully understood.",5.462882276857272,3.8663489009300234,3.246550131138065,21.707712556451018,15.129763834178448,0.7077488960926842,-0.2111666301836167,32
430,cf::GUM_academic_art::20,25,"tok[-64,+0]","It has a long history in scholarship (Baron & Beresford 2014), but many key aspects of its production and significance have not yet been fully understood.",5.357904724776745,3.9705095157446295,3.2910710000433028,24.808202127005554,14.721810936927795,0.7410563867221573,-0.17187813057665238,32
431,cf::GUM_academic_art::20,25,"tok[-64,+64]","It has a long history in scholarship (Baron & Beresford 2014), but many key aspects of its production and significance have not yet been fully understood.",5.662905303761363,4.825394279370309,3.495661783614196,31.147065386844194,24.196942269802094,0.8521057691297134,-0.2527284935182313,32
432,cf::GUM_academic_art::20,26,sentence,"In this study we used eye-tracking in the first stage of exploring audience experience of the extensive Spanish art collections of County Durham, of which the 13 Zurbarán artworks (there are actually only 12 Zurbarán artworks, the 13th Benjamin, is a copy by Arthur Pond) are a key part of, to investigate the ways in which audiences look at Spanish art, how aesthetic experience is evaluated and whether audiences can be encouraged to approach art in different ways.",6.1015588936506235,4.403729780432247,3.544669387441057,34.98447156225343,19.66068106831517,0.7217384699858976,-0.03112133249740612,95
433,cf::GUM_academic_art::20,26,prev1,"In this study we used eye-tracking in the first stage of exploring audience experience of the extensive Spanish art collections of County Durham, of which the 13 Zurbarán artworks (there are actually only 12 Zurbarán artworks, the 13th Benjamin, is a copy by Arthur Pond) are a key part of, to investigate the ways in which audiences look at Spanish art, how aesthetic experience is evaluated and whether audiences can be encouraged to approach art in different ways.",6.0983288111214184,4.378333037456927,3.5386019705116243,35.34209605488986,18.870378428604454,0.7179562094900878,-0.030807886746262787,95
434,cf::GUM_academic_art::20,26,prev3,"In this study we used eye-tracking in the first stage of exploring audience experience of the extensive Spanish art collections of County Durham, of which the 13 Zurbarán artworks (there are actually only 12 Zurbarán artworks, the 13th Benjamin, is a copy by Arthur Pond) are a key part of, to investigate the ways in which audiences look at Spanish art, how aesthetic experience is evaluated and whether audiences can be encouraged to approach art in different ways.",5.988937109240674,4.535670222636388,3.7380973293223625,41.84455546417079,19.40923957969062,0.7573414346993297,-0.025309566573740064,95
435,cf::GUM_academic_art::20,26,document,"In this study we used eye-tracking in the first stage of exploring audience experience of the extensive Spanish art collections of County Durham, of which the 13 Zurbarán artworks (there are actually only 12 Zurbarán artworks, the 13th Benjamin, is a copy by Arthur Pond) are a key part of, to investigate the ways in which audiences look at Spanish art, how aesthetic experience is evaluated and whether audiences can be encouraged to approach art in different ways.",5.525668693720486,4.472543320770424,3.6181671287932944,40.025521658838116,19.430159269890282,0.8094121397204178,-0.011430948821895786,95
436,cf::GUM_academic_art::20,26,"sent[-2,+0]","In this study we used eye-tracking in the first stage of exploring audience experience of the extensive Spanish art collections of County Durham, of which the 13 Zurbarán artworks (there are actually only 12 Zurbarán artworks, the 13th Benjamin, is a copy by Arthur Pond) are a key part of, to investigate the ways in which audiences look at Spanish art, how aesthetic experience is evaluated and whether audiences can be encouraged to approach art in different ways.",6.117945696500522,4.480694460155181,3.5968838406058006,37.185583649366755,19.477343198028393,0.7323854578699756,-0.02977179393813756,95
437,cf::GUM_academic_art::20,26,"sent[-2,+2]","In this study we used eye-tracking in the first stage of exploring audience experience of the extensive Spanish art collections of County Durham, of which the 13 Zurbarán artworks (there are actually only 12 Zurbarán artworks, the 13th Benjamin, is a copy by Arthur Pond) are a key part of, to investigate the ways in which audiences look at Spanish art, how aesthetic experience is evaluated and whether audiences can be encouraged to approach art in different ways.",5.837852186268489,4.3422354089638,3.438406788419489,33.96934480197128,19.780369116924703,0.7438070150486842,-0.020174470837715543,95
438,cf::GUM_academic_art::20,26,"tok[-64,+0]","In this study we used eye-tracking in the first stage of exploring audience experience of the extensive Spanish art collections of County Durham, of which the 13 Zurbarán artworks (there are actually only 12 Zurbarán artworks, the 13th Benjamin, is a copy by Arthur Pond) are a key part of, to investigate the ways in which audiences look at Spanish art, how aesthetic experience is evaluated and whether audiences can be encouraged to approach art in different ways.",6.1509031607891975,4.488284892493925,3.5955398350762118,37.39071791171852,19.368396232137457,0.7296952618447746,-0.030594746802939676,95
439,cf::GUM_academic_art::20,26,"tok[-64,+64]","In this study we used eye-tracking in the first stage of exploring audience experience of the extensive Spanish art collections of County Durham, of which the 13 Zurbarán artworks (there are actually only 12 Zurbarán artworks, the 13th Benjamin, is a copy by Arthur Pond) are a key part of, to investigate the ways in which audiences look at Spanish art, how aesthetic experience is evaluated and whether audiences can be encouraged to approach art in different ways.",5.968881437243698,4.58718495990371,3.5021494732555145,36.1585920800834,22.854004139779136,0.7685166824191392,-0.027642231104986904,95
440,cf::GUM_academic_art::20,27,sentence,"This pilot project primarily investigated how participants visually explore artworks and provides new insights into the potential eye-tracking has to transform the ways we understand visual processing in arts and culture and at the same time offer a direct way of studying several important factors of a museum visit, namely to assess the effects of label characteristics on visitor visual behaviour.",6.5870196177857,4.149949149641341,3.4872767646924,35.96606092254717,17.350861700018868,0.6300192485287289,-0.019023928815843444,66
441,cf::GUM_academic_art::20,27,prev1,"This pilot project primarily investigated how participants visually explore artworks and provides new insights into the potential eye-tracking has to transform the ways we understand visual processing in arts and culture and at the same time offer a direct way of studying several important factors of a museum visit, namely to assess the effects of label characteristics on visitor visual behaviour.",6.31030818469519,4.019182163505398,3.2580367820241736,35.78400436782206,16.958115749410354,0.6369232763073899,-0.0007040798299402577,66
442,cf::GUM_academic_art::20,27,prev3,"This pilot project primarily investigated how participants visually explore artworks and provides new insights into the potential eye-tracking has to transform the ways we understand visual processing in arts and culture and at the same time offer a direct way of studying several important factors of a museum visit, namely to assess the effects of label characteristics on visitor visual behaviour.",6.3872484378745975,4.1806176869919565,3.359256591399158,38.800508621457375,17.673141813254915,0.654525611091321,-0.011750723567111512,66
443,cf::GUM_academic_art::20,27,document,"This pilot project primarily investigated how participants visually explore artworks and provides new insights into the potential eye-tracking has to transform the ways we understand visual processing in arts and culture and at the same time offer a direct way of studying several important factors of a museum visit, namely to assess the effects of label characteristics on visitor visual behaviour.",5.078891270027573,6.585652027928353,4.9241786351714945,67.1085058492457,39.23555755306734,1.2966711980610286,0.011870308597645771,66
444,cf::GUM_academic_art::20,27,"sent[-2,+0]","This pilot project primarily investigated how participants visually explore artworks and provides new insights into the potential eye-tracking has to transform the ways we understand visual processing in arts and culture and at the same time offer a direct way of studying several important factors of a museum visit, namely to assess the effects of label characteristics on visitor visual behaviour.",6.356671943786116,4.061859858002804,3.287869518039183,36.377784129299194,16.770976425730623,0.6389915814317622,-0.004937739399849338,66
445,cf::GUM_academic_art::20,27,"sent[-2,+2]","This pilot project primarily investigated how participants visually explore artworks and provides new insights into the potential eye-tracking has to transform the ways we understand visual processing in arts and culture and at the same time offer a direct way of studying several important factors of a museum visit, namely to assess the effects of label characteristics on visitor visual behaviour.",6.356671943786116,4.061859858002804,3.287869518039183,36.377784129299194,16.770976425730623,0.6389915814317622,-0.004937739399849338,66
446,cf::GUM_academic_art::20,27,"tok[-64,+0]","This pilot project primarily investigated how participants visually explore artworks and provides new insights into the potential eye-tracking has to transform the ways we understand visual processing in arts and culture and at the same time offer a direct way of studying several important factors of a museum visit, namely to assess the effects of label characteristics on visitor visual behaviour.",6.534019657161976,4.09173137688777,3.3615086650008914,34.65677646515041,16.70240727032069,0.626219630729577,-0.012599108215582628,66
447,cf::GUM_academic_art::20,27,"tok[-64,+64]","This pilot project primarily investigated how participants visually explore artworks and provides new insights into the potential eye-tracking has to transform the ways we understand visual processing in arts and culture and at the same time offer a direct way of studying several important factors of a museum visit, namely to assess the effects of label characteristics on visitor visual behaviour.",6.534019657161976,4.09173137688777,3.3615086650008914,34.65677646515041,16.70240727032069,0.626219630729577,-0.012599108215582628,66
448,f::GUM_academic_census::-1,0,sentence,1 Introduction,10.097344875335693,1.7877154350280762,1.7877154350280762,12.783705906550495,3.5754308700561523,0.1770480712602819,3.5754308700561497,2
449,f::GUM_academic_census::-1,0,prev1,1 Introduction,10.097344875335693,1.7877154350280762,1.7877154350280762,12.783705906550495,3.5754308700561523,0.1770480712602819,3.5754308700561497,2
450,f::GUM_academic_census::-1,0,prev3,1 Introduction,10.097344875335693,1.7877154350280762,1.7877154350280762,12.783705906550495,3.5754308700561523,0.1770480712602819,3.5754308700561497,2
451,f::GUM_academic_census::-1,0,document,1 Introduction,10.097344875335693,1.7877154350280762,1.7877154350280762,12.783705906550495,3.5754308700561523,0.1770480712602819,3.5754308700561497,2
452,f::GUM_academic_census::-1,0,"sent[-2,+0]",1 Introduction,10.097344875335693,1.7877154350280762,1.7877154350280762,12.783705906550495,3.5754308700561523,0.1770480712602819,3.5754308700561497,2
453,f::GUM_academic_census::-1,0,"sent[-2,+2]",1 Introduction,10.097344875335693,1.7877154350280762,1.7877154350280762,12.783705906550495,3.5754308700561523,0.1770480712602819,3.5754308700561497,2
454,f::GUM_academic_census::-1,0,"tok[-64,+0]",1 Introduction,10.097344875335693,1.7877154350280762,1.7877154350280762,12.783705906550495,3.5754308700561523,0.1770480712602819,3.5754308700561497,2
455,f::GUM_academic_census::-1,0,"tok[-64,+64]",1 Introduction,10.097344875335693,1.7877154350280762,1.7877154350280762,12.783705906550495,3.5754308700561523,0.1770480712602819,3.5754308700561497,2
456,f::GUM_academic_census::-1,1,sentence,"Tenured and tenure-track university faculty play a special role in determining the speed and direction of scientific progress, both directly through their research and indirectly through their training of new researchers.",5.7259155665006904,4.026607758344001,3.400092001958394,40.50719018371678,12.81352449208498,0.7032251369373237,-0.1072113171967761,36
457,f::GUM_academic_census::-1,1,prev1,"Tenured and tenure-track university faculty play a special role in determining the speed and direction of scientific progress, both directly through their research and indirectly through their training of new researchers.",5.968201362631387,4.873614694201658,3.7209129655434756,46.89035721364557,23.364551916718483,0.8165968937839047,-0.15171685296193518,36
458,f::GUM_academic_census::-1,1,prev3,"Tenured and tenure-track university faculty play a special role in determining the speed and direction of scientific progress, both directly through their research and indirectly through their training of new researchers.",5.968201362631387,4.873614694201658,3.7209129655434756,46.89035721364557,23.364551916718483,0.8165968937839047,-0.15171685296193518,36
459,f::GUM_academic_census::-1,1,document,"Tenured and tenure-track university faculty play a special role in determining the speed and direction of scientific progress, both directly through their research and indirectly through their training of new researchers.",5.968201362631387,4.873614694201658,3.7209129655434756,46.89035721364557,23.364551916718483,0.8165968937839047,-0.15171685296193518,36
460,f::GUM_academic_census::-1,1,"sent[-2,+0]","Tenured and tenure-track university faculty play a special role in determining the speed and direction of scientific progress, both directly through their research and indirectly through their training of new researchers.",5.968201362631387,4.873614694201658,3.7209129655434756,46.89035721364557,23.364551916718483,0.8165968937839047,-0.15171685296193518,36
461,f::GUM_academic_census::-1,1,"sent[-2,+2]","Tenured and tenure-track university faculty play a special role in determining the speed and direction of scientific progress, both directly through their research and indirectly through their training of new researchers.",5.420007458370593,4.96330839208475,3.736724200141099,49.03521389018613,25.11195783317089,0.9157382956031689,-0.09619416453068941,36
462,f::GUM_academic_census::-1,1,"tok[-64,+0]","Tenured and tenure-track university faculty play a special role in determining the speed and direction of scientific progress, both directly through their research and indirectly through their training of new researchers.",5.968201362631387,4.873614694201658,3.7209129655434756,46.89035721364557,23.364551916718483,0.8165968937839047,-0.15171685296193518,36
463,f::GUM_academic_census::-1,1,"tok[-64,+64]","Tenured and tenure-track university faculty play a special role in determining the speed and direction of scientific progress, both directly through their research and indirectly through their training of new researchers.",5.543959487436546,5.41163470415568,3.7233703571176275,55.34257274215169,29.36480461061001,0.9761317189310754,-0.10071965142163991,36
464,f::GUM_academic_census::-1,2,sentence,"Past studies establish that each of these efforts is strongly and positively influenced through various forms of faculty diversity, including ethnic, racial, and gender diversity.",6.00746253068591,4.449897125220965,3.9768875143828493,41.421195286483034,15.443322885781527,0.7407282363378956,-0.24145975713732815,29
465,f::GUM_academic_census::-1,2,prev1,"Past studies establish that each of these efforts is strongly and positively influenced through various forms of faculty diversity, including ethnic, racial, and gender diversity.",5.840415618157592,4.841456333742538,4.040378651671404,45.342277567302396,21.550171744078398,0.8289575006769494,-0.2520977294026633,29
466,f::GUM_academic_census::-1,2,prev3,"Past studies establish that each of these efforts is strongly and positively influenced through various forms of faculty diversity, including ethnic, racial, and gender diversity.",5.855493802769945,4.916345480069291,4.067156019750163,47.141073008111846,22.209533413872123,0.8396124469884352,-0.25430319549084623,29
467,f::GUM_academic_census::-1,2,document,"Past studies establish that each of these efforts is strongly and positively influenced through various forms of faculty diversity, including ethnic, racial, and gender diversity.",5.855493802769945,4.916345480069291,4.067156019750163,47.141073008111846,22.209533413872123,0.8396124469884352,-0.25430319549084623,29
468,f::GUM_academic_census::-1,2,"sent[-2,+0]","Past studies establish that each of these efforts is strongly and positively influenced through various forms of faculty diversity, including ethnic, racial, and gender diversity.",5.855493802769945,4.916345480069291,4.067156019750163,47.141073008111846,22.209533413872123,0.8396124469884352,-0.25430319549084623,29
469,f::GUM_academic_census::-1,2,"sent[-2,+2]","Past studies establish that each of these efforts is strongly and positively influenced through various forms of faculty diversity, including ethnic, racial, and gender diversity.",5.930294130029607,4.841575668756317,4.069092509021162,49.20481524662521,21.61218927334994,0.816414087159644,-0.23468028078947642,29
470,f::GUM_academic_census::-1,2,"tok[-64,+0]","Past studies establish that each of these efforts is strongly and positively influenced through various forms of faculty diversity, including ethnic, racial, and gender diversity.",5.855493802769945,4.916345480069291,4.067156019750163,47.141073008111846,22.209533413872123,0.8396124469884352,-0.25430319549084623,29
471,f::GUM_academic_census::-1,2,"tok[-64,+64]","Past studies establish that each of these efforts is strongly and positively influenced through various forms of faculty diversity, including ethnic, racial, and gender diversity.",6.438512060309535,6.7377138772231975,4.701376410792543,76.08720364646878,35.26039558183402,1.0464706463404958,-0.3479698642969063,29
472,f::GUM_academic_census::-1,3,sentence,"As an example, research shows that greater diversity within a community or group can lead to improved critical thinking [1] and more creative solutions to complex tasks [2, 3] by pairing together individuals with unique skillsets and perspectives that complement and often augment the abilities of their peers.",5.369113213715276,3.528720560473903,2.865930108111162,25.653904745500505,14.316833067685366,0.6572259552024099,-0.008084812140192852,56
473,f::GUM_academic_census::-1,3,prev1,"As an example, research shows that greater diversity within a community or group can lead to improved critical thinking [1] and more creative solutions to complex tasks [2, 3] by pairing together individuals with unique skillsets and perspectives that complement and often augment the abilities of their peers.",5.115060056659526,3.635965861262352,2.829112384072743,24.457374713777835,16.300161825492978,0.7108354195232811,-0.0003830272259391039,56
474,f::GUM_academic_census::-1,3,prev3,"As an example, research shows that greater diversity within a community or group can lead to improved critical thinking [1] and more creative solutions to complex tasks [2, 3] by pairing together individuals with unique skillsets and perspectives that complement and often augment the abilities of their peers.",5.238332256342152,3.8156931224420005,3.014053612144436,26.808145858884917,17.720393490046263,0.7284175450731034,-0.007599555878369754,56
475,f::GUM_academic_census::-1,3,document,"As an example, research shows that greater diversity within a community or group can lead to improved critical thinking [1] and more creative solutions to complex tasks [2, 3] by pairing together individuals with unique skillsets and perspectives that complement and often augment the abilities of their peers.",5.238332256342152,3.8156931224420005,3.014053612144436,26.808145858884917,17.720393490046263,0.7284175450731034,-0.007599555878369754,56
476,f::GUM_academic_census::-1,3,"sent[-2,+0]","As an example, research shows that greater diversity within a community or group can lead to improved critical thinking [1] and more creative solutions to complex tasks [2, 3] by pairing together individuals with unique skillsets and perspectives that complement and often augment the abilities of their peers.",5.241259910631925,3.746679802316512,2.9785529512280067,26.254403602679982,16.589281540364027,0.7148433518277449,-0.004030314782635704,56
477,f::GUM_academic_census::-1,3,"sent[-2,+2]","As an example, research shows that greater diversity within a community or group can lead to improved critical thinking [1] and more creative solutions to complex tasks [2, 3] by pairing together individuals with unique skillsets and perspectives that complement and often augment the abilities of their peers.",5.17444614181295,3.631240888100332,2.8771665116738796,23.103231065032713,17.093482118099928,0.7017641673294271,-0.007007293249986559,56
478,f::GUM_academic_census::-1,3,"tok[-64,+0]","As an example, research shows that greater diversity within a community or group can lead to improved critical thinking [1] and more creative solutions to complex tasks [2, 3] by pairing together individuals with unique skillsets and perspectives that complement and often augment the abilities of their peers.",5.191353025313999,3.671119909143284,2.939096193418515,25.433556934407534,15.685959532856941,0.7071605208203378,-0.00220571575853126,56
479,f::GUM_academic_census::-1,3,"tok[-64,+64]","As an example, research shows that greater diversity within a community or group can lead to improved critical thinking [1] and more creative solutions to complex tasks [2, 3] by pairing together individuals with unique skillsets and perspectives that complement and often augment the abilities of their peers.",5.361304177570024,3.9234421463483105,3.013152557356302,23.11497552632386,21.015683118253946,0.7318074140920288,-0.02849099492910112,56
480,f::GUM_academic_census::-1,4,sentence,"Additionally, diversity has been shown to produce more supportive social climates and effective learning environments [4], which can facilitate the mentoring of young scientists.",5.8397813172175965,4.057165418407866,3.3242496372544954,44.76703539565978,15.49984261393547,0.6947461211340239,-0.1026682149013276,29
481,f::GUM_academic_census::-1,4,prev1,"Additionally, diversity has been shown to produce more supportive social climates and effective learning environments [4], which can facilitate the mentoring of young scientists.",4.890978031631174,4.03057575054279,3.139394925515235,34.19992731337298,17.095261499285698,0.8240837976527502,-0.07432547762916629,29
482,f::GUM_academic_census::-1,4,prev3,"Additionally, diversity has been shown to produce more supportive social climates and effective learning environments [4], which can facilitate the mentoring of young scientists.",4.685911695400638,3.9007480044395417,3.05670813836742,30.85294293234519,16.70430754427798,0.8324416374017978,-0.110897786352724,29
483,f::GUM_academic_census::-1,4,document,"Additionally, diversity has been shown to produce more supportive social climates and effective learning environments [4], which can facilitate the mentoring of young scientists.",4.733345357074948,4.02407539549755,3.0964931229109505,32.30257678554655,17.86546623473987,0.8501546141108741,-0.11901206496043215,29
484,f::GUM_academic_census::-1,4,"sent[-2,+0]","Additionally, diversity has been shown to produce more supportive social climates and effective learning environments [4], which can facilitate the mentoring of young scientists.",4.7804084219006375,3.8852556680327988,3.0186466981139692,31.00843330993502,16.592716793064028,0.8127455491529035,-0.06611978230708915,29
485,f::GUM_academic_census::-1,4,"sent[-2,+2]","Additionally, diversity has been shown to produce more supportive social climates and effective learning environments [4], which can facilitate the mentoring of young scientists.",4.955102045414167,4.265525817126195,3.279884667990687,36.53561916365117,19.229817407089286,0.860835110565249,-0.14801155705666755,29
486,f::GUM_academic_census::-1,4,"tok[-64,+0]","Additionally, diversity has been shown to produce more supportive social climates and effective learning environments [4], which can facilitate the mentoring of young scientists.",4.858034444282409,3.97732420854418,3.111350383105667,33.41899690664052,16.62028757436201,0.8187105822654741,-0.05558353057567033,29
487,f::GUM_academic_census::-1,4,"tok[-64,+64]","Additionally, diversity has been shown to produce more supportive social climates and effective learning environments [4], which can facilitate the mentoring of young scientists.",5.638615298373946,6.5256014171876435,3.9110221697657637,69.30811558480244,35.33420616015792,1.1573056631597984,-0.26547548040710994,29
488,f::GUM_academic_census::-1,5,sentence,"Despite these positive effects, however, quantifying the impact of diversity in science remains exceedingly difficult, due in large part to a lack of comprehensive data about the scientific workforce.",4.584798203514176,4.147691525327478,3.5134281037430917,40.11609278156873,16.446391608333215,0.9046617410878275,-0.10035131403282024,34
489,f::GUM_academic_census::-1,5,prev1,"Despite these positive effects, however, quantifying the impact of diversity in science remains exceedingly difficult, due in large part to a lack of comprehensive data about the scientific workforce.",4.000968054330716,4.085201046939423,3.0772472021184463,32.45490757064768,17.4737279699184,1.0210531530031917,-0.05016473950624296,34
490,f::GUM_academic_census::-1,5,prev3,"Despite these positive effects, however, quantifying the impact of diversity in science remains exceedingly difficult, due in large part to a lack of comprehensive data about the scientific workforce.",3.952055986296139,4.081541960533581,3.0930693989628075,31.68713931559475,17.561078549479134,1.0327642054379893,-0.04814810831456555,34
491,f::GUM_academic_census::-1,5,document,"Despite these positive effects, however, quantifying the impact of diversity in science remains exceedingly difficult, due in large part to a lack of comprehensive data about the scientific workforce.",3.9827939837499904,4.073106902635143,2.9979156384209915,31.160974800217577,18.552066962816752,1.0226757696364999,-0.05941555692040196,34
492,f::GUM_academic_census::-1,5,"sent[-2,+0]","Despite these positive effects, however, quantifying the impact of diversity in science remains exceedingly difficult, due in large part to a lack of comprehensive data about the scientific workforce.",3.9442436083028203,4.024094002224642,3.0536714312701028,31.092737893660907,17.05853007407859,1.020244792627345,-0.04943293243998085,34
493,f::GUM_academic_census::-1,5,"sent[-2,+2]","Despite these positive effects, however, quantifying the impact of diversity in science remains exceedingly difficult, due in large part to a lack of comprehensive data about the scientific workforce.",3.892573307684335,3.9922350137931977,3.0004068665505725,30.086871771818448,18.12829360010801,1.0256030389747883,-0.12467180345209397,34
494,f::GUM_academic_census::-1,5,"tok[-64,+0]","Despite these positive effects, however, quantifying the impact of diversity in science remains exceedingly difficult, due in large part to a lack of comprehensive data about the scientific workforce.",3.9868296574910773,3.9827934840999726,3.00361971354763,31.268929149992857,17.033953227102757,0.9989876233153024,-0.061705493582362686,34
495,f::GUM_academic_census::-1,5,"tok[-64,+64]","Despite these positive effects, however, quantifying the impact of diversity in science remains exceedingly difficult, due in large part to a lack of comprehensive data about the scientific workforce.",4.4285348552922885,5.470491086916861,3.48931945141632,42.46372968025193,30.038668321678415,1.2352823824745085,-0.19633642716629945,34
496,f::GUM_academic_census::-1,6,sentence,"Measuring the composition and dynamics of a scientific workforce, particularly in a rapidly expanding field like computer science, is a crucial first step toward understanding how scholarly research is conducted and how it might be enhanced.",4.6871342383616135,3.7854682826746275,3.0743305399065135,29.599927332654534,15.664946100441739,0.8076295856202823,-0.08351078320307294,40
497,f::GUM_academic_census::-1,6,prev1,"Measuring the composition and dynamics of a scientific workforce, particularly in a rapidly expanding field like computer science, is a crucial first step toward understanding how scholarly research is conducted and how it might be enhanced.",4.390215351921507,4.231300454538382,3.0721970656944904,35.80262472905126,21.01262093987316,0.9638024824195536,-0.0695388423290287,40
498,f::GUM_academic_census::-1,6,prev3,"Measuring the composition and dynamics of a scientific workforce, particularly in a rapidly expanding field like computer science, is a crucial first step toward understanding how scholarly research is conducted and how it might be enhanced.",4.34458833594108,4.1564310266740465,2.9455823266378136,34.513269578014665,21.17043842142448,0.9566915678269258,-0.0677636387333796,40
499,f::GUM_academic_census::-1,6,document,"Measuring the composition and dynamics of a scientific workforce, particularly in a rapidly expanding field like computer science, is a crucial first step toward understanding how scholarly research is conducted and how it might be enhanced.",4.2532889458350835,4.1957997877122075,2.9594156634481625,34.59371888159105,22.170266455039382,0.9864835991970001,-0.07333551122829693,40
500,f::GUM_academic_census::-1,6,"sent[-2,+0]","Measuring the composition and dynamics of a scientific workforce, particularly in a rapidly expanding field like computer science, is a crucial first step toward understanding how scholarly research is conducted and how it might be enhanced.",4.3973663564247545,4.2006399981152045,3.0265219190710924,35.414713088410814,21.11668743775226,0.9552626862617157,-0.0717082031812707,40
501,f::GUM_academic_census::-1,6,"sent[-2,+2]","Measuring the composition and dynamics of a scientific workforce, particularly in a rapidly expanding field like computer science, is a crucial first step toward understanding how scholarly research is conducted and how it might be enhanced.",4.352319447789341,4.082455816384744,2.9621737356530504,33.12497756457745,21.287864089012146,0.9379954448100845,-0.08072859728446773,40
502,f::GUM_academic_census::-1,6,"tok[-64,+0]","Measuring the composition and dynamics of a scientific workforce, particularly in a rapidly expanding field like computer science, is a crucial first step toward understanding how scholarly research is conducted and how it might be enhanced.",4.372900615946856,4.151511007252246,2.9867067619448067,34.574341932397765,20.819744354579598,0.9493723667335914,-0.071437919081458,40
503,f::GUM_academic_census::-1,6,"tok[-64,+64]","Measuring the composition and dynamics of a scientific workforce, particularly in a rapidly expanding field like computer science, is a crucial first step toward understanding how scholarly research is conducted and how it might be enhanced.",4.714734170772135,4.484772405222757,3.106777006629854,37.15915051277231,25.292574673891068,0.951224871388302,-0.08992428824193724,40
504,f::GUM_academic_census::-1,7,sentence,"For many scientific fields, however, there is no central listing of all tenure-track faculty, making it difficult to define a rigorous sample frame for analysis.",5.779490459109506,4.93633008929876,4.2250895460332965,49.31206798949135,16.72814502567053,0.8541116425788411,-0.012828228703789944,31
505,f::GUM_academic_census::-1,7,prev1,"For many scientific fields, however, there is no central listing of all tenure-track faculty, making it difficult to define a rigorous sample frame for analysis.",5.311603633198707,4.571009619965126,3.8529694042387583,40.13730626966364,16.488306084880605,0.8605705424620347,-0.004184900563596923,31
506,f::GUM_academic_census::-1,7,prev3,"For many scientific fields, however, there is no central listing of all tenure-track faculty, making it difficult to define a rigorous sample frame for analysis.",5.26957651525886,4.568686778401002,3.8447118576482313,38.471756434719374,15.751690958393738,0.8669931568830388,0.000873423485937947,31
507,f::GUM_academic_census::-1,7,document,"For many scientific fields, however, there is no central listing of all tenure-track faculty, making it difficult to define a rigorous sample frame for analysis.",5.066523416780852,4.595738594489019,3.7663247806277385,36.38615212024315,15.967672641912941,0.9070793158218623,-0.00532015893101804,31
508,f::GUM_academic_census::-1,7,"sent[-2,+0]","For many scientific fields, however, there is no central listing of all tenure-track faculty, making it difficult to define a rigorous sample frame for analysis.",5.201071224297442,4.527515554096928,3.7988354479170843,38.578231997403684,15.205323687696364,0.870496741699303,0.00914873372133924,31
509,f::GUM_academic_census::-1,7,"sent[-2,+2]","For many scientific fields, however, there is no central listing of all tenure-track faculty, making it difficult to define a rigorous sample frame for analysis.",5.100315440102525,4.450664617455436,3.7792664139721017,35.43828834413659,14.944729625654873,0.8726253640041467,0.003950208159245429,31
510,f::GUM_academic_census::-1,7,"tok[-64,+0]","For many scientific fields, however, there is no central listing of all tenure-track faculty, making it difficult to define a rigorous sample frame for analysis.",5.196879668435412,4.5302265532992,3.8219843010612427,39.03321683665256,15.595729336957447,0.8717205019801976,0.013383079970569214,31
511,f::GUM_academic_census::-1,7,"tok[-64,+64]","For many scientific fields, however, there is no central listing of all tenure-track faculty, making it difficult to define a rigorous sample frame for analysis.",5.519807208934048,5.835220665761707,4.335065058376069,49.446586265342056,28.29448802571278,1.0571421147313167,-0.0735588253464927,31
512,f::GUM_academic_census::-1,8,sentence,"Further, rates of adoption of services like GoogleScholar and ResearchGate vary within, and across disciplines.",7.872138815266745,5.277081417616206,4.082762297318906,78.56091939843874,22.89276272058487,0.6703491314688401,-0.1338405340522914,21
513,f::GUM_academic_census::-1,8,prev1,"Further, rates of adoption of services like GoogleScholar and ResearchGate vary within, and across disciplines.",8.293021080039797,6.302795980615906,5.2234946913729985,119.60013055125447,21.564894914627075,0.7600120534826448,-0.29062302383509564,21
514,f::GUM_academic_census::-1,8,prev3,"Further, rates of adoption of services like GoogleScholar and ResearchGate vary within, and across disciplines.",7.958840741288094,6.335697745838902,5.231507174957907,119.69141246144841,22.64282113313675,0.796057862167186,-0.2771205724640327,21
515,f::GUM_academic_census::-1,8,document,"Further, rates of adoption of services like GoogleScholar and ResearchGate vary within, and across disciplines.",7.968188429872195,6.5032426057635195,5.253847348311591,124.24112805308225,23.350962921977043,0.8161507051443847,-0.30902374303573155,21
516,f::GUM_academic_census::-1,8,"sent[-2,+0]","Further, rates of adoption of services like GoogleScholar and ResearchGate vary within, and across disciplines.",8.010473654383706,6.4588819961750525,5.295889554380559,125.7988562886269,22.54346391558647,0.8063046300190314,-0.2884763188950429,21
517,f::GUM_academic_census::-1,8,"sent[-2,+2]","Further, rates of adoption of services like GoogleScholar and ResearchGate vary within, and across disciplines.",7.943269804829643,6.153745622683976,4.815796553412802,106.98018106176991,23.868912249803543,0.7747118974785918,-0.25189489880939614,21
518,f::GUM_academic_census::-1,8,"tok[-64,+0]","Further, rates of adoption of services like GoogleScholar and ResearchGate vary within, and across disciplines.",7.9530148676463535,6.201110612000988,5.141954180334701,118.98789014846334,22.276073336601257,0.7797182219824227,-0.2537682160154565,21
519,f::GUM_academic_census::-1,8,"tok[-64,+64]","Further, rates of adoption of services like GoogleScholar and ResearchGate vary within, and across disciplines.",8.518083596513385,7.613993939956386,5.280385587085671,129.26247987874234,32.89080086350441,0.8938623169973279,-0.45224758599485715,21
520,f::GUM_academic_census::-1,9,sentence,"For instance, gender representation in computing is an important issue with broad implications [5], but without a full census of computing faculty, the degree of inequality and its possible sources are difficult to establish [6].",5.914589129751775,3.910192369320348,3.374109025054004,34.57437962507923,14.597206987440586,0.661109720986562,-0.08243655583168986,41
521,f::GUM_academic_census::-1,9,prev1,"For instance, gender representation in computing is an important issue with broad implications [5], but without a full census of computing faculty, the degree of inequality and its possible sources are difficult to establish [6].",5.812772236537279,3.793067004472129,3.3684767646795937,30.414635253673726,13.400555709376931,0.6525401048109349,-0.06647426313834218,41
522,f::GUM_academic_census::-1,9,prev3,"For instance, gender representation in computing is an important issue with broad implications [5], but without a full census of computing faculty, the degree of inequality and its possible sources are difficult to establish [6].",5.60674679177677,3.8429651396113806,3.3786964716679533,30.81445550979754,14.114812304032966,0.6854179941294533,-0.06669078452832262,41
523,f::GUM_academic_census::-1,9,document,"For instance, gender representation in computing is an important issue with broad implications [5], but without a full census of computing faculty, the degree of inequality and its possible sources are difficult to establish [6].",5.399056501550282,3.8480842159183006,3.4278600784212547,31.093753970195273,14.487939862534404,0.7127327181727704,-0.06529442398169623,41
524,f::GUM_academic_census::-1,9,"sent[-2,+0]","For instance, gender representation in computing is an important issue with broad implications [5], but without a full census of computing faculty, the degree of inequality and its possible sources are difficult to establish [6].",5.681046205413778,3.8500831051731303,3.414813045786825,31.038273923687985,13.892395976930857,0.6777067050615038,-0.07299180395693523,41
525,f::GUM_academic_census::-1,9,"sent[-2,+2]","For instance, gender representation in computing is an important issue with broad implications [5], but without a full census of computing faculty, the degree of inequality and its possible sources are difficult to establish [6].",5.5613885734673225,3.5807377193458128,3.1001055595849505,26.36517898120153,13.112429752247408,0.6438567764225389,-0.07386448441182002,41
526,f::GUM_academic_census::-1,9,"tok[-64,+0]","For instance, gender representation in computing is an important issue with broad implications [5], but without a full census of computing faculty, the degree of inequality and its possible sources are difficult to establish [6].",5.656187635857794,3.802074132334349,3.3775336973076597,30.761035042800835,13.26970742130652,0.6721973132982428,-0.07219784909369298,41
527,f::GUM_academic_census::-1,9,"tok[-64,+64]","For instance, gender representation in computing is an important issue with broad implications [5], but without a full census of computing faculty, the degree of inequality and its possible sources are difficult to establish [6].",5.971864898302933,4.076435697844791,3.2357601331173487,30.669225865693182,20.01751594617963,0.682606818349695,-0.11686195269460672,41
528,f::GUM_academic_census::-1,10,sentence,"Some disciplines, like political science, are organized around a single professional society, whose membership roll approximates a full census [7].",6.964069206697436,5.0329392246129645,4.361303256857677,45.18523253685903,16.941738951951265,0.722700920285617,0.040687802603356873,26
529,f::GUM_academic_census::-1,10,prev1,"Some disciplines, like political science, are organized around a single professional society, whose membership roll approximates a full census [7].",6.031426192332919,5.086887213962782,4.294473353861528,38.767952863243515,17.772551152855158,0.8433970758738912,-0.14121764758331135,26
530,f::GUM_academic_census::-1,10,prev3,"Some disciplines, like political science, are organized around a single professional society, whose membership roll approximates a full census [7].",5.815011330916045,4.918547007417901,4.0975301292664295,40.72729575039582,16.758843739517033,0.8458361862973494,-0.08657206130365279,26
531,f::GUM_academic_census::-1,10,document,"Some disciplines, like political science, are organized around a single professional society, whose membership roll approximates a full census [7].",5.897874871322599,5.126343811862436,4.118736163600067,42.400138144034806,19.123118905816227,0.8691849053611498,-0.10399755370683773,26
532,f::GUM_academic_census::-1,10,"sent[-2,+0]","Some disciplines, like political science, are organized around a single professional society, whose membership roll approximates a full census [7].",5.881969889267706,4.950479278536195,4.134962772509668,39.26650717755651,17.33903639577329,0.8416362837165968,-0.11637018568176999,26
533,f::GUM_academic_census::-1,10,"sent[-2,+2]","Some disciplines, like political science, are organized around a single professional society, whose membership roll approximates a full census [7].",5.627038696959901,4.685635408675164,3.944710693672057,40.80242833816899,16.836551788263023,0.8327000507756691,-0.06903952273388955,26
534,f::GUM_academic_census::-1,10,"tok[-64,+0]","Some disciplines, like political science, are organized around a single professional society, whose membership roll approximates a full census [7].",5.912716646571285,4.964049127654485,4.145631481761101,39.04472821009261,17.437730931676924,0.8395547130662991,-0.11832325609735182,26
535,f::GUM_academic_census::-1,10,"tok[-64,+64]","Some disciplines, like political science, are organized around a single professional society, whose membership roll approximates a full census [7].",6.4712492645933075,6.3763557411518805,4.99285330993713,56.01135642600327,28.364753253757954,0.9853361353331533,-0.30454488905576577,26
536,f::GUM_academic_census::-1,11,sentence,"Most fields, on the other hand, including computer science, lack a single all-encompassing organization and membership information is instead distributed across many disjoint lists, such as web-based faculty directories for individual departments.",5.974602683346085,4.562914588226132,3.856631123612887,41.78891856181461,14.67984874920512,0.7637184981262495,-0.0015838140795350042,45
537,f::GUM_academic_census::-1,11,prev1,"Most fields, on the other hand, including computer science, lack a single all-encompassing organization and membership information is instead distributed across many disjoint lists, such as web-based faculty directories for individual departments.",5.5354515964676265,4.6688816072739465,3.894924643998247,42.1099001076493,17.14633208399755,0.8434508957233643,0.014451038192972852,45
538,f::GUM_academic_census::-1,11,prev3,"Most fields, on the other hand, including computer science, lack a single all-encompassing organization and membership information is instead distributed across many disjoint lists, such as web-based faculty directories for individual departments.",5.5469659199215435,4.7288245696623985,3.9580373809600244,41.997732139746866,18.64681550219393,0.8525065121960013,0.019242842278145305,45
539,f::GUM_academic_census::-1,11,document,"Most fields, on the other hand, including computer science, lack a single all-encompassing organization and membership information is instead distributed across many disjoint lists, such as web-based faculty directories for individual departments.",5.5947272366339655,4.870933687165956,4.035651739725187,44.24804260528121,20.079282727849204,0.8706293410108272,0.0184084451867882,45
540,f::GUM_academic_census::-1,11,"sent[-2,+0]","Most fields, on the other hand, including computer science, lack a single all-encompassing organization and membership information is instead distributed across many disjoint lists, such as web-based faculty directories for individual departments.",5.492040601021532,4.710729153076048,3.9506338808432013,42.1185426627907,18.77044918408501,0.8577374960046437,0.019320486434610335,45
541,f::GUM_academic_census::-1,11,"sent[-2,+2]","Most fields, on the other hand, including computer science, lack a single all-encompassing organization and membership information is instead distributed across many disjoint lists, such as web-based faculty directories for individual departments.",5.702235142363578,4.825798830892232,4.106106864102572,42.77675961819386,18.929579170675424,0.8462995142097801,0.021002073186502518,45
542,f::GUM_academic_census::-1,11,"tok[-64,+0]","Most fields, on the other hand, including computer science, lack a single all-encompassing organization and membership information is instead distributed across many disjoint lists, such as web-based faculty directories for individual departments.",5.493034364444611,4.72217009742513,3.9542639401256263,42.74414561029667,18.733480702452653,0.8596651293483358,0.018397640241783787,45
543,f::GUM_academic_census::-1,11,"tok[-64,+64]","Most fields, on the other hand, including computer science, lack a single all-encompassing organization and membership information is instead distributed across many disjoint lists, such as web-based faculty directories for individual departments.",5.945472927430657,5.556037496420898,4.240279017723507,52.20708474345093,28.97779309870384,0.9344988303263447,-0.017138407200898723,45
544,f::GUM_academic_census::-1,12,sentence,"Because assembling such a full census is difficult, past studies have tended to avoid this task and have instead used samples of researchers [8 – 11], usually specific to a particular field [12 – 16], and often focused on the scientific elite [17, 18].",6.009171153203799,4.601658346809228,3.761051257752631,40.334709824752984,18.644682481884956,0.7657725548981653,-0.093822822789592,52
545,f::GUM_academic_census::-1,12,prev1,"Because assembling such a full census is difficult, past studies have tended to avoid this task and have instead used samples of researchers [8 – 11], usually specific to a particular field [12 – 16], and often focused on the scientific elite [17, 18].",5.84451487674736,4.593691975929256,3.7939508086202673,35.268713331521276,17.167710356414318,0.7859834516300824,-0.09896849005654908,52
546,f::GUM_academic_census::-1,12,prev3,"Because assembling such a full census is difficult, past studies have tended to avoid this task and have instead used samples of researchers [8 – 11], usually specific to a particular field [12 – 16], and often focused on the scientific elite [17, 18].",5.2671163744078235,4.474832776899285,3.664868097046953,33.9606695933365,17.810865953564644,0.8495792495950663,-0.06619640607932287,52
547,f::GUM_academic_census::-1,12,document,"Because assembling such a full census is difficult, past studies have tended to avoid this task and have instead used samples of researchers [8 – 11], usually specific to a particular field [12 – 16], and often focused on the scientific elite [17, 18].",5.154101148176078,4.490708363177561,3.6542574781070303,33.28316238300149,18.126177046447992,0.8712883651433039,-0.07475564309567514,52
548,f::GUM_academic_census::-1,12,"sent[-2,+0]","Because assembling such a full census is difficult, past studies have tended to avoid this task and have instead used samples of researchers [8 – 11], usually specific to a particular field [12 – 16], and often focused on the scientific elite [17, 18].",5.400449410009269,4.345220528333328,3.5909008814170726,33.33073435658191,17.38710666075349,0.8046035058267251,-0.07324227090588799,52
549,f::GUM_academic_census::-1,12,"sent[-2,+2]","Because assembling such a full census is difficult, past studies have tended to avoid this task and have instead used samples of researchers [8 – 11], usually specific to a particular field [12 – 16], and often focused on the scientific elite [17, 18].",5.158460027824801,4.08619942499591,3.226558258250002,26.146363119989427,17.86566996946931,0.7921355216391902,-0.07133847065518013,52
550,f::GUM_academic_census::-1,12,"tok[-64,+0]","Because assembling such a full census is difficult, past studies have tended to avoid this task and have instead used samples of researchers [8 – 11], usually specific to a particular field [12 – 16], and often focused on the scientific elite [17, 18].",5.415406643413007,4.331091413645754,3.577507673153797,33.36413757724441,16.858403492718935,0.7997721498742568,-0.07049555881929283,52
551,f::GUM_academic_census::-1,12,"tok[-64,+64]","Because assembling such a full census is difficult, past studies have tended to avoid this task and have instead used samples of researchers [8 – 11], usually specific to a particular field [12 – 16], and often focused on the scientific elite [17, 18].",5.525976741399902,5.099257166079608,3.517053524743127,30.488951267025197,30.58301491290331,0.9227793392390948,-0.10181463728010437,52
552,f::GUM_academic_census::-1,13,sentence,"Although useful, such samples are not representative of the scientific workforce as a whole and thus have limited generalizability.",5.739439014608608,4.359245014493536,3.432347418592507,30.66555906200159,15.975166396703571,0.7595245813045385,-0.2742162796994484,23
553,f::GUM_academic_census::-1,13,prev1,"Although useful, such samples are not representative of the scientific workforce as a whole and thus have limited generalizability.",5.139694264968452,3.7924827831827064,2.6442065786760454,14.975046828843967,16.58838900178671,0.7378810076373259,-0.2059221647996382,23
554,f::GUM_academic_census::-1,13,prev3,"Although useful, such samples are not representative of the scientific workforce as a whole and thus have limited generalizability.",5.2764255540931355,3.8703345890881202,2.781303984759154,16.728370574035168,16.43339601252228,0.7335144880582549,-0.2230770567739418,23
555,f::GUM_academic_census::-1,13,document,"Although useful, such samples are not representative of the scientific workforce as a whole and thus have limited generalizability.",5.078070378027168,3.9430605619072607,2.710888072935026,17.212656627301858,16.820222381153144,0.7764879705033039,-0.21752180824166223,23
556,f::GUM_academic_census::-1,13,"sent[-2,+0]","Although useful, such samples are not representative of the scientific workforce as a whole and thus have limited generalizability.",5.248827623547581,3.8340896274506764,2.7757715211885445,16.461554215375156,16.324638846796006,0.7304659063768776,-0.22177974519590388,23
557,f::GUM_academic_census::-1,13,"sent[-2,+2]","Although useful, such samples are not representative of the scientific workforce as a whole and thus have limited generalizability.",5.42238503268353,4.009385514761562,2.9148630407323712,19.39221652094163,16.400115139083937,0.739413651113839,-0.24126294792124514,23
558,f::GUM_academic_census::-1,13,"tok[-64,+0]","Although useful, such samples are not representative of the scientific workforce as a whole and thus have limited generalizability.",5.230103453762991,3.8241545580790977,2.780203358985005,17.241436348229346,16.028596153948456,0.7311814368275389,-0.2263449120032509,23
559,f::GUM_academic_census::-1,13,"tok[-64,+64]","Although useful, such samples are not representative of the scientific workforce as a whole and thus have limited generalizability.",6.110382107238325,6.367413390632231,4.018229797376858,35.70287377699111,30.32379166712053,1.042064682516242,-0.44839390501423226,23
560,f::GUM_academic_census::-1,14,sentence,"One of the largest census efforts to date assembled, by hand, a nearly complete record of three academic fields: computer science, history, and business [19].",6.382897909497842,4.46859083551381,3.592162884757272,35.28098961901088,14.987655572593212,0.7000880946042524,-0.03958500794591118,32
561,f::GUM_academic_census::-1,14,prev1,"One of the largest census efforts to date assembled, by hand, a nearly complete record of three academic fields: computer science, history, and business [19].",6.4613894508220255,4.5506074347065955,3.702805073466152,38.14967144008245,16.165139876306057,0.7042769158772285,-0.10345543302661141,32
562,f::GUM_academic_census::-1,14,prev3,"One of the largest census efforts to date assembled, by hand, a nearly complete record of three academic fields: computer science, history, and business [19].",5.580071292002685,4.407600967810742,3.6854954545997316,37.85318648875386,16.18514795228839,0.7898825547493777,-0.17598419547930366,32
563,f::GUM_academic_census::-1,14,document,"One of the largest census efforts to date assembled, by hand, a nearly complete record of three academic fields: computer science, history, and business [19].",5.511330019158777,4.689461695156819,3.9484142120854813,43.300745976045036,17.028146194294095,0.8508765903792849,-0.199560542991371,32
564,f::GUM_academic_census::-1,14,"sent[-2,+0]","One of the largest census efforts to date assembled, by hand, a nearly complete record of three academic fields: computer science, history, and business [19].",5.8233156895730644,4.5600908154803985,3.8190627300646156,37.929781869392436,16.362695589661598,0.7830746362670098,-0.17547181940602008,32
565,f::GUM_academic_census::-1,14,"sent[-2,+2]","One of the largest census efforts to date assembled, by hand, a nearly complete record of three academic fields: computer science, history, and business [19].",5.656578937487211,4.440208934677774,3.6084399328610743,39.60809299558354,16.832770304754376,0.784963665096526,-0.17109039897553854,32
566,f::GUM_academic_census::-1,14,"tok[-64,+0]","One of the largest census efforts to date assembled, by hand, a nearly complete record of three academic fields: computer science, history, and business [19].",6.012608282035217,4.742098420565951,3.953628979375935,40.9035521314526,16.37229149788618,0.7886923940704136,-0.19472994250204415,32
567,f::GUM_academic_census::-1,14,"tok[-64,+64]","One of the largest census efforts to date assembled, by hand, a nearly complete record of three academic fields: computer science, history, and business [19].",5.9302308341139,5.196014213407961,3.814258743550454,46.86166618082171,25.402679784223437,0.8761908867893765,-0.20711161173256015,32
568,f::GUM_academic_census::-1,15,sentence,"This data set has shed considerable light on dramatic inequalities in faculty training, placement, and scholarly productivity [6, 19, 20].",6.694949833819499,5.168502053617024,4.430449462280823,59.63685155738352,17.70896828919649,0.7720001167907736,-0.1634515768748063,26
569,f::GUM_academic_census::-1,15,prev1,"This data set has shed considerable light on dramatic inequalities in faculty training, placement, and scholarly productivity [6, 19, 20].",5.926587087460435,4.605042753859733,3.988044646067115,45.30142949375179,16.120148815214634,0.7770142724474857,-0.15484094855240274,26
570,f::GUM_academic_census::-1,15,prev3,"This data set has shed considerable light on dramatic inequalities in faculty training, placement, and scholarly productivity [6, 19, 20].",5.622958671444883,4.992789410642336,4.342987013418646,53.07309454347609,17.499080382287502,0.8879292383913934,-0.21332849239819068,26
571,f::GUM_academic_census::-1,15,document,"This data set has shed considerable light on dramatic inequalities in faculty training, placement, and scholarly productivity [6, 19, 20].",5.682527921090905,5.180962848202483,4.389912394652441,60.255669127160985,17.62972004339099,0.911735572644202,-0.2044188018881868,26
572,f::GUM_academic_census::-1,15,"sent[-2,+0]","This data set has shed considerable light on dramatic inequalities in faculty training, placement, and scholarly productivity [6, 19, 20].",5.818819638628226,4.716116701064887,3.982816699341204,48.13026135127694,17.22317000105977,0.8104937073073982,-0.1674638036148161,26
573,f::GUM_academic_census::-1,15,"sent[-2,+2]","This data set has shed considerable light on dramatic inequalities in faculty training, placement, and scholarly productivity [6, 19, 20].",5.426664083193128,4.632435162485539,3.9902736300922186,44.45778811604216,14.838702362030745,0.8536432496038611,-0.12821279664706978,26
574,f::GUM_academic_census::-1,15,"tok[-64,+0]","This data set has shed considerable light on dramatic inequalities in faculty training, placement, and scholarly productivity [6, 19, 20].",5.68043059311234,4.792675034761027,4.088261143960191,48.58320534997509,16.96279953047633,0.8437168549462186,-0.19294214079013236,26
575,f::GUM_academic_census::-1,15,"tok[-64,+64]","This data set has shed considerable light on dramatic inequalities in faculty training, placement, and scholarly productivity [6, 19, 20].",5.618728713777203,5.635781472498104,4.533951108084892,57.127715626439766,23.52584783360362,1.0030349852412501,-0.20707276159244734,26
576,f::GUM_academic_census::-1,16,sentence,"But, this data set is only a single snapshot of an evolving and expanding system and hence offers few insights into the changing composition and diversity trends within these academic fields.",6.504036326300014,3.4095492308131354,2.721543537026923,18.58209532476611,13.566297501325607,0.5242205085826672,0.014377025538746866,33
577,f::GUM_academic_census::-1,16,prev1,"But, this data set is only a single snapshot of an evolving and expanding system and hence offers few insights into the changing composition and diversity trends within these academic fields.",5.602754429434285,3.9228941830378243,2.9107503552191623,20.191722273047752,19.45207381248474,0.7001724299085375,-0.020151078382277858,33
578,f::GUM_academic_census::-1,16,prev3,"But, this data set is only a single snapshot of an evolving and expanding system and hence offers few insights into the changing composition and diversity trends within these academic fields.",5.597142075047349,4.049583153901335,3.063017791734035,22.001448653386696,19.364459484815598,0.7235090872455794,-0.04110734157742337,33
579,f::GUM_academic_census::-1,16,document,"But, this data set is only a single snapshot of an evolving and expanding system and hence offers few insights into the changing composition and diversity trends within these academic fields.",5.6820563791376175,4.311346235935257,3.335553732949512,26.240055252494955,20.649558693170547,0.7587651280203598,-0.054765058711250744,33
580,f::GUM_academic_census::-1,16,"sent[-2,+0]","But, this data set is only a single snapshot of an evolving and expanding system and hence offers few insights into the changing composition and diversity trends within these academic fields.",5.571980500763113,3.957812909871174,3.0634203572903784,20.928301981520537,17.893396109342575,0.7103063101762704,-0.033097630506132306,33
581,f::GUM_academic_census::-1,16,"sent[-2,+2]","But, this data set is only a single snapshot of an evolving and expanding system and hence offers few insights into the changing composition and diversity trends within these academic fields.",5.50670658548673,4.059073209458458,3.1497680586997907,21.578506786267305,19.003908187150955,0.7371144887502087,-0.04049188880757855,33
582,f::GUM_academic_census::-1,16,"tok[-64,+0]","But, this data set is only a single snapshot of an evolving and expanding system and hence offers few insights into the changing composition and diversity trends within these academic fields.",5.559515545765559,3.8990358797041247,2.996991172583416,20.48272964414536,17.925771474838257,0.7013265540149178,-0.03494014844975687,33
583,f::GUM_academic_census::-1,16,"tok[-64,+64]","But, this data set is only a single snapshot of an evolving and expanding system and hence offers few insights into the changing composition and diversity trends within these academic fields.",5.318442574053099,3.464385924379183,2.8969749919420216,16.41025949224486,12.822756111621857,0.6513910559607735,-0.010247574332244802,33
584,f::GUM_academic_census::-1,17,sentence,"In some fields, yearly data on faculty numbers and composition are available in aggregate.",7.178410869091749,4.529522731092477,3.512472052127123,59.59976904499981,17.883680164813995,0.6309924039867025,-0.31755021065473543,16
585,f::GUM_academic_census::-1,17,prev1,"In some fields, yearly data on faculty numbers and composition are available in aggregate.",6.3924715295434,4.30152747797574,3.154143746010959,52.41314471548784,17.9505273103714,0.6729052226663556,-0.32286831158048956,16
586,f::GUM_academic_census::-1,17,prev3,"In some fields, yearly data on faculty numbers and composition are available in aggregate.",6.194508019834757,4.257014042408066,3.177372437901795,46.52124958133353,16.84529823064804,0.6872239133079088,-0.3367406838956998,16
587,f::GUM_academic_census::-1,17,document,"In some fields, yearly data on faculty numbers and composition are available in aggregate.",5.813570138067007,4.4830717741362225,3.312082919292152,44.92007795778584,16.90218073129654,0.7711391911798331,-0.277847452637027,16
588,f::GUM_academic_census::-1,17,"sent[-2,+0]","In some fields, yearly data on faculty numbers and composition are available in aggregate.",6.1784164402633905,4.566986032554702,3.468157269526273,53.12702628940045,17.90252313017845,0.7391839117209147,-0.37183030830586633,16
589,f::GUM_academic_census::-1,17,"sent[-2,+2]","In some fields, yearly data on faculty numbers and composition are available in aggregate.",6.1162790935486555,4.306618146513827,3.3420253633521497,47.024983057087226,16.546765357255936,0.7041238767302775,-0.3162258305532088,16
590,f::GUM_academic_census::-1,17,"tok[-64,+0]","In some fields, yearly data on faculty numbers and composition are available in aggregate.",6.206097679212689,4.645693723172843,3.5564514421857893,54.93131439710998,18.21512207388878,0.7485692238995181,-0.3776219438542335,16
591,f::GUM_academic_census::-1,17,"tok[-64,+64]","In some fields, yearly data on faculty numbers and composition are available in aggregate.",6.6643357034772635,5.658271094692569,4.120388344163075,64.64199313428679,22.238203197717667,0.8490375254866351,-0.5100594567463674,16
592,f::GUM_academic_census::-1,18,sentence,"In computer science, the Computing Research Association (CRA) documents trends in the employment of PhD recipients through the annual Taulbee survey of computing departments in North America (cra.org/resources/taulbee-survey).",5.608048532002916,4.769659413314193,3.9751848520892157,38.760697688721486,20.388961993157864,0.8505025208137257,-0.07382047722658831,48
593,f::GUM_academic_census::-1,18,prev1,"In computer science, the Computing Research Association (CRA) documents trends in the employment of PhD recipients through the annual Taulbee survey of computing departments in North America (cra.org/resources/taulbee-survey).",5.425659821523975,4.515194209067717,3.713443982350226,31.87830014079155,16.878705620765686,0.8321926470870186,-0.062059345662422494,48
594,f::GUM_academic_census::-1,18,prev3,"In computer science, the Computing Research Association (CRA) documents trends in the employment of PhD recipients through the annual Taulbee survey of computing departments in North America (cra.org/resources/taulbee-survey).",5.44473140888537,4.666846941238903,3.7817146850478216,34.61925998025629,18.56991770491004,0.8571307913596948,-0.06353902419494442,48
595,f::GUM_academic_census::-1,18,document,"In computer science, the Computing Research Association (CRA) documents trends in the employment of PhD recipients through the annual Taulbee survey of computing departments in North America (cra.org/resources/taulbee-survey).",5.525729678338394,4.734541844438534,3.8585415081082224,35.8697233772125,19.80073356628418,0.8568174919954151,-0.05728696911287217,48
596,f::GUM_academic_census::-1,18,"sent[-2,+0]","In computer science, the Computing Research Association (CRA) documents trends in the employment of PhD recipients through the annual Taulbee survey of computing departments in North America (cra.org/resources/taulbee-survey).",5.413252238417044,4.554219030330135,3.7426002335366015,34.000987088848724,17.74459870532155,0.8413092222101755,-0.061050345575460484,48
597,f::GUM_academic_census::-1,18,"sent[-2,+2]","In computer science, the Computing Research Association (CRA) documents trends in the employment of PhD recipients through the annual Taulbee survey of computing departments in North America (cra.org/resources/taulbee-survey).",5.576234715990722,4.836391530572663,3.977710781424927,37.90380261166384,19.42669226229191,0.867322086838195,-0.06826135359827443,48
598,f::GUM_academic_census::-1,18,"tok[-64,+0]","In computer science, the Computing Research Association (CRA) documents trends in the employment of PhD recipients through the annual Taulbee survey of computing departments in North America (cra.org/resources/taulbee-survey).",5.401432490053897,4.548766618246992,3.750294766088094,32.71315857719054,17.214257035404444,0.8421407888783228,-0.06316671512808292,48
599,f::GUM_academic_census::-1,18,"tok[-64,+64]","In computer science, the Computing Research Association (CRA) documents trends in the employment of PhD recipients through the annual Taulbee survey of computing departments in North America (cra.org/resources/taulbee-survey).",5.901452439061056,5.211147152455425,4.006258327442791,35.25968828538337,25.172980546951294,0.8830278997020161,-0.10413171120491045,48
600,f::GUM_academic_census::-1,19,sentence,Such surveys can provide valuable insight into trends and summary statistics on the scientific workforce but suffer from two key weaknesses.,6.616704743694175,4.755202468594429,3.9904413968940404,43.8878948836143,18.577658101916313,0.7186662625570851,-0.1207049588053862,22
601,f::GUM_academic_census::-1,19,prev1,Such surveys can provide valuable insight into trends and summary statistics on the scientific workforce but suffer from two key weaknesses.,6.134148686446927,4.987764456186655,3.7845009759314787,46.12378979315128,20.051665797829628,0.8131143718780168,-0.10033370790038641,22
602,f::GUM_academic_census::-1,19,prev3,Such surveys can provide valuable insight into trends and summary statistics on the scientific workforce but suffer from two key weaknesses.,6.094177112660625,4.963735603591373,3.7170818484395993,44.2109322378832,18.964545980095863,0.8145046512152125,-0.07723053637734223,22
603,f::GUM_academic_census::-1,19,document,Such surveys can provide valuable insight into trends and summary statistics on the scientific workforce but suffer from two key weaknesses.,5.752636781809005,5.11220142593496,3.734763313392716,48.945006194278776,20.38177601248026,0.8886709903362523,-0.11433683307594256,22
604,f::GUM_academic_census::-1,19,"sent[-2,+0]",Such surveys can provide valuable insight into trends and summary statistics on the scientific workforce but suffer from two key weaknesses.,6.1665335030040955,5.058185785981383,3.8344722452057782,46.61053134699629,20.399244539439678,0.8202640565428261,-0.08817013225216833,22
605,f::GUM_academic_census::-1,19,"sent[-2,+2]",Such surveys can provide valuable insight into trends and summary statistics on the scientific workforce but suffer from two key weaknesses.,6.313188431276516,5.0033337234876845,3.650490719178491,43.6268956830102,21.22390776127577,0.7925208914564299,-0.09016376522168246,22
606,f::GUM_academic_census::-1,19,"tok[-64,+0]",Such surveys can provide valuable insight into trends and summary statistics on the scientific workforce but suffer from two key weaknesses.,6.18413116579706,5.093520538259234,3.848384757549309,46.92800811907576,20.682087928056717,0.8236436779398001,-0.09331166076162034,22
607,f::GUM_academic_census::-1,19,"tok[-64,+64]",Such surveys can provide valuable insight into trends and summary statistics on the scientific workforce but suffer from two key weaknesses.,6.680900889364156,5.792841222952008,3.9840479202506955,55.648705987616495,27.089071929454803,0.8670748629386317,-0.1290710812265219,22
608,f::GUM_academic_census::-1,20,sentence,"First, surveys are subject to variable response rates and the misinterpretation of questions or sample frames, which can inject bias into fine-grained analyses [21, 22].",5.916509664156526,5.193007968807646,4.368427417483964,63.814372767122,17.83422022855666,0.8777147784052468,-0.1547432355883512,34
609,f::GUM_academic_census::-1,20,prev1,"First, surveys are subject to variable response rates and the misinterpretation of questions or sample frames, which can inject bias into fine-grained analyses [21, 22].",5.317483031493098,4.850441280595684,4.0247854781861765,54.61257964165977,16.01044506204198,0.9121686429215978,-0.05007785546781115,34
610,f::GUM_academic_census::-1,20,prev3,"First, surveys are subject to variable response rates and the misinterpretation of questions or sample frames, which can inject bias into fine-grained analyses [21, 22].",5.4468448772099425,5.052186153132291,4.239197316140898,61.639516962452504,16.401834392905585,0.9275436086441644,-0.06915071836537846,34
611,f::GUM_academic_census::-1,20,document,"First, surveys are subject to variable response rates and the misinterpretation of questions or sample frames, which can inject bias into fine-grained analyses [21, 22].",4.999183618389265,4.988742877191962,4.104381757406916,59.018710519047914,16.455049169913764,0.9979115107596974,-0.1288659237130205,34
612,f::GUM_academic_census::-1,20,"sent[-2,+0]","First, surveys are subject to variable response rates and the misinterpretation of questions or sample frames, which can inject bias into fine-grained analyses [21, 22].",5.417654537449059,4.997675867232687,4.196352659133318,60.07027371000806,16.29262564504279,0.922479614136836,-0.06705696163485662,34
613,f::GUM_academic_census::-1,20,"sent[-2,+2]","First, surveys are subject to variable response rates and the misinterpretation of questions or sample frames, which can inject bias into fine-grained analyses [21, 22].",5.513234597119128,5.44894524140986,4.314132647183057,67.635307750594,20.57955646391929,0.9883390857804488,-0.126507572478862,34
614,f::GUM_academic_census::-1,20,"tok[-64,+0]","First, surveys are subject to variable response rates and the misinterpretation of questions or sample frames, which can inject bias into fine-grained analyses [21, 22].",5.383800379606756,4.9781216382798155,4.153388212100115,59.05278445333962,16.580880820631137,0.9246482572304117,-0.06402906684765472,34
615,f::GUM_academic_census::-1,20,"tok[-64,+64]","First, surveys are subject to variable response rates and the misinterpretation of questions or sample frames, which can inject bias into fine-grained analyses [21, 22].",6.1611077065545565,5.798147998709146,4.656105147102454,70.767189912417,24.16279956821745,0.9410885631070413,-0.20007657408241986,34
616,f::GUM_academic_census::-1,21,sentence,"Second, aggregate information provides only a high-level view of a field, which can make it difficult to investigate causality [23].",5.742767423391342,4.461223482118259,3.865757933369389,40.586708319689066,17.69338248670101,0.776842096015743,-0.1835446928665318,27
617,f::GUM_academic_census::-1,21,prev1,"Second, aggregate information provides only a high-level view of a field, which can make it difficult to investigate causality [23].",5.000070753886744,4.262812036031293,3.7214249653335463,36.60750235036899,16.063384104520082,0.8525503429561767,-0.25035313480466576,27
618,f::GUM_academic_census::-1,21,prev3,"Second, aggregate information provides only a high-level view of a field, which can make it difficult to investigate causality [23].",4.530605400688256,3.8552709362381288,3.3098752718618134,31.070619051095562,12.824433432426304,0.8509394650994024,-0.19279057693909926,27
619,f::GUM_academic_census::-1,21,document,"Second, aggregate information provides only a high-level view of a field, which can make it difficult to investigate causality [23].",4.372642855772197,3.9745737759383504,3.3223223678016494,32.49740564735752,13.87435754132457,0.9089637336128727,-0.19814118733902517,27
620,f::GUM_academic_census::-1,21,"sent[-2,+0]","Second, aggregate information provides only a high-level view of a field, which can make it difficult to investigate causality [23].",4.593205885996145,3.816069721115724,3.3278097250640633,30.898609204971955,12.428137858398259,0.8308074612440586,-0.1903304253046439,27
621,f::GUM_academic_census::-1,21,"sent[-2,+2]","Second, aggregate information provides only a high-level view of a field, which can make it difficult to investigate causality [23].",4.777172032321148,4.47293630456327,3.7110248600574787,41.78505029977009,17.778057478601113,0.9363146803800461,-0.20222278409472633,27
622,f::GUM_academic_census::-1,21,"tok[-64,+0]","Second, aggregate information provides only a high-level view of a field, which can make it difficult to investigate causality [23].",4.6381519065169545,3.8517590825066153,3.4014324412639003,30.94095775211977,12.398488105740398,0.8304512573412273,-0.19713679999818123,27
623,f::GUM_academic_census::-1,21,"tok[-64,+64]","Second, aggregate information provides only a high-level view of a field, which can make it difficult to investigate causality [23].",5.673989393299928,6.28959128831372,4.625333282841045,70.45625165817134,29.513711692765355,1.108495425765286,-0.32771649281238474,27
624,f::GUM_academic_census::-1,22,sentence,"For example, differences in recruitment and retention strategies across departments will be washed out by averaging, thereby masking any insights into the efficacy of individual strategies and policies.",6.555622597312322,5.075953192995303,4.040034335315795,71.48572845053287,18.350087192840874,0.7742900262556824,-0.08897330230760822,32
625,f::GUM_academic_census::-1,22,prev1,"For example, differences in recruitment and retention strategies across departments will be washed out by averaging, thereby masking any insights into the efficacy of individual strategies and policies.",6.462769594792917,4.896073636669727,4.172179821129248,63.98985057442108,16.747126205125824,0.75758133797846,-0.08494841068020498,32
626,f::GUM_academic_census::-1,22,prev3,"For example, differences in recruitment and retention strategies across departments will be washed out by averaging, thereby masking any insights into the efficacy of individual strategies and policies.",6.365225783461938,5.02753728301697,4.186551460152259,64.66510783038675,18.03143621608615,0.7898442968165346,-0.07184345050304532,32
627,f::GUM_academic_census::-1,22,document,"For example, differences in recruitment and retention strategies across departments will be washed out by averaging, thereby masking any insights into the efficacy of individual strategies and policies.",6.407569204264291,5.311129502123616,4.5241072601700125,72.60853634132815,18.221237617195584,0.8288836737945826,-0.04584175994969381,32
628,f::GUM_academic_census::-1,22,"sent[-2,+0]","For example, differences in recruitment and retention strategies across departments will be washed out by averaging, thereby masking any insights into the efficacy of individual strategies and policies.",6.484002778146532,4.954405992943393,4.177346834500895,62.88730400985453,18.433968560304493,0.7640968337708858,-0.08797279828939158,32
629,f::GUM_academic_census::-1,22,"sent[-2,+2]","For example, differences in recruitment and retention strategies across departments will be washed out by averaging, thereby masking any insights into the efficacy of individual strategies and policies.",6.508304532908369,5.0508440159308226,4.283479664183687,71.71077162407056,16.45475224684924,0.7760614135973366,-0.07930640751104012,32
630,f::GUM_academic_census::-1,22,"tok[-64,+0]","For example, differences in recruitment and retention strategies across departments will be washed out by averaging, thereby masking any insights into the efficacy of individual strategies and policies.",6.398237665940542,4.928008384163562,4.134410929702426,62.22192122566305,18.01937194354832,0.7702133996048025,-0.08396260724082041,32
631,f::GUM_academic_census::-1,22,"tok[-64,+64]","For example, differences in recruitment and retention strategies across departments will be washed out by averaging, thereby masking any insights into the efficacy of individual strategies and policies.",6.83355200663209,5.6947488565230335,4.461429987335578,78.01976492769235,25.051788434386253,0.8333512133947577,-0.14018095733701638,32
632,f::GUM_academic_census::-1,23,sentence,"Here, we present a novel system, based on a topical web crawler, that can quickly and automatically assemble a full census of an academic field using digital data available on the public World Wide Web.",6.255593955889344,4.439694368191166,3.720107552055269,37.97549622659639,17.448582817800343,0.7097158798184791,-0.002803939360056018,40
633,f::GUM_academic_census::-1,23,prev1,"Here, we present a novel system, based on a topical web crawler, that can quickly and automatically assemble a full census of an academic field using digital data available on the public World Wide Web.",6.134273266221863,4.782337602123228,3.9898764591582583,39.95830320562696,18.399486747104675,0.7796094817713752,-0.012509157650013892,40
634,f::GUM_academic_census::-1,23,prev3,"Here, we present a novel system, based on a topical web crawler, that can quickly and automatically assemble a full census of an academic field using digital data available on the public World Wide Web.",6.060030821955297,4.93816839137863,4.063876202308457,43.47602432159167,21.359405796509236,0.8148751279428819,-0.03176112881635364,40
635,f::GUM_academic_census::-1,23,document,"Here, we present a novel system, based on a topical web crawler, that can quickly and automatically assemble a full census of an academic field using digital data available on the public World Wide Web.",5.6679063883144405,5.372976869328957,4.262024520565756,49.657143991075095,23.921360129490495,0.9479649982234107,-0.07277568900279761,40
636,f::GUM_academic_census::-1,23,"sent[-2,+0]","Here, we present a novel system, based on a topical web crawler, that can quickly and automatically assemble a full census of an academic field using digital data available on the public World Wide Web.",6.03465533425333,4.877561018391442,3.985219965930446,42.464803990472596,20.539937160443515,0.8082584254159305,-0.023784943544008952,40
637,f::GUM_academic_census::-1,23,"sent[-2,+2]","Here, we present a novel system, based on a topical web crawler, that can quickly and automatically assemble a full census of an academic field using digital data available on the public World Wide Web.",5.484428271302022,4.751032133812776,3.7582780006341636,39.152109681678745,20.27943371515721,0.8662766470432597,-0.033580733747195474,40
638,f::GUM_academic_census::-1,23,"tok[-64,+0]","Here, we present a novel system, based on a topical web crawler, that can quickly and automatically assemble a full census of an academic field using digital data available on the public World Wide Web.",6.0802454959834,4.962531370911386,4.021406935675769,43.80135885499133,21.579377091489732,0.8161728624591928,-0.02623728076983288,40
639,f::GUM_academic_census::-1,23,"tok[-64,+64]","Here, we present a novel system, based on a topical web crawler, that can quickly and automatically assemble a full census of an academic field using digital data available on the public World Wide Web.",5.762843513500411,5.495647203279835,3.948684287062497,47.95741894370854,28.987673175986856,0.9536346406778832,-0.07364384960885555,40
640,f::GUM_academic_census::-1,24,sentence,"This system is efficient and accurate, and it can be adapted to any academic discipline and used for continuous collection.",6.026363253593445,4.24710480433955,3.793665723367171,45.89524676816537,14.101177334785461,0.7047541984474723,0.05396886830407976,22
641,f::GUM_academic_census::-1,24,prev1,"This system is efficient and accurate, and it can be adapted to any academic discipline and used for continuous collection.",5.302907195958224,3.709022709893788,3.3271424602871096,32.91683352490723,11.523013949394226,0.6994319479550264,0.06649058461525824,22
642,f::GUM_academic_census::-1,24,prev3,"This system is efficient and accurate, and it can be adapted to any academic discipline and used for continuous collection.",5.337465318766507,3.6524585933373337,3.204276445483373,30.321026585998403,12.14230489730835,0.6843058221840437,0.06985642168227059,22
643,f::GUM_academic_census::-1,24,document,"This system is efficient and accurate, and it can be adapted to any academic discipline and used for continuous collection.",5.328447190198031,3.8405839659313403,3.2638830646010466,32.77018816681205,13.560388684272766,0.7207698282149261,0.05880313980451495,22
644,f::GUM_academic_census::-1,24,"sent[-2,+0]","This system is efficient and accurate, and it can be adapted to any academic discipline and used for continuous collection.",5.290106898004359,3.6329755715776972,3.182410354949226,30.533392081616665,11.308691382408142,0.6867489904501177,0.07599794070374699,22
645,f::GUM_academic_census::-1,24,"sent[-2,+2]","This system is efficient and accurate, and it can be adapted to any academic discipline and used for continuous collection.",5.164560258388519,3.5675075119602533,3.053505951708013,29.678033059724015,11.514708757400513,0.6907669450009304,0.08006748306354113,22
646,f::GUM_academic_census::-1,24,"tok[-64,+0]","This system is efficient and accurate, and it can be adapted to any academic discipline and used for continuous collection.",5.295336430723017,3.6404393063188816,3.2031273201477433,30.907365020455806,11.228661298751831,0.6874802675798678,0.07060659692356103,22
647,f::GUM_academic_census::-1,24,"tok[-64,+64]","This system is efficient and accurate, and it can be adapted to any academic discipline and used for continuous collection.",5.881760041822087,5.205986913834509,3.735478422119598,49.259281191693404,23.80620962381363,0.8851069878433474,-0.07581970689661534,22
648,f::GUM_academic_census::-1,25,sentence,"The system is capable of collecting census data for an entire academic field in just a few hours using off-the-shelf computing hardware, a vast improvement over the roughly 1600 hours required to do this task by hand [19].",5.501390439690943,3.9652010232172836,3.3324401234682277,27.421098929888956,13.778773603498848,0.7207634263893549,0.0010421213680700593,46
649,f::GUM_academic_census::-1,25,prev1,"The system is capable of collecting census data for an entire academic field in just a few hours using off-the-shelf computing hardware, a vast improvement over the roughly 1600 hours required to do this task by hand [19].",5.260192930174368,3.935497060366916,3.2527479793316023,26.281460923129938,13.905921574805689,0.7481659157008258,0.030312009562473888,46
650,f::GUM_academic_census::-1,25,prev3,"The system is capable of collecting census data for an entire academic field in just a few hours using off-the-shelf computing hardware, a vast improvement over the roughly 1600 hours required to do this task by hand [19].",4.885734158191949,3.916988848083097,3.298238286784372,24.83815175189919,14.038060999548179,0.8017196026753628,0.05016212503999074,46
651,f::GUM_academic_census::-1,25,document,"The system is capable of collecting census data for an entire academic field in just a few hours using off-the-shelf computing hardware, a vast improvement over the roughly 1600 hours required to do this task by hand [19].",4.77171281024802,3.979755917429745,3.314297275290648,26.30616217425767,14.498740633065609,0.8340308974342672,0.016277737565715527,46
652,f::GUM_academic_census::-1,25,"sent[-2,+0]","The system is capable of collecting census data for an entire academic field in just a few hours using off-the-shelf computing hardware, a vast improvement over the roughly 1600 hours required to do this task by hand [19].",4.841452763098261,3.843085611567783,3.2377247687875705,23.649381329336677,13.701474860252347,0.7937876913433771,0.05877903833252091,46
653,f::GUM_academic_census::-1,25,"sent[-2,+2]","The system is capable of collecting census data for an entire academic field in just a few hours using off-the-shelf computing hardware, a vast improvement over the roughly 1600 hours required to do this task by hand [19].",4.788034229507304,3.750653100763307,3.1863741391523304,22.542661344266264,13.396999060485541,0.7833388236134758,0.05604083794668842,46
654,f::GUM_academic_census::-1,25,"tok[-64,+0]","The system is capable of collecting census data for an entire academic field in just a few hours using off-the-shelf computing hardware, a vast improvement over the roughly 1600 hours required to do this task by hand [19].",4.910118736360227,3.8633006785388653,3.248521675850057,24.017594314398416,13.77654288065969,0.7868039218543731,0.05433046268106633,46
655,f::GUM_academic_census::-1,25,"tok[-64,+64]","The system is capable of collecting census data for an entire academic field in just a few hours using off-the-shelf computing hardware, a vast improvement over the roughly 1600 hours required to do this task by hand [19].",5.246100637492418,4.747569822666783,3.542948529482126,31.452631169980933,24.636788429339504,0.9049711682496568,0.007318933045392044,46
656,f::GUM_academic_census::-1,26,sentence,"By assembling an accurate census of an entire field from online information alone, this system will facilitate new research on the composition of academic fields by providing access to complete faculty listings, without having to rely on surveys or professional societies.",6.255868982439014,4.229599949747362,3.5925877222152476,41.90380831772758,17.715928334742785,0.6761011078749194,-0.07996235079905803,44
657,f::GUM_academic_census::-1,26,prev1,"By assembling an accurate census of an entire field from online information alone, this system will facilitate new research on the composition of academic fields by providing access to complete faculty listings, without having to rely on surveys or professional societies.",5.631711960050532,3.9583581831450694,3.3666456610845668,30.903108205621884,14.702453395351768,0.702869431395698,-0.03330764836652044,44
658,f::GUM_academic_census::-1,26,prev3,"By assembling an accurate census of an entire field from online information alone, this system will facilitate new research on the composition of academic fields by providing access to complete faculty listings, without having to rely on surveys or professional societies.",5.455945070536638,4.208631027012715,3.6557626460952117,33.91395699312302,14.231801675632596,0.7713844205910895,-0.017759186684575955,44
659,f::GUM_academic_census::-1,26,document,"By assembling an accurate census of an entire field from online information alone, this system will facilitate new research on the composition of academic fields by providing access to complete faculty listings, without having to rely on surveys or professional societies.",5.316109944558279,3.9402665704453117,3.260866298586561,26.25832214850611,18.009273389354348,0.7411935816863007,-0.030145271985651746,44
660,f::GUM_academic_census::-1,26,"sent[-2,+0]","By assembling an accurate census of an entire field from online information alone, this system will facilitate new research on the composition of academic fields by providing access to complete faculty listings, without having to rely on surveys or professional societies.",5.631655860311267,4.027152298987708,3.3965858911656706,31.66093572105068,14.624233352020383,0.7150920437750476,-0.036572495262106354,44
661,f::GUM_academic_census::-1,26,"sent[-2,+2]","By assembling an accurate census of an entire field from online information alone, this system will facilitate new research on the composition of academic fields by providing access to complete faculty listings, without having to rely on surveys or professional societies.",5.565957785922695,3.9710112406123512,3.3306311356819673,30.74637928467156,14.593361157923937,0.7134461656636618,-0.05027435328404483,44
662,f::GUM_academic_census::-1,26,"tok[-64,+0]","By assembling an accurate census of an entire field from online information alone, this system will facilitate new research on the composition of academic fields by providing access to complete faculty listings, without having to rely on surveys or professional societies.",5.639296134552834,3.9401793332514607,3.3199614392832104,30.478361680709657,14.600114760920405,0.69870055397683,-0.037412387961843284,44
663,f::GUM_academic_census::-1,26,"tok[-64,+64]","By assembling an accurate census of an entire field from online information alone, this system will facilitate new research on the composition of academic fields by providing access to complete faculty listings, without having to rely on surveys or professional societies.",5.740259499373761,4.406334556192312,3.454383666249962,32.04955058110764,21.629845187067986,0.767619400599054,-0.07503230056244345,44
664,f::GUM_academic_census::-1,27,sentence,"This system can also be used longitudinally to study how the workforce’s composition changes over time, which is particularly valuable for evaluating the effectiveness of policies meant to broaden participation or improve retention of faculty.",5.289848007666435,3.8584309390100757,3.1888310135331093,33.85281785277114,15.204139483859763,0.7294029872726315,-0.011373270311783807,42
665,f::GUM_academic_census::-1,27,prev1,"This system can also be used longitudinally to study how the workforce’s composition changes over time, which is particularly valuable for evaluating the effectiveness of policies meant to broaden participation or improve retention of faculty.",4.705134660684659,3.8227804874893665,3.120552410067628,31.06394766822527,16.627475050627254,0.8124699425569898,-0.011173287989432798,42
666,f::GUM_academic_census::-1,27,prev3,"This system can also be used longitudinally to study how the workforce’s composition changes over time, which is particularly valuable for evaluating the effectiveness of policies meant to broaden participation or improve retention of faculty.",4.738401565944687,4.060542081078875,3.3386693278986477,34.27425305024428,16.585887827910483,0.8569434279826242,0.005753370284078466,42
667,f::GUM_academic_census::-1,27,document,"This system can also be used longitudinally to study how the workforce’s composition changes over time, which is particularly valuable for evaluating the effectiveness of policies meant to broaden participation or improve retention of faculty.",4.6912350802920715,4.178886878041943,3.271186680367345,36.097813870902364,16.386753208120354,0.8907860737138267,0.004489204463192464,42
668,f::GUM_academic_census::-1,27,"sent[-2,+0]","This system can also be used longitudinally to study how the workforce’s composition changes over time, which is particularly valuable for evaluating the effectiveness of policies meant to broaden participation or improve retention of faculty.",4.767348900642467,3.9128300917909735,3.1835961943144366,32.00207296063741,16.655747337965295,0.8207559743033837,-0.0027224973601837777,42
669,f::GUM_academic_census::-1,27,"sent[-2,+2]","This system can also be used longitudinally to study how the workforce’s composition changes over time, which is particularly valuable for evaluating the effectiveness of policies meant to broaden participation or improve retention of faculty.",4.662750313863701,3.8090627541137043,3.0757345068300816,31.039866127044117,16.780606478161644,0.8169133017455947,0.003653553161099326,42
670,f::GUM_academic_census::-1,27,"tok[-64,+0]","This system can also be used longitudinally to study how the workforce’s composition changes over time, which is particularly valuable for evaluating the effectiveness of policies meant to broaden participation or improve retention of faculty.",4.769564505716387,3.8625556868018456,3.1389878113258334,31.1576733826444,16.148899925639853,0.8098340387623484,-0.006715551965375868,42
671,f::GUM_academic_census::-1,27,"tok[-64,+64]","This system can also be used longitudinally to study how the workforce’s composition changes over time, which is particularly valuable for evaluating the effectiveness of policies meant to broaden participation or improve retention of faculty.",5.151658380401343,4.957329781209883,3.480996022003416,41.264718777966955,26.40368634846527,0.9622784383508908,-0.057958414434206657,42
672,f::GUM_academic_census::-1,28,sentence,"Finally, applied to many academic fields in parallel, the system can elucidate scientists’ movement between different disciplines and relate those labor flows to scientific advances.",7.225191299893683,5.187142352592617,4.524116941905047,76.13985496012631,17.745364936068654,0.7179245693700794,-0.06269682524350234,31
673,f::GUM_academic_census::-1,28,prev1,"Finally, applied to many academic fields in parallel, the system can elucidate scientists’ movement between different disciplines and relate those labor flows to scientific advances.",6.6023949405568985,5.236608821803436,4.508438069876341,74.75152670535523,17.251380080822855,0.7931377733307392,-0.02385760080876686,31
674,f::GUM_academic_census::-1,28,prev3,"Finally, applied to many academic fields in parallel, the system can elucidate scientists’ movement between different disciplines and relate those labor flows to scientific advances.",6.209655657282941,5.4696470536395285,4.898044803565509,73.48112534906073,16.520051589468494,0.8808293656709452,0.032923455858667114,31
675,f::GUM_academic_census::-1,28,document,"Finally, applied to many academic fields in parallel, the system can elucidate scientists’ movement between different disciplines and relate those labor flows to scientific advances.",6.229966316308316,5.29477199591093,4.690795093587998,67.98097140226886,17.10152989125345,0.8498877404923831,0.008282400042874064,31
676,f::GUM_academic_census::-1,28,"sent[-2,+0]","Finally, applied to many academic fields in parallel, the system can elucidate scientists’ movement between different disciplines and relate those labor flows to scientific advances.",6.33877041748154,5.321092683254287,4.757388489634869,72.23552205578746,16.083353026304394,0.8394518704415252,0.015339362542633267,31
677,f::GUM_academic_census::-1,28,"sent[-2,+2]","Finally, applied to many academic fields in parallel, the system can elucidate scientists’ movement between different disciplines and relate those labor flows to scientific advances.",6.632822097692218,5.576162975438692,4.876155429056474,80.69746928787282,19.063152215676382,0.8406923769866866,-0.019199748758147582,31
678,f::GUM_academic_census::-1,28,"tok[-64,+0]","Finally, applied to many academic fields in parallel, the system can elucidate scientists’ movement between different disciplines and relate those labor flows to scientific advances.",6.432244960368881,5.283467534163218,4.60831074979889,72.99108584094655,16.891684780828655,0.8214033462214749,0.011564769164373897,31
679,f::GUM_academic_census::-1,28,"tok[-64,+64]","Finally, applied to many academic fields in parallel, the system can elucidate scientists’ movement between different disciplines and relate those labor flows to scientific advances.",7.284519280216867,6.8114681684213885,5.36589983468885,109.82652126950107,29.91704478673637,0.9350607646711595,-0.10901658738167146,31
680,f::GUM_academic_census::-1,29,sentence,"In short, many important research questions will benefit from the availability of accurate and frequently-recollected census data.",5.9367109038259676,4.229898274971459,3.6729045227479844,50.63402113835951,14.218314789235592,0.7124986113515251,-0.10018963966768948,23
681,f::GUM_academic_census::-1,29,prev1,"In short, many important research questions will benefit from the availability of accurate and frequently-recollected census data.",5.93424344467728,4.435859904822017,3.737154375909632,58.83471103206091,14.786897268146276,0.7475021788667537,-0.04395579031333616,23
682,f::GUM_academic_census::-1,29,prev3,"In short, many important research questions will benefit from the availability of accurate and frequently-recollected census data.",5.333213061418222,4.012376446271087,3.390355016536208,40.533874240609265,14.69647303596139,0.7523375496279359,-0.11244063952149959,23
683,f::GUM_academic_census::-1,29,document,"In short, many important research questions will benefit from the availability of accurate and frequently-recollected census data.",5.509557480761862,4.220877217643834,3.531738390357344,40.59355567507185,15.111827629618347,0.7661009495557837,-0.16032502407543056,23
684,f::GUM_academic_census::-1,29,"sent[-2,+0]","In short, many important research questions will benefit from the availability of accurate and frequently-recollected census data.",5.815570691357488,4.41465575826825,3.7520799853175264,57.17938266549927,15.217351257801056,0.7591096373102065,-0.044755709044664735,23
685,f::GUM_academic_census::-1,29,"sent[-2,+2]","In short, many important research questions will benefit from the availability of accurate and frequently-recollected census data.",6.0049740531198355,4.64437468253605,3.9477916325535807,62.227988278047015,15.116109188646078,0.7734212740058557,-0.08419277121427028,23
686,f::GUM_academic_census::-1,29,"tok[-64,+0]","In short, many important research questions will benefit from the availability of accurate and frequently-recollected census data.",5.821257176120644,4.4312869293818835,3.751414566330738,57.67252766221415,15.252941496670246,0.7612250748102055,-0.04090651811612225,23
687,f::GUM_academic_census::-1,29,"tok[-64,+64]","In short, many important research questions will benefit from the availability of accurate and frequently-recollected census data.",6.446085900392221,6.6426774272067615,4.772128296653355,59.630811788604774,30.17093677073717,1.030497813689169,-0.45656204663894373,23
688,f::GUM_academic_census::-1,30,sentence,Our study is organized as follows.,7.1058400358472555,3.0840170324727905,2.9601097204247298,19.865683039945583,7.679881811141968,0.4340116041051678,-1.0494858026504512,7
689,f::GUM_academic_census::-1,30,prev1,Our study is organized as follows.,7.057218517575945,4.249408862069449,3.5279086171364304,32.65358243556733,12.655195474624634,0.6021365005896204,-1.2424308487347195,7
690,f::GUM_academic_census::-1,30,prev3,Our study is organized as follows.,6.557907070432391,3.9315596416262597,3.296624339356715,28.230930714387586,11.399855852127075,0.5995143876546325,-1.1616552812712535,7
691,f::GUM_academic_census::-1,30,document,Our study is organized as follows.,7.338917255401611,5.336511596001493,4.260204587663923,45.47012215119768,16.1079261302948,0.7271524409235842,-1.7040319187300548,7
692,f::GUM_academic_census::-1,30,"sent[-2,+0]",Our study is organized as follows.,6.565594366618565,3.631624487424441,3.0255145053474273,23.487149131328408,10.531514406204224,0.553129585021076,-1.112739418234144,7
693,f::GUM_academic_census::-1,30,"sent[-2,+2]",Our study is organized as follows.,6.193154573440552,3.8304553933958827,3.2372449466160367,15.476419910619418,12.10951566696167,0.6184982706265488,-1.558804639748165,7
694,f::GUM_academic_census::-1,30,"tok[-64,+0]",Our study is organized as follows.,6.686509575162615,3.8273273875322746,3.2039781492583614,27.41282434321572,11.04371190071106,0.5723954096692061,-1.144293997968946,7
695,f::GUM_academic_census::-1,30,"tok[-64,+64]",Our study is organized as follows.,6.6502290453229636,3.3011045670813903,2.844659221415617,21.221563905390628,9.260113716125488,0.49638960471640037,-1.0037766013826641,7
696,f::GUM_academic_census::-1,31,sentence,We begin by detailing the design and implementation of our web crawler framework.,5.514931347966194,3.8516047101877557,3.570618620316188,41.483234648851486,10.581845596432686,0.6983957672670136,-0.19932195698576324,15
697,f::GUM_academic_census::-1,31,prev1,We begin by detailing the design and implementation of our web crawler framework.,5.4782030445834,4.136577164492584,3.889551143679354,42.79457571011637,11.95318242534995,0.7550974527281614,-0.196485831788076,15
698,f::GUM_academic_census::-1,31,prev3,We begin by detailing the design and implementation of our web crawler framework.,5.566868534435828,4.484372133233162,4.133993952108754,49.285205988007725,13.945899415761232,0.8055466202396369,-0.12946517644450092,15
699,f::GUM_academic_census::-1,31,document,We begin by detailing the design and implementation of our web crawler framework.,4.982303745423754,4.763477115698652,4.366921260456244,57.28769534155554,13.632328713312745,0.9560792274204291,-0.2743222104185927,15
700,f::GUM_academic_census::-1,31,"sent[-2,+0]",We begin by detailing the design and implementation of our web crawler framework.,5.665439091871182,4.452421435866247,4.094516725109683,50.12966711000744,13.248050171881914,0.7858916782380765,-0.16886835211355802,15
701,f::GUM_academic_census::-1,31,"sent[-2,+2]",We begin by detailing the design and implementation of our web crawler framework.,5.205691483741005,4.484795130179001,4.051015800535679,48.31234896146992,14.480601729825139,0.8615176570079905,-0.31136122771006636,15
702,f::GUM_academic_census::-1,31,"tok[-64,+0]",We begin by detailing the design and implementation of our web crawler framework.,5.668459738542636,4.608681872095161,4.234689474536313,51.30275130408318,14.279228370636702,0.8130395353712181,-0.13228515699239723,15
703,f::GUM_academic_census::-1,31,"tok[-64,+64]",We begin by detailing the design and implementation of our web crawler framework.,5.6547262589136755,5.667610256581911,4.656861820220947,59.892718648488774,21.336699169129133,1.0022784476344768,-0.518287992317762,15
704,f::GUM_academic_census::-1,32,sentence,"Next, we present the results of our work in two sections.",5.005972055288462,3.099574516495256,2.5890751731466257,22.020847593211688,11.425758123397827,0.6191753534102874,-0.25177457175412005,13
705,f::GUM_academic_census::-1,32,prev1,"Next, we present the results of our work in two sections.",4.489590736535879,4.311829461193232,3.499123209326931,40.50434716899371,15.744932174682617,0.9604059065125822,-0.29408634494949176,13
706,f::GUM_academic_census::-1,32,prev3,"Next, we present the results of our work in two sections.",4.166893593966961,4.146726549722117,3.105229201225134,33.14952830479542,16.046590335667133,0.995160172970569,-0.252824107860471,13
707,f::GUM_academic_census::-1,32,document,"Next, we present the results of our work in two sections.",4.078483100120838,4.317236601318037,2.9631178971578382,34.10326641647527,17.002311289310455,1.0585397794562703,-0.30775263185029533,13
708,f::GUM_academic_census::-1,32,"sent[-2,+0]","Next, we present the results of our work in two sections.",4.191085342031259,4.006804497430909,3.2038120824909773,33.58144798255632,14.984797582030296,0.9560302810462371,-0.25721837334580466,13
709,f::GUM_academic_census::-1,32,"sent[-2,+2]","Next, we present the results of our work in two sections.",4.32117054439508,4.455436120839302,3.1866770012844245,35.3844779892133,17.429313734173775,1.0310715754133741,-0.26155823698410624,13
710,f::GUM_academic_census::-1,32,"tok[-64,+0]","Next, we present the results of our work in two sections.",4.017416667479735,3.8725298626549787,3.003081953031777,29.375602258018194,14.841708734631538,0.9639353303834304,-0.23178707341571433,13
711,f::GUM_academic_census::-1,32,"tok[-64,+64]","Next, we present the results of our work in two sections.",5.155238273052069,3.7904075405277493,2.693707959539086,15.738813777138285,15.449556559324265,0.7352536080323024,-0.47683852583497427,13
712,f::GUM_academic_census::-1,33,sentence,"The first demonstrates the validity and utility of the crawler by collecting census data for the field of computer science and comparing it to a hand-curated census, collected in 2011 [19].",6.031294919354351,5.054129572045868,4.08605361119986,67.37289599353367,20.29160489886999,0.8379841542530492,-0.07903403002250663,38
713,f::GUM_academic_census::-1,33,prev1,"The first demonstrates the validity and utility of the crawler by collecting census data for the field of computer science and comparing it to a hand-curated census, collected in 2011 [19].",5.80545621134929,4.734110273272489,4.073047269703278,60.18245564429809,18.862920803949237,0.815458785825929,-0.028603683279311364,38
714,f::GUM_academic_census::-1,33,prev3,"The first demonstrates the validity and utility of the crawler by collecting census data for the field of computer science and comparing it to a hand-curated census, collected in 2011 [19].",5.605479184881244,4.472951821802816,3.9842328518304018,51.11301798811864,15.675236817449331,0.7979606514046093,-0.018617308785928335,38
715,f::GUM_academic_census::-1,33,document,"The first demonstrates the validity and utility of the crawler by collecting census data for the field of computer science and comparing it to a hand-curated census, collected in 2011 [19].",4.916538703426915,4.258493061450731,3.531005191815362,48.13433988216825,14.769086915068328,0.866156724950113,-0.03503387928771697,38
716,f::GUM_academic_census::-1,33,"sent[-2,+0]","The first demonstrates the validity and utility of the crawler by collecting census data for the field of computer science and comparing it to a hand-curated census, collected in 2011 [19].",5.698396721805789,4.577038717616319,4.065568914092624,53.0016423700298,16.639746548607945,0.8032151745598158,-0.013896988687680335,38
717,f::GUM_academic_census::-1,33,"sent[-2,+2]","The first demonstrates the validity and utility of the crawler by collecting census data for the field of computer science and comparing it to a hand-curated census, collected in 2011 [19].",5.35670369201781,4.195910294042076,3.7366606366518798,46.925087385852144,13.629535233601928,0.7833008012547963,-0.013152048275256166,38
718,f::GUM_academic_census::-1,33,"tok[-64,+0]","The first demonstrates the validity and utility of the crawler by collecting census data for the field of computer science and comparing it to a hand-curated census, collected in 2011 [19].",5.129841234902607,4.108304580805815,3.686737871350891,44.32497102326594,13.435178988613188,0.8008638849977614,-0.010225634221042546,38
719,f::GUM_academic_census::-1,33,"tok[-64,+64]","The first demonstrates the validity and utility of the crawler by collecting census data for the field of computer science and comparing it to a hand-curated census, collected in 2011 [19].",5.121095534316019,4.000505000945303,3.488191156093434,43.188464979737105,12.711552288383245,0.7811814823875602,-0.01094121593928574,38
720,f::GUM_academic_census::-1,34,sentence,The second provides an example of the type of research enabled by our system and uses the 2011 and 2017 censuses to investigate the “leaky pipeline” problem in faculty retention.,6.635810690957147,5.147518816724556,4.285490682475144,61.772787394334074,18.55767148733139,0.7757181535843483,0.00613235041054017,37
721,f::GUM_academic_census::-1,34,prev1,The second provides an example of the type of research enabled by our system and uses the 2011 and 2017 censuses to investigate the “leaky pipeline” problem in faculty retention.,6.2022654976494405,4.943727291691805,4.2081951098673045,58.56232266925579,19.547804629430175,0.7970841128238381,0.07980380077250636,37
722,f::GUM_academic_census::-1,34,prev3,The second provides an example of the type of research enabled by our system and uses the 2011 and 2017 censuses to investigate the “leaky pipeline” problem in faculty retention.,6.059557753942303,5.093058585447502,4.292316507197062,58.44774174167914,20.83624790981412,0.8405000483961055,0.10910071931150549,37
723,f::GUM_academic_census::-1,34,document,The second provides an example of the type of research enabled by our system and uses the 2011 and 2017 censuses to investigate the “leaky pipeline” problem in faculty retention.,5.90171890766234,4.63499739788529,3.949895493800488,53.152162489969115,14.131914589554071,0.7853639711419608,0.07873683990605942,37
724,f::GUM_academic_census::-1,34,"sent[-2,+0]",The second provides an example of the type of research enabled by our system and uses the 2011 and 2017 censuses to investigate the “leaky pipeline” problem in faculty retention.,6.068877515760628,5.060156635251523,4.2475798442208745,59.35619591194685,20.151238948106766,0.8337878993455548,0.09500822219282258,37
725,f::GUM_academic_census::-1,34,"sent[-2,+2]",The second provides an example of the type of research enabled by our system and uses the 2011 and 2017 censuses to investigate the “leaky pipeline” problem in faculty retention.,6.068877515760628,5.060156635251523,4.2475798442208745,59.35619591194685,20.151238948106766,0.8337878993455548,0.09500822219282258,37
726,f::GUM_academic_census::-1,34,"tok[-64,+0]",The second provides an example of the type of research enabled by our system and uses the 2011 and 2017 censuses to investigate the “leaky pipeline” problem in faculty retention.,6.038418205706654,5.083289856071762,4.28835173199937,58.48740271334589,20.817988377064466,0.8418247433189968,0.10974479060674816,37
727,f::GUM_academic_census::-1,34,"tok[-64,+64]",The second provides an example of the type of research enabled by our system and uses the 2011 and 2017 censuses to investigate the “leaky pipeline” problem in faculty retention.,6.038418205706654,5.083289856071762,4.28835173199937,58.48740271334589,20.817988377064466,0.8418247433189968,0.10974479060674816,37
728,cf::GUM_academic_census::22,0,sentence,1 Introduction,10.097344875335693,1.7877154350280762,1.7877154350280762,12.783705906550495,3.5754308700561523,0.1770480712602819,3.5754308700561497,2
729,cf::GUM_academic_census::22,0,prev1,1 Introduction,10.097344875335693,1.7877154350280762,1.7877154350280762,12.783705906550495,3.5754308700561523,0.1770480712602819,3.5754308700561497,2
730,cf::GUM_academic_census::22,0,prev3,1 Introduction,10.097344875335693,1.7877154350280762,1.7877154350280762,12.783705906550495,3.5754308700561523,0.1770480712602819,3.5754308700561497,2
731,cf::GUM_academic_census::22,0,document,1 Introduction,10.097344875335693,1.7877154350280762,1.7877154350280762,12.783705906550495,3.5754308700561523,0.1770480712602819,3.5754308700561497,2
732,cf::GUM_academic_census::22,0,"sent[-2,+0]",1 Introduction,10.097344875335693,1.7877154350280762,1.7877154350280762,12.783705906550495,3.5754308700561523,0.1770480712602819,3.5754308700561497,2
733,cf::GUM_academic_census::22,0,"sent[-2,+2]",1 Introduction,10.097344875335693,1.7877154350280762,1.7877154350280762,12.783705906550495,3.5754308700561523,0.1770480712602819,3.5754308700561497,2
734,cf::GUM_academic_census::22,0,"tok[-64,+0]",1 Introduction,10.097344875335693,1.7877154350280762,1.7877154350280762,12.783705906550495,3.5754308700561523,0.1770480712602819,3.5754308700561497,2
735,cf::GUM_academic_census::22,0,"tok[-64,+64]",1 Introduction,10.097344875335693,1.7877154350280762,1.7877154350280762,12.783705906550495,3.5754308700561523,0.1770480712602819,3.5754308700561497,2
736,cf::GUM_academic_census::22,1,sentence,"Tenured and tenure-track university faculty play a special role in determining the speed and direction of scientific progress, both directly through their research and indirectly through their training of new researchers.",5.7259155665006904,4.026607758344001,3.400092001958394,40.50719018371678,12.81352449208498,0.7032251369373237,-0.1072113171967761,36
737,cf::GUM_academic_census::22,1,prev1,"Tenured and tenure-track university faculty play a special role in determining the speed and direction of scientific progress, both directly through their research and indirectly through their training of new researchers.",5.968201362631387,4.873614694201658,3.7209129655434756,46.89035721364557,23.364551916718483,0.8165968937839047,-0.15171685296193518,36
738,cf::GUM_academic_census::22,1,prev3,"Tenured and tenure-track university faculty play a special role in determining the speed and direction of scientific progress, both directly through their research and indirectly through their training of new researchers.",5.968201362631387,4.873614694201658,3.7209129655434756,46.89035721364557,23.364551916718483,0.8165968937839047,-0.15171685296193518,36
739,cf::GUM_academic_census::22,1,document,"Tenured and tenure-track university faculty play a special role in determining the speed and direction of scientific progress, both directly through their research and indirectly through their training of new researchers.",5.968201362631387,4.873614694201658,3.7209129655434756,46.89035721364557,23.364551916718483,0.8165968937839047,-0.15171685296193518,36
740,cf::GUM_academic_census::22,1,"sent[-2,+0]","Tenured and tenure-track university faculty play a special role in determining the speed and direction of scientific progress, both directly through their research and indirectly through their training of new researchers.",5.968201362631387,4.873614694201658,3.7209129655434756,46.89035721364557,23.364551916718483,0.8165968937839047,-0.15171685296193518,36
741,cf::GUM_academic_census::22,1,"sent[-2,+2]","Tenured and tenure-track university faculty play a special role in determining the speed and direction of scientific progress, both directly through their research and indirectly through their training of new researchers.",5.420007458370593,4.96330839208475,3.736724200141099,49.03521389018613,25.11195783317089,0.9157382956031689,-0.09619416453068941,36
742,cf::GUM_academic_census::22,1,"tok[-64,+0]","Tenured and tenure-track university faculty play a special role in determining the speed and direction of scientific progress, both directly through their research and indirectly through their training of new researchers.",5.968201362631387,4.873614694201658,3.7209129655434756,46.89035721364557,23.364551916718483,0.8165968937839047,-0.15171685296193518,36
743,cf::GUM_academic_census::22,1,"tok[-64,+64]","Tenured and tenure-track university faculty play a special role in determining the speed and direction of scientific progress, both directly through their research and indirectly through their training of new researchers.",5.543959487436546,5.41163470415568,3.7233703571176275,55.34257274215169,29.36480461061001,0.9761317189310754,-0.10071965142163991,36
744,cf::GUM_academic_census::22,2,sentence,"Past studies establish that each of these efforts is strongly and positively influenced through various forms of faculty diversity, including ethnic, racial, and gender diversity.",6.00746253068591,4.449897125220965,3.9768875143828493,41.421195286483034,15.443322885781527,0.7407282363378956,-0.24145975713732815,29
745,cf::GUM_academic_census::22,2,prev1,"Past studies establish that each of these efforts is strongly and positively influenced through various forms of faculty diversity, including ethnic, racial, and gender diversity.",5.840415618157592,4.841456333742538,4.040378651671404,45.342277567302396,21.550171744078398,0.8289575006769494,-0.2520977294026633,29
746,cf::GUM_academic_census::22,2,prev3,"Past studies establish that each of these efforts is strongly and positively influenced through various forms of faculty diversity, including ethnic, racial, and gender diversity.",5.855493802769945,4.916345480069291,4.067156019750163,47.141073008111846,22.209533413872123,0.8396124469884352,-0.25430319549084623,29
747,cf::GUM_academic_census::22,2,document,"Past studies establish that each of these efforts is strongly and positively influenced through various forms of faculty diversity, including ethnic, racial, and gender diversity.",5.855493802769945,4.916345480069291,4.067156019750163,47.141073008111846,22.209533413872123,0.8396124469884352,-0.25430319549084623,29
748,cf::GUM_academic_census::22,2,"sent[-2,+0]","Past studies establish that each of these efforts is strongly and positively influenced through various forms of faculty diversity, including ethnic, racial, and gender diversity.",5.855493802769945,4.916345480069291,4.067156019750163,47.141073008111846,22.209533413872123,0.8396124469884352,-0.25430319549084623,29
749,cf::GUM_academic_census::22,2,"sent[-2,+2]","Past studies establish that each of these efforts is strongly and positively influenced through various forms of faculty diversity, including ethnic, racial, and gender diversity.",5.930294130029607,4.841575668756317,4.069092509021162,49.20481524662521,21.61218927334994,0.816414087159644,-0.23468028078947642,29
750,cf::GUM_academic_census::22,2,"tok[-64,+0]","Past studies establish that each of these efforts is strongly and positively influenced through various forms of faculty diversity, including ethnic, racial, and gender diversity.",5.855493802769945,4.916345480069291,4.067156019750163,47.141073008111846,22.209533413872123,0.8396124469884352,-0.25430319549084623,29
751,cf::GUM_academic_census::22,2,"tok[-64,+64]","Past studies establish that each of these efforts is strongly and positively influenced through various forms of faculty diversity, including ethnic, racial, and gender diversity.",6.438512060309535,6.7377138772231975,4.701376410792543,76.08720364646878,35.26039558183402,1.0464706463404958,-0.3479698642969063,29
752,cf::GUM_academic_census::22,3,sentence,"As an example, research shows that greater diversity within a community or group can lead to improved critical thinking [1] and more creative solutions to complex tasks [2, 3] by pairing together individuals with unique skillsets and perspectives that complement and often augment the abilities of their peers.",5.369113213715276,3.528720560473903,2.865930108111162,25.653904745500505,14.316833067685366,0.6572259552024099,-0.008084812140192852,56
753,cf::GUM_academic_census::22,3,prev1,"As an example, research shows that greater diversity within a community or group can lead to improved critical thinking [1] and more creative solutions to complex tasks [2, 3] by pairing together individuals with unique skillsets and perspectives that complement and often augment the abilities of their peers.",5.115060056659526,3.635965861262352,2.829112384072743,24.457374713777835,16.300161825492978,0.7108354195232811,-0.0003830272259391039,56
754,cf::GUM_academic_census::22,3,prev3,"As an example, research shows that greater diversity within a community or group can lead to improved critical thinking [1] and more creative solutions to complex tasks [2, 3] by pairing together individuals with unique skillsets and perspectives that complement and often augment the abilities of their peers.",5.238332256342152,3.8156931224420005,3.014053612144436,26.808145858884917,17.720393490046263,0.7284175450731034,-0.007599555878369754,56
755,cf::GUM_academic_census::22,3,document,"As an example, research shows that greater diversity within a community or group can lead to improved critical thinking [1] and more creative solutions to complex tasks [2, 3] by pairing together individuals with unique skillsets and perspectives that complement and often augment the abilities of their peers.",5.238332256342152,3.8156931224420005,3.014053612144436,26.808145858884917,17.720393490046263,0.7284175450731034,-0.007599555878369754,56
756,cf::GUM_academic_census::22,3,"sent[-2,+0]","As an example, research shows that greater diversity within a community or group can lead to improved critical thinking [1] and more creative solutions to complex tasks [2, 3] by pairing together individuals with unique skillsets and perspectives that complement and often augment the abilities of their peers.",5.241259910631925,3.746679802316512,2.9785529512280067,26.254403602679982,16.589281540364027,0.7148433518277449,-0.004030314782635704,56
757,cf::GUM_academic_census::22,3,"sent[-2,+2]","As an example, research shows that greater diversity within a community or group can lead to improved critical thinking [1] and more creative solutions to complex tasks [2, 3] by pairing together individuals with unique skillsets and perspectives that complement and often augment the abilities of their peers.",5.17444614181295,3.631240888100332,2.8771665116738796,23.103231065032713,17.093482118099928,0.7017641673294271,-0.007007293249986559,56
758,cf::GUM_academic_census::22,3,"tok[-64,+0]","As an example, research shows that greater diversity within a community or group can lead to improved critical thinking [1] and more creative solutions to complex tasks [2, 3] by pairing together individuals with unique skillsets and perspectives that complement and often augment the abilities of their peers.",5.191353025313999,3.671119909143284,2.939096193418515,25.433556934407534,15.685959532856941,0.7071605208203378,-0.00220571575853126,56
759,cf::GUM_academic_census::22,3,"tok[-64,+64]","As an example, research shows that greater diversity within a community or group can lead to improved critical thinking [1] and more creative solutions to complex tasks [2, 3] by pairing together individuals with unique skillsets and perspectives that complement and often augment the abilities of their peers.",5.361304177570024,3.9234421463483105,3.013152557356302,23.11497552632386,21.015683118253946,0.7318074140920288,-0.02849099492910112,56
760,cf::GUM_academic_census::22,4,sentence,"Additionally, diversity has been shown to produce more supportive social climates and effective learning environments [4], which can facilitate the mentoring of young scientists.",5.8397813172175965,4.057165418407866,3.3242496372544954,44.76703539565978,15.49984261393547,0.6947461211340239,-0.1026682149013276,29
761,cf::GUM_academic_census::22,4,prev1,"Additionally, diversity has been shown to produce more supportive social climates and effective learning environments [4], which can facilitate the mentoring of young scientists.",4.890978031631174,4.03057575054279,3.139394925515235,34.19992731337298,17.095261499285698,0.8240837976527502,-0.07432547762916629,29
762,cf::GUM_academic_census::22,4,prev3,"Additionally, diversity has been shown to produce more supportive social climates and effective learning environments [4], which can facilitate the mentoring of young scientists.",4.685911695400638,3.9007480044395417,3.05670813836742,30.85294293234519,16.70430754427798,0.8324416374017978,-0.110897786352724,29
763,cf::GUM_academic_census::22,4,document,"Additionally, diversity has been shown to produce more supportive social climates and effective learning environments [4], which can facilitate the mentoring of young scientists.",4.733345357074948,4.02407539549755,3.0964931229109505,32.30257678554655,17.86546623473987,0.8501546141108741,-0.11901206496043215,29
764,cf::GUM_academic_census::22,4,"sent[-2,+0]","Additionally, diversity has been shown to produce more supportive social climates and effective learning environments [4], which can facilitate the mentoring of young scientists.",4.7804084219006375,3.8852556680327988,3.0186466981139692,31.00843330993502,16.592716793064028,0.8127455491529035,-0.06611978230708915,29
765,cf::GUM_academic_census::22,4,"sent[-2,+2]","Additionally, diversity has been shown to produce more supportive social climates and effective learning environments [4], which can facilitate the mentoring of young scientists.",4.955102045414167,4.265525817126195,3.279884667990687,36.53561916365117,19.229817407089286,0.860835110565249,-0.14801155705666755,29
766,cf::GUM_academic_census::22,4,"tok[-64,+0]","Additionally, diversity has been shown to produce more supportive social climates and effective learning environments [4], which can facilitate the mentoring of young scientists.",4.858034444282409,3.97732420854418,3.111350383105667,33.41899690664052,16.62028757436201,0.8187105822654741,-0.05558353057567033,29
767,cf::GUM_academic_census::22,4,"tok[-64,+64]","Additionally, diversity has been shown to produce more supportive social climates and effective learning environments [4], which can facilitate the mentoring of young scientists.",5.638615298373946,6.5256014171876435,3.9110221697657637,69.30811558480244,35.33420616015792,1.1573056631597984,-0.26547548040710994,29
768,cf::GUM_academic_census::22,5,sentence,"Despite these positive effects, however, quantifying the impact of diversity in science remains exceedingly difficult, due in large part to a lack of comprehensive data about the scientific workforce.",4.584798203514176,4.147691525327478,3.5134281037430917,40.11609278156873,16.446391608333215,0.9046617410878275,-0.10035131403282024,34
769,cf::GUM_academic_census::22,5,prev1,"Despite these positive effects, however, quantifying the impact of diversity in science remains exceedingly difficult, due in large part to a lack of comprehensive data about the scientific workforce.",4.000968054330716,4.085201046939423,3.0772472021184463,32.45490757064768,17.4737279699184,1.0210531530031917,-0.05016473950624296,34
770,cf::GUM_academic_census::22,5,prev3,"Despite these positive effects, however, quantifying the impact of diversity in science remains exceedingly difficult, due in large part to a lack of comprehensive data about the scientific workforce.",3.952055986296139,4.081541960533581,3.0930693989628075,31.68713931559475,17.561078549479134,1.0327642054379893,-0.04814810831456555,34
771,cf::GUM_academic_census::22,5,document,"Despite these positive effects, however, quantifying the impact of diversity in science remains exceedingly difficult, due in large part to a lack of comprehensive data about the scientific workforce.",3.9827939837499904,4.073106902635143,2.9979156384209915,31.160974800217577,18.552066962816752,1.0226757696364999,-0.05941555692040196,34
772,cf::GUM_academic_census::22,5,"sent[-2,+0]","Despite these positive effects, however, quantifying the impact of diversity in science remains exceedingly difficult, due in large part to a lack of comprehensive data about the scientific workforce.",3.9442436083028203,4.024094002224642,3.0536714312701028,31.092737893660907,17.05853007407859,1.020244792627345,-0.04943293243998085,34
773,cf::GUM_academic_census::22,5,"sent[-2,+2]","Despite these positive effects, however, quantifying the impact of diversity in science remains exceedingly difficult, due in large part to a lack of comprehensive data about the scientific workforce.",3.892573307684335,3.9922350137931977,3.0004068665505725,30.086871771818448,18.12829360010801,1.0256030389747883,-0.12467180345209397,34
774,cf::GUM_academic_census::22,5,"tok[-64,+0]","Despite these positive effects, however, quantifying the impact of diversity in science remains exceedingly difficult, due in large part to a lack of comprehensive data about the scientific workforce.",3.9868296574910773,3.9827934840999726,3.00361971354763,31.268929149992857,17.033953227102757,0.9989876233153024,-0.061705493582362686,34
775,cf::GUM_academic_census::22,5,"tok[-64,+64]","Despite these positive effects, however, quantifying the impact of diversity in science remains exceedingly difficult, due in large part to a lack of comprehensive data about the scientific workforce.",4.4285348552922885,5.470491086916861,3.48931945141632,42.46372968025193,30.038668321678415,1.2352823824745085,-0.19633642716629945,34
776,cf::GUM_academic_census::22,6,sentence,"Measuring the composition and dynamics of a scientific workforce, particularly in a rapidly expanding field like computer science, is a crucial first step toward understanding how scholarly research is conducted and how it might be enhanced.",4.6871342383616135,3.7854682826746275,3.0743305399065135,29.599927332654534,15.664946100441739,0.8076295856202823,-0.08351078320307294,40
777,cf::GUM_academic_census::22,6,prev1,"Measuring the composition and dynamics of a scientific workforce, particularly in a rapidly expanding field like computer science, is a crucial first step toward understanding how scholarly research is conducted and how it might be enhanced.",4.390215351921507,4.231300454538382,3.0721970656944904,35.80262472905126,21.01262093987316,0.9638024824195536,-0.0695388423290287,40
778,cf::GUM_academic_census::22,6,prev3,"Measuring the composition and dynamics of a scientific workforce, particularly in a rapidly expanding field like computer science, is a crucial first step toward understanding how scholarly research is conducted and how it might be enhanced.",4.34458833594108,4.1564310266740465,2.9455823266378136,34.513269578014665,21.17043842142448,0.9566915678269258,-0.0677636387333796,40
779,cf::GUM_academic_census::22,6,document,"Measuring the composition and dynamics of a scientific workforce, particularly in a rapidly expanding field like computer science, is a crucial first step toward understanding how scholarly research is conducted and how it might be enhanced.",4.2532889458350835,4.1957997877122075,2.9594156634481625,34.59371888159105,22.170266455039382,0.9864835991970001,-0.07333551122829693,40
780,cf::GUM_academic_census::22,6,"sent[-2,+0]","Measuring the composition and dynamics of a scientific workforce, particularly in a rapidly expanding field like computer science, is a crucial first step toward understanding how scholarly research is conducted and how it might be enhanced.",4.3973663564247545,4.2006399981152045,3.0265219190710924,35.414713088410814,21.11668743775226,0.9552626862617157,-0.0717082031812707,40
781,cf::GUM_academic_census::22,6,"sent[-2,+2]","Measuring the composition and dynamics of a scientific workforce, particularly in a rapidly expanding field like computer science, is a crucial first step toward understanding how scholarly research is conducted and how it might be enhanced.",4.352319447789341,4.082455816384744,2.9621737356530504,33.12497756457745,21.287864089012146,0.9379954448100845,-0.08072859728446773,40
782,cf::GUM_academic_census::22,6,"tok[-64,+0]","Measuring the composition and dynamics of a scientific workforce, particularly in a rapidly expanding field like computer science, is a crucial first step toward understanding how scholarly research is conducted and how it might be enhanced.",4.372900615946856,4.151511007252246,2.9867067619448067,34.574341932397765,20.819744354579598,0.9493723667335914,-0.071437919081458,40
783,cf::GUM_academic_census::22,6,"tok[-64,+64]","Measuring the composition and dynamics of a scientific workforce, particularly in a rapidly expanding field like computer science, is a crucial first step toward understanding how scholarly research is conducted and how it might be enhanced.",4.714734170772135,4.484772405222757,3.106777006629854,37.15915051277231,25.292574673891068,0.951224871388302,-0.08992428824193724,40
784,cf::GUM_academic_census::22,7,sentence,"For many scientific fields, however, there is no central listing of all tenure-track faculty, making it difficult to define a rigorous sample frame for analysis.",5.779490459109506,4.93633008929876,4.2250895460332965,49.31206798949135,16.72814502567053,0.8541116425788411,-0.012828228703789944,31
785,cf::GUM_academic_census::22,7,prev1,"For many scientific fields, however, there is no central listing of all tenure-track faculty, making it difficult to define a rigorous sample frame for analysis.",5.311603633198707,4.571009619965126,3.8529694042387583,40.13730626966364,16.488306084880605,0.8605705424620347,-0.004184900563596923,31
786,cf::GUM_academic_census::22,7,prev3,"For many scientific fields, however, there is no central listing of all tenure-track faculty, making it difficult to define a rigorous sample frame for analysis.",5.26957651525886,4.568686778401002,3.8447118576482313,38.471756434719374,15.751690958393738,0.8669931568830388,0.000873423485937947,31
787,cf::GUM_academic_census::22,7,document,"For many scientific fields, however, there is no central listing of all tenure-track faculty, making it difficult to define a rigorous sample frame for analysis.",5.066523416780852,4.595738594489019,3.7663247806277385,36.38615212024315,15.967672641912941,0.9070793158218623,-0.00532015893101804,31
788,cf::GUM_academic_census::22,7,"sent[-2,+0]","For many scientific fields, however, there is no central listing of all tenure-track faculty, making it difficult to define a rigorous sample frame for analysis.",5.201071224297442,4.527515554096928,3.7988354479170843,38.578231997403684,15.205323687696364,0.870496741699303,0.00914873372133924,31
789,cf::GUM_academic_census::22,7,"sent[-2,+2]","For many scientific fields, however, there is no central listing of all tenure-track faculty, making it difficult to define a rigorous sample frame for analysis.",5.100315440102525,4.450664617455436,3.7792664139721017,35.43828834413659,14.944729625654873,0.8726253640041467,0.003950208159245429,31
790,cf::GUM_academic_census::22,7,"tok[-64,+0]","For many scientific fields, however, there is no central listing of all tenure-track faculty, making it difficult to define a rigorous sample frame for analysis.",5.196879668435412,4.5302265532992,3.8219843010612427,39.03321683665256,15.595729336957447,0.8717205019801976,0.013383079970569214,31
791,cf::GUM_academic_census::22,7,"tok[-64,+64]","For many scientific fields, however, there is no central listing of all tenure-track faculty, making it difficult to define a rigorous sample frame for analysis.",5.519807208934048,5.835220665761707,4.335065058376069,49.446586265342056,28.29448802571278,1.0571421147313167,-0.0735588253464927,31
792,cf::GUM_academic_census::22,8,sentence,"Further, rates of adoption of services like GoogleScholar and ResearchGate vary within, and across disciplines.",7.872138815266745,5.277081417616206,4.082762297318906,78.56091939843874,22.89276272058487,0.6703491314688401,-0.1338405340522914,21
793,cf::GUM_academic_census::22,8,prev1,"Further, rates of adoption of services like GoogleScholar and ResearchGate vary within, and across disciplines.",8.293021080039797,6.302795980615906,5.2234946913729985,119.60013055125447,21.564894914627075,0.7600120534826448,-0.29062302383509564,21
794,cf::GUM_academic_census::22,8,prev3,"Further, rates of adoption of services like GoogleScholar and ResearchGate vary within, and across disciplines.",7.958840741288094,6.335697745838902,5.231507174957907,119.69141246144841,22.64282113313675,0.796057862167186,-0.2771205724640327,21
795,cf::GUM_academic_census::22,8,document,"Further, rates of adoption of services like GoogleScholar and ResearchGate vary within, and across disciplines.",7.968188429872195,6.5032426057635195,5.253847348311591,124.24112805308225,23.350962921977043,0.8161507051443847,-0.30902374303573155,21
796,cf::GUM_academic_census::22,8,"sent[-2,+0]","Further, rates of adoption of services like GoogleScholar and ResearchGate vary within, and across disciplines.",8.010473654383706,6.4588819961750525,5.295889554380559,125.7988562886269,22.54346391558647,0.8063046300190314,-0.2884763188950429,21
797,cf::GUM_academic_census::22,8,"sent[-2,+2]","Further, rates of adoption of services like GoogleScholar and ResearchGate vary within, and across disciplines.",7.943269804829643,6.153745622683976,4.815796553412802,106.98018106176991,23.868912249803543,0.7747118974785918,-0.25189489880939614,21
798,cf::GUM_academic_census::22,8,"tok[-64,+0]","Further, rates of adoption of services like GoogleScholar and ResearchGate vary within, and across disciplines.",7.9530148676463535,6.201110612000988,5.141954180334701,118.98789014846334,22.276073336601257,0.7797182219824227,-0.2537682160154565,21
799,cf::GUM_academic_census::22,8,"tok[-64,+64]","Further, rates of adoption of services like GoogleScholar and ResearchGate vary within, and across disciplines.",8.518083596513385,7.613993939956386,5.280385587085671,129.26247987874234,32.89080086350441,0.8938623169973279,-0.45224758599485715,21
800,cf::GUM_academic_census::22,9,sentence,"For instance, gender representation in computing is an important issue with broad implications [5], but without a full census of computing faculty, the degree of inequality and its possible sources are difficult to establish [6].",5.914589129751775,3.910192369320348,3.374109025054004,34.57437962507923,14.597206987440586,0.661109720986562,-0.08243655583168986,41
801,cf::GUM_academic_census::22,9,prev1,"For instance, gender representation in computing is an important issue with broad implications [5], but without a full census of computing faculty, the degree of inequality and its possible sources are difficult to establish [6].",5.812772236537279,3.793067004472129,3.3684767646795937,30.414635253673726,13.400555709376931,0.6525401048109349,-0.06647426313834218,41
802,cf::GUM_academic_census::22,9,prev3,"For instance, gender representation in computing is an important issue with broad implications [5], but without a full census of computing faculty, the degree of inequality and its possible sources are difficult to establish [6].",5.60674679177677,3.8429651396113806,3.3786964716679533,30.81445550979754,14.114812304032966,0.6854179941294533,-0.06669078452832262,41
803,cf::GUM_academic_census::22,9,document,"For instance, gender representation in computing is an important issue with broad implications [5], but without a full census of computing faculty, the degree of inequality and its possible sources are difficult to establish [6].",5.399056501550282,3.8480842159183006,3.4278600784212547,31.093753970195273,14.487939862534404,0.7127327181727704,-0.06529442398169623,41
804,cf::GUM_academic_census::22,9,"sent[-2,+0]","For instance, gender representation in computing is an important issue with broad implications [5], but without a full census of computing faculty, the degree of inequality and its possible sources are difficult to establish [6].",5.681046205413778,3.8500831051731303,3.414813045786825,31.038273923687985,13.892395976930857,0.6777067050615038,-0.07299180395693523,41
805,cf::GUM_academic_census::22,9,"sent[-2,+2]","For instance, gender representation in computing is an important issue with broad implications [5], but without a full census of computing faculty, the degree of inequality and its possible sources are difficult to establish [6].",5.5613885734673225,3.5807377193458128,3.1001055595849505,26.36517898120153,13.112429752247408,0.6438567764225389,-0.07386448441182002,41
806,cf::GUM_academic_census::22,9,"tok[-64,+0]","For instance, gender representation in computing is an important issue with broad implications [5], but without a full census of computing faculty, the degree of inequality and its possible sources are difficult to establish [6].",5.656187635857794,3.802074132334349,3.3775336973076597,30.761035042800835,13.26970742130652,0.6721973132982428,-0.07219784909369298,41
807,cf::GUM_academic_census::22,9,"tok[-64,+64]","For instance, gender representation in computing is an important issue with broad implications [5], but without a full census of computing faculty, the degree of inequality and its possible sources are difficult to establish [6].",5.971864898302933,4.076435697844791,3.2357601331173487,30.669225865693182,20.01751594617963,0.682606818349695,-0.11686195269460672,41
808,cf::GUM_academic_census::22,10,sentence,"Some disciplines, like political science, are organized around a single professional society, whose membership roll approximates a full census [7].",6.964069206697436,5.0329392246129645,4.361303256857677,45.18523253685903,16.941738951951265,0.722700920285617,0.040687802603356873,26
809,cf::GUM_academic_census::22,10,prev1,"Some disciplines, like political science, are organized around a single professional society, whose membership roll approximates a full census [7].",6.031426192332919,5.086887213962782,4.294473353861528,38.767952863243515,17.772551152855158,0.8433970758738912,-0.14121764758331135,26
810,cf::GUM_academic_census::22,10,prev3,"Some disciplines, like political science, are organized around a single professional society, whose membership roll approximates a full census [7].",5.815011330916045,4.918547007417901,4.0975301292664295,40.72729575039582,16.758843739517033,0.8458361862973494,-0.08657206130365279,26
811,cf::GUM_academic_census::22,10,document,"Some disciplines, like political science, are organized around a single professional society, whose membership roll approximates a full census [7].",5.897874871322599,5.126343811862436,4.118736163600067,42.400138144034806,19.123118905816227,0.8691849053611498,-0.10399755370683773,26
812,cf::GUM_academic_census::22,10,"sent[-2,+0]","Some disciplines, like political science, are organized around a single professional society, whose membership roll approximates a full census [7].",5.881969889267706,4.950479278536195,4.134962772509668,39.26650717755651,17.33903639577329,0.8416362837165968,-0.11637018568176999,26
813,cf::GUM_academic_census::22,10,"sent[-2,+2]","Some disciplines, like political science, are organized around a single professional society, whose membership roll approximates a full census [7].",5.627038696959901,4.685635408675164,3.944710693672057,40.80242833816899,16.836551788263023,0.8327000507756691,-0.06903952273388955,26
814,cf::GUM_academic_census::22,10,"tok[-64,+0]","Some disciplines, like political science, are organized around a single professional society, whose membership roll approximates a full census [7].",5.912716646571285,4.964049127654485,4.145631481761101,39.04472821009261,17.437730931676924,0.8395547130662991,-0.11832325609735182,26
815,cf::GUM_academic_census::22,10,"tok[-64,+64]","Some disciplines, like political science, are organized around a single professional society, whose membership roll approximates a full census [7].",6.4712492645933075,6.3763557411518805,4.99285330993713,56.01135642600327,28.364753253757954,0.9853361353331533,-0.30454488905576577,26
816,cf::GUM_academic_census::22,11,sentence,"Most fields, on the other hand, including computer science, lack a single all-encompassing organization and membership information is instead distributed across many disjoint lists, such as web-based faculty directories for individual departments.",5.974602683346085,4.562914588226132,3.856631123612887,41.78891856181461,14.67984874920512,0.7637184981262495,-0.0015838140795350042,45
817,cf::GUM_academic_census::22,11,prev1,"Most fields, on the other hand, including computer science, lack a single all-encompassing organization and membership information is instead distributed across many disjoint lists, such as web-based faculty directories for individual departments.",5.5354515964676265,4.6688816072739465,3.894924643998247,42.1099001076493,17.14633208399755,0.8434508957233643,0.014451038192972852,45
818,cf::GUM_academic_census::22,11,prev3,"Most fields, on the other hand, including computer science, lack a single all-encompassing organization and membership information is instead distributed across many disjoint lists, such as web-based faculty directories for individual departments.",5.5469659199215435,4.7288245696623985,3.9580373809600244,41.997732139746866,18.64681550219393,0.8525065121960013,0.019242842278145305,45
819,cf::GUM_academic_census::22,11,document,"Most fields, on the other hand, including computer science, lack a single all-encompassing organization and membership information is instead distributed across many disjoint lists, such as web-based faculty directories for individual departments.",5.5947272366339655,4.870933687165956,4.035651739725187,44.24804260528121,20.079282727849204,0.8706293410108272,0.0184084451867882,45
820,cf::GUM_academic_census::22,11,"sent[-2,+0]","Most fields, on the other hand, including computer science, lack a single all-encompassing organization and membership information is instead distributed across many disjoint lists, such as web-based faculty directories for individual departments.",5.492040601021532,4.710729153076048,3.9506338808432013,42.1185426627907,18.77044918408501,0.8577374960046437,0.019320486434610335,45
821,cf::GUM_academic_census::22,11,"sent[-2,+2]","Most fields, on the other hand, including computer science, lack a single all-encompassing organization and membership information is instead distributed across many disjoint lists, such as web-based faculty directories for individual departments.",5.702235142363578,4.825798830892232,4.106106864102572,42.77675961819386,18.929579170675424,0.8462995142097801,0.021002073186502518,45
822,cf::GUM_academic_census::22,11,"tok[-64,+0]","Most fields, on the other hand, including computer science, lack a single all-encompassing organization and membership information is instead distributed across many disjoint lists, such as web-based faculty directories for individual departments.",5.493034364444611,4.72217009742513,3.9542639401256263,42.74414561029667,18.733480702452653,0.8596651293483358,0.018397640241783787,45
823,cf::GUM_academic_census::22,11,"tok[-64,+64]","Most fields, on the other hand, including computer science, lack a single all-encompassing organization and membership information is instead distributed across many disjoint lists, such as web-based faculty directories for individual departments.",5.945472927430657,5.556037496420898,4.240279017723507,52.20708474345093,28.97779309870384,0.9344988303263447,-0.017138407200898723,45
824,cf::GUM_academic_census::22,12,sentence,"Because assembling such a full census is difficult, past studies have tended to avoid this task and have instead used samples of researchers [8 – 11], usually specific to a particular field [12 – 16], and often focused on the scientific elite [17, 18].",6.009171153203799,4.601658346809228,3.761051257752631,40.334709824752984,18.644682481884956,0.7657725548981653,-0.093822822789592,52
825,cf::GUM_academic_census::22,12,prev1,"Because assembling such a full census is difficult, past studies have tended to avoid this task and have instead used samples of researchers [8 – 11], usually specific to a particular field [12 – 16], and often focused on the scientific elite [17, 18].",5.84451487674736,4.593691975929256,3.7939508086202673,35.268713331521276,17.167710356414318,0.7859834516300824,-0.09896849005654908,52
826,cf::GUM_academic_census::22,12,prev3,"Because assembling such a full census is difficult, past studies have tended to avoid this task and have instead used samples of researchers [8 – 11], usually specific to a particular field [12 – 16], and often focused on the scientific elite [17, 18].",5.2671163744078235,4.474832776899285,3.664868097046953,33.9606695933365,17.810865953564644,0.8495792495950663,-0.06619640607932287,52
827,cf::GUM_academic_census::22,12,document,"Because assembling such a full census is difficult, past studies have tended to avoid this task and have instead used samples of researchers [8 – 11], usually specific to a particular field [12 – 16], and often focused on the scientific elite [17, 18].",5.154101148176078,4.490708363177561,3.6542574781070303,33.28316238300149,18.126177046447992,0.8712883651433039,-0.07475564309567514,52
828,cf::GUM_academic_census::22,12,"sent[-2,+0]","Because assembling such a full census is difficult, past studies have tended to avoid this task and have instead used samples of researchers [8 – 11], usually specific to a particular field [12 – 16], and often focused on the scientific elite [17, 18].",5.400449410009269,4.345220528333328,3.5909008814170726,33.33073435658191,17.38710666075349,0.8046035058267251,-0.07324227090588799,52
829,cf::GUM_academic_census::22,12,"sent[-2,+2]","Because assembling such a full census is difficult, past studies have tended to avoid this task and have instead used samples of researchers [8 – 11], usually specific to a particular field [12 – 16], and often focused on the scientific elite [17, 18].",5.158460027824801,4.08619942499591,3.226558258250002,26.146363119989427,17.86566996946931,0.7921355216391902,-0.07133847065518013,52
830,cf::GUM_academic_census::22,12,"tok[-64,+0]","Because assembling such a full census is difficult, past studies have tended to avoid this task and have instead used samples of researchers [8 – 11], usually specific to a particular field [12 – 16], and often focused on the scientific elite [17, 18].",5.415406643413007,4.331091413645754,3.577507673153797,33.36413757724441,16.858403492718935,0.7997721498742568,-0.07049555881929283,52
831,cf::GUM_academic_census::22,12,"tok[-64,+64]","Because assembling such a full census is difficult, past studies have tended to avoid this task and have instead used samples of researchers [8 – 11], usually specific to a particular field [12 – 16], and often focused on the scientific elite [17, 18].",5.525976741399902,5.099257166079608,3.517053524743127,30.488951267025197,30.58301491290331,0.9227793392390948,-0.10181463728010437,52
832,cf::GUM_academic_census::22,13,sentence,"Although useful, such samples are not representative of the scientific workforce as a whole and thus have limited generalizability.",5.739439014608608,4.359245014493536,3.432347418592507,30.66555906200159,15.975166396703571,0.7595245813045385,-0.2742162796994484,23
833,cf::GUM_academic_census::22,13,prev1,"Although useful, such samples are not representative of the scientific workforce as a whole and thus have limited generalizability.",5.139694264968452,3.7924827831827064,2.6442065786760454,14.975046828843967,16.58838900178671,0.7378810076373259,-0.2059221647996382,23
834,cf::GUM_academic_census::22,13,prev3,"Although useful, such samples are not representative of the scientific workforce as a whole and thus have limited generalizability.",5.2764255540931355,3.8703345890881202,2.781303984759154,16.728370574035168,16.43339601252228,0.7335144880582549,-0.2230770567739418,23
835,cf::GUM_academic_census::22,13,document,"Although useful, such samples are not representative of the scientific workforce as a whole and thus have limited generalizability.",5.078070378027168,3.9430605619072607,2.710888072935026,17.212656627301858,16.820222381153144,0.7764879705033039,-0.21752180824166223,23
836,cf::GUM_academic_census::22,13,"sent[-2,+0]","Although useful, such samples are not representative of the scientific workforce as a whole and thus have limited generalizability.",5.248827623547581,3.8340896274506764,2.7757715211885445,16.461554215375156,16.324638846796006,0.7304659063768776,-0.22177974519590388,23
837,cf::GUM_academic_census::22,13,"sent[-2,+2]","Although useful, such samples are not representative of the scientific workforce as a whole and thus have limited generalizability.",5.42238503268353,4.009385514761562,2.9148630407323712,19.39221652094163,16.400115139083937,0.739413651113839,-0.24126294792124514,23
838,cf::GUM_academic_census::22,13,"tok[-64,+0]","Although useful, such samples are not representative of the scientific workforce as a whole and thus have limited generalizability.",5.230103453762991,3.8241545580790977,2.780203358985005,17.241436348229346,16.028596153948456,0.7311814368275389,-0.2263449120032509,23
839,cf::GUM_academic_census::22,13,"tok[-64,+64]","Although useful, such samples are not representative of the scientific workforce as a whole and thus have limited generalizability.",6.110382107238325,6.367413390632231,4.018229797376858,35.70287377699111,30.32379166712053,1.042064682516242,-0.44839390501423226,23
840,cf::GUM_academic_census::22,14,sentence,"One of the largest census efforts to date assembled, by hand, a nearly complete record of three academic fields: computer science, history, and business [19].",6.382897909497842,4.46859083551381,3.592162884757272,35.28098961901088,14.987655572593212,0.7000880946042524,-0.03958500794591118,32
841,cf::GUM_academic_census::22,14,prev1,"One of the largest census efforts to date assembled, by hand, a nearly complete record of three academic fields: computer science, history, and business [19].",6.4613894508220255,4.5506074347065955,3.702805073466152,38.14967144008245,16.165139876306057,0.7042769158772285,-0.10345543302661141,32
842,cf::GUM_academic_census::22,14,prev3,"One of the largest census efforts to date assembled, by hand, a nearly complete record of three academic fields: computer science, history, and business [19].",5.580071292002685,4.407600967810742,3.6854954545997316,37.85318648875386,16.18514795228839,0.7898825547493777,-0.17598419547930366,32
843,cf::GUM_academic_census::22,14,document,"One of the largest census efforts to date assembled, by hand, a nearly complete record of three academic fields: computer science, history, and business [19].",5.511330019158777,4.689461695156819,3.9484142120854813,43.300745976045036,17.028146194294095,0.8508765903792849,-0.199560542991371,32
844,cf::GUM_academic_census::22,14,"sent[-2,+0]","One of the largest census efforts to date assembled, by hand, a nearly complete record of three academic fields: computer science, history, and business [19].",5.8233156895730644,4.5600908154803985,3.8190627300646156,37.929781869392436,16.362695589661598,0.7830746362670098,-0.17547181940602008,32
845,cf::GUM_academic_census::22,14,"sent[-2,+2]","One of the largest census efforts to date assembled, by hand, a nearly complete record of three academic fields: computer science, history, and business [19].",5.656578937487211,4.440208934677774,3.6084399328610743,39.60809299558354,16.832770304754376,0.784963665096526,-0.17109039897553854,32
846,cf::GUM_academic_census::22,14,"tok[-64,+0]","One of the largest census efforts to date assembled, by hand, a nearly complete record of three academic fields: computer science, history, and business [19].",6.012608282035217,4.742098420565951,3.953628979375935,40.9035521314526,16.37229149788618,0.7886923940704136,-0.19472994250204415,32
847,cf::GUM_academic_census::22,14,"tok[-64,+64]","One of the largest census efforts to date assembled, by hand, a nearly complete record of three academic fields: computer science, history, and business [19].",5.9302308341139,5.196014213407961,3.814258743550454,46.86166618082171,25.402679784223437,0.8761908867893765,-0.20711161173256015,32
848,cf::GUM_academic_census::22,15,sentence,"This data set has shed considerable light on dramatic inequalities in faculty training, placement, and scholarly productivity [6, 19, 20].",6.694949833819499,5.168502053617024,4.430449462280823,59.63685155738352,17.70896828919649,0.7720001167907736,-0.1634515768748063,26
849,cf::GUM_academic_census::22,15,prev1,"This data set has shed considerable light on dramatic inequalities in faculty training, placement, and scholarly productivity [6, 19, 20].",5.926587087460435,4.605042753859733,3.988044646067115,45.30142949375179,16.120148815214634,0.7770142724474857,-0.15484094855240274,26
850,cf::GUM_academic_census::22,15,prev3,"This data set has shed considerable light on dramatic inequalities in faculty training, placement, and scholarly productivity [6, 19, 20].",5.622958671444883,4.992789410642336,4.342987013418646,53.07309454347609,17.499080382287502,0.8879292383913934,-0.21332849239819068,26
851,cf::GUM_academic_census::22,15,document,"This data set has shed considerable light on dramatic inequalities in faculty training, placement, and scholarly productivity [6, 19, 20].",5.682527921090905,5.180962848202483,4.389912394652441,60.255669127160985,17.62972004339099,0.911735572644202,-0.2044188018881868,26
852,cf::GUM_academic_census::22,15,"sent[-2,+0]","This data set has shed considerable light on dramatic inequalities in faculty training, placement, and scholarly productivity [6, 19, 20].",5.818819638628226,4.716116701064887,3.982816699341204,48.13026135127694,17.22317000105977,0.8104937073073982,-0.1674638036148161,26
853,cf::GUM_academic_census::22,15,"sent[-2,+2]","This data set has shed considerable light on dramatic inequalities in faculty training, placement, and scholarly productivity [6, 19, 20].",5.426664083193128,4.632435162485539,3.9902736300922186,44.45778811604216,14.838702362030745,0.8536432496038611,-0.12821279664706978,26
854,cf::GUM_academic_census::22,15,"tok[-64,+0]","This data set has shed considerable light on dramatic inequalities in faculty training, placement, and scholarly productivity [6, 19, 20].",5.68043059311234,4.792675034761027,4.088261143960191,48.58320534997509,16.96279953047633,0.8437168549462186,-0.19294214079013236,26
855,cf::GUM_academic_census::22,15,"tok[-64,+64]","This data set has shed considerable light on dramatic inequalities in faculty training, placement, and scholarly productivity [6, 19, 20].",5.618728713777203,5.635781472498104,4.533951108084892,57.127715626439766,23.52584783360362,1.0030349852412501,-0.20707276159244734,26
856,cf::GUM_academic_census::22,16,sentence,"But, this data set is only a single snapshot of an evolving and expanding system and hence offers few insights into the changing composition and diversity trends within these academic fields.",6.504036326300014,3.4095492308131354,2.721543537026923,18.58209532476611,13.566297501325607,0.5242205085826672,0.014377025538746866,33
857,cf::GUM_academic_census::22,16,prev1,"But, this data set is only a single snapshot of an evolving and expanding system and hence offers few insights into the changing composition and diversity trends within these academic fields.",5.602754429434285,3.9228941830378243,2.9107503552191623,20.191722273047752,19.45207381248474,0.7001724299085375,-0.020151078382277858,33
858,cf::GUM_academic_census::22,16,prev3,"But, this data set is only a single snapshot of an evolving and expanding system and hence offers few insights into the changing composition and diversity trends within these academic fields.",5.597142075047349,4.049583153901335,3.063017791734035,22.001448653386696,19.364459484815598,0.7235090872455794,-0.04110734157742337,33
859,cf::GUM_academic_census::22,16,document,"But, this data set is only a single snapshot of an evolving and expanding system and hence offers few insights into the changing composition and diversity trends within these academic fields.",5.6820563791376175,4.311346235935257,3.335553732949512,26.240055252494955,20.649558693170547,0.7587651280203598,-0.054765058711250744,33
860,cf::GUM_academic_census::22,16,"sent[-2,+0]","But, this data set is only a single snapshot of an evolving and expanding system and hence offers few insights into the changing composition and diversity trends within these academic fields.",5.571980500763113,3.957812909871174,3.0634203572903784,20.928301981520537,17.893396109342575,0.7103063101762704,-0.033097630506132306,33
861,cf::GUM_academic_census::22,16,"sent[-2,+2]","But, this data set is only a single snapshot of an evolving and expanding system and hence offers few insights into the changing composition and diversity trends within these academic fields.",5.50670658548673,4.059073209458458,3.1497680586997907,21.578506786267305,19.003908187150955,0.7371144887502087,-0.04049188880757855,33
862,cf::GUM_academic_census::22,16,"tok[-64,+0]","But, this data set is only a single snapshot of an evolving and expanding system and hence offers few insights into the changing composition and diversity trends within these academic fields.",5.559515545765559,3.8990358797041247,2.996991172583416,20.48272964414536,17.925771474838257,0.7013265540149178,-0.03494014844975687,33
863,cf::GUM_academic_census::22,16,"tok[-64,+64]","But, this data set is only a single snapshot of an evolving and expanding system and hence offers few insights into the changing composition and diversity trends within these academic fields.",5.318442574053099,3.464385924379183,2.8969749919420216,16.41025949224486,12.822756111621857,0.6513910559607735,-0.010247574332244802,33
864,cf::GUM_academic_census::22,17,sentence,"In some fields, yearly data on faculty numbers and composition are available in aggregate.",7.178410869091749,4.529522731092477,3.512472052127123,59.59976904499981,17.883680164813995,0.6309924039867025,-0.31755021065473543,16
865,cf::GUM_academic_census::22,17,prev1,"In some fields, yearly data on faculty numbers and composition are available in aggregate.",6.3924715295434,4.30152747797574,3.154143746010959,52.41314471548784,17.9505273103714,0.6729052226663556,-0.32286831158048956,16
866,cf::GUM_academic_census::22,17,prev3,"In some fields, yearly data on faculty numbers and composition are available in aggregate.",6.194508019834757,4.257014042408066,3.177372437901795,46.52124958133353,16.84529823064804,0.6872239133079088,-0.3367406838956998,16
867,cf::GUM_academic_census::22,17,document,"In some fields, yearly data on faculty numbers and composition are available in aggregate.",5.813570138067007,4.4830717741362225,3.312082919292152,44.92007795778584,16.90218073129654,0.7711391911798331,-0.277847452637027,16
868,cf::GUM_academic_census::22,17,"sent[-2,+0]","In some fields, yearly data on faculty numbers and composition are available in aggregate.",6.1784164402633905,4.566986032554702,3.468157269526273,53.12702628940045,17.90252313017845,0.7391839117209147,-0.37183030830586633,16
869,cf::GUM_academic_census::22,17,"sent[-2,+2]","In some fields, yearly data on faculty numbers and composition are available in aggregate.",6.1162790935486555,4.306618146513827,3.3420253633521497,47.024983057087226,16.546765357255936,0.7041238767302775,-0.3162258305532088,16
870,cf::GUM_academic_census::22,17,"tok[-64,+0]","In some fields, yearly data on faculty numbers and composition are available in aggregate.",6.206097679212689,4.645693723172843,3.5564514421857893,54.93131439710998,18.21512207388878,0.7485692238995181,-0.3776219438542335,16
871,cf::GUM_academic_census::22,17,"tok[-64,+64]","In some fields, yearly data on faculty numbers and composition are available in aggregate.",6.6643357034772635,5.658271094692569,4.120388344163075,64.64199313428679,22.238203197717667,0.8490375254866351,-0.5100594567463674,16
872,cf::GUM_academic_census::22,18,sentence,"In computer science, the Computing Research Association (CRA) documents trends in the employment of PhD recipients through the annual Taulbee survey of computing departments in North America (cra.org/resources/taulbee-survey).",5.608048532002916,4.769659413314193,3.9751848520892157,38.760697688721486,20.388961993157864,0.8505025208137257,-0.07382047722658831,48
873,cf::GUM_academic_census::22,18,prev1,"In computer science, the Computing Research Association (CRA) documents trends in the employment of PhD recipients through the annual Taulbee survey of computing departments in North America (cra.org/resources/taulbee-survey).",5.425659821523975,4.515194209067717,3.713443982350226,31.87830014079155,16.878705620765686,0.8321926470870186,-0.062059345662422494,48
874,cf::GUM_academic_census::22,18,prev3,"In computer science, the Computing Research Association (CRA) documents trends in the employment of PhD recipients through the annual Taulbee survey of computing departments in North America (cra.org/resources/taulbee-survey).",5.44473140888537,4.666846941238903,3.7817146850478216,34.61925998025629,18.56991770491004,0.8571307913596948,-0.06353902419494442,48
875,cf::GUM_academic_census::22,18,document,"In computer science, the Computing Research Association (CRA) documents trends in the employment of PhD recipients through the annual Taulbee survey of computing departments in North America (cra.org/resources/taulbee-survey).",5.525729678338394,4.734541844438534,3.8585415081082224,35.8697233772125,19.80073356628418,0.8568174919954151,-0.05728696911287217,48
876,cf::GUM_academic_census::22,18,"sent[-2,+0]","In computer science, the Computing Research Association (CRA) documents trends in the employment of PhD recipients through the annual Taulbee survey of computing departments in North America (cra.org/resources/taulbee-survey).",5.413252238417044,4.554219030330135,3.7426002335366015,34.000987088848724,17.74459870532155,0.8413092222101755,-0.061050345575460484,48
877,cf::GUM_academic_census::22,18,"sent[-2,+2]","In computer science, the Computing Research Association (CRA) documents trends in the employment of PhD recipients through the annual Taulbee survey of computing departments in North America (cra.org/resources/taulbee-survey).",5.576234715990722,4.836391530572663,3.977710781424927,37.90380261166384,19.42669226229191,0.867322086838195,-0.06826135359827443,48
878,cf::GUM_academic_census::22,18,"tok[-64,+0]","In computer science, the Computing Research Association (CRA) documents trends in the employment of PhD recipients through the annual Taulbee survey of computing departments in North America (cra.org/resources/taulbee-survey).",5.401432490053897,4.548766618246992,3.750294766088094,32.71315857719054,17.214257035404444,0.8421407888783228,-0.06316671512808292,48
879,cf::GUM_academic_census::22,18,"tok[-64,+64]","In computer science, the Computing Research Association (CRA) documents trends in the employment of PhD recipients through the annual Taulbee survey of computing departments in North America (cra.org/resources/taulbee-survey).",5.901452439061056,5.211147152455425,4.006258327442791,35.25968828538337,25.172980546951294,0.8830278997020161,-0.10413171120491045,48
880,cf::GUM_academic_census::22,19,sentence,Such surveys can provide valuable insight into trends and summary statistics on the scientific workforce but suffer from two key weaknesses.,6.616704743694175,4.755202468594429,3.9904413968940404,43.8878948836143,18.577658101916313,0.7186662625570851,-0.1207049588053862,22
881,cf::GUM_academic_census::22,19,prev1,Such surveys can provide valuable insight into trends and summary statistics on the scientific workforce but suffer from two key weaknesses.,6.134148686446927,4.987764456186655,3.7845009759314787,46.12378979315128,20.051665797829628,0.8131143718780168,-0.10033370790038641,22
882,cf::GUM_academic_census::22,19,prev3,Such surveys can provide valuable insight into trends and summary statistics on the scientific workforce but suffer from two key weaknesses.,6.094177112660625,4.963735603591373,3.7170818484395993,44.2109322378832,18.964545980095863,0.8145046512152125,-0.07723053637734223,22
883,cf::GUM_academic_census::22,19,document,Such surveys can provide valuable insight into trends and summary statistics on the scientific workforce but suffer from two key weaknesses.,5.752636781809005,5.11220142593496,3.734763313392716,48.945006194278776,20.38177601248026,0.8886709903362523,-0.11433683307594256,22
884,cf::GUM_academic_census::22,19,"sent[-2,+0]",Such surveys can provide valuable insight into trends and summary statistics on the scientific workforce but suffer from two key weaknesses.,6.1665335030040955,5.058185785981383,3.8344722452057782,46.61053134699629,20.399244539439678,0.8202640565428261,-0.08817013225216833,22
885,cf::GUM_academic_census::22,19,"sent[-2,+2]",Such surveys can provide valuable insight into trends and summary statistics on the scientific workforce but suffer from two key weaknesses.,6.313188431276516,5.0033337234876845,3.650490719178491,43.6268956830102,21.22390776127577,0.7925208914564299,-0.09016376522168246,22
886,cf::GUM_academic_census::22,19,"tok[-64,+0]",Such surveys can provide valuable insight into trends and summary statistics on the scientific workforce but suffer from two key weaknesses.,6.18413116579706,5.093520538259234,3.848384757549309,46.92800811907576,20.682087928056717,0.8236436779398001,-0.09331166076162034,22
887,cf::GUM_academic_census::22,19,"tok[-64,+64]",Such surveys can provide valuable insight into trends and summary statistics on the scientific workforce but suffer from two key weaknesses.,6.680900889364156,5.792841222952008,3.9840479202506955,55.648705987616495,27.089071929454803,0.8670748629386317,-0.1290710812265219,22
888,cf::GUM_academic_census::22,20,sentence,"First, surveys are subject to variable response rates and the misinterpretation of questions or sample frames, which can inject bias into fine-grained analyses [21, 22].",5.916509664156526,5.193007968807646,4.368427417483964,63.814372767122,17.83422022855666,0.8777147784052468,-0.1547432355883512,34
889,cf::GUM_academic_census::22,20,prev1,"First, surveys are subject to variable response rates and the misinterpretation of questions or sample frames, which can inject bias into fine-grained analyses [21, 22].",5.317483031493098,4.850441280595684,4.0247854781861765,54.61257964165977,16.01044506204198,0.9121686429215978,-0.05007785546781115,34
890,cf::GUM_academic_census::22,20,prev3,"First, surveys are subject to variable response rates and the misinterpretation of questions or sample frames, which can inject bias into fine-grained analyses [21, 22].",5.4468448772099425,5.052186153132291,4.239197316140898,61.639516962452504,16.401834392905585,0.9275436086441644,-0.06915071836537846,34
891,cf::GUM_academic_census::22,20,document,"First, surveys are subject to variable response rates and the misinterpretation of questions or sample frames, which can inject bias into fine-grained analyses [21, 22].",4.999183618389265,4.988742877191962,4.104381757406916,59.018710519047914,16.455049169913764,0.9979115107596974,-0.1288659237130205,34
892,cf::GUM_academic_census::22,20,"sent[-2,+0]","First, surveys are subject to variable response rates and the misinterpretation of questions or sample frames, which can inject bias into fine-grained analyses [21, 22].",5.417654537449059,4.997675867232687,4.196352659133318,60.07027371000806,16.29262564504279,0.922479614136836,-0.06705696163485662,34
893,cf::GUM_academic_census::22,20,"sent[-2,+2]","First, surveys are subject to variable response rates and the misinterpretation of questions or sample frames, which can inject bias into fine-grained analyses [21, 22].",5.511708613111991,5.442028802878413,4.2977472294564665,67.45084529159091,20.54764086159048,0.987357856678451,-0.12617284260303774,34
894,cf::GUM_academic_census::22,20,"tok[-64,+0]","First, surveys are subject to variable response rates and the misinterpretation of questions or sample frames, which can inject bias into fine-grained analyses [21, 22].",5.383800379606756,4.9781216382798155,4.153388212100115,59.05278445333962,16.580880820631137,0.9246482572304117,-0.06402906684765472,34
895,cf::GUM_academic_census::22,20,"tok[-64,+64]","First, surveys are subject to variable response rates and the misinterpretation of questions or sample frames, which can inject bias into fine-grained analyses [21, 22].",6.2627906191417635,6.138694608547058,4.804326724579715,81.45701578999514,26.630403798790212,0.9801851892963793,-0.20985536116310677,34
896,cf::GUM_academic_census::22,21,sentence,"Second, aggregate information provides only a high-level view of a field, which can make it difficult to investigate causality [23].",5.742767423391342,4.461223482118259,3.865757933369389,40.586708319689066,17.69338248670101,0.776842096015743,-0.1835446928665318,27
897,cf::GUM_academic_census::22,21,prev1,"Second, aggregate information provides only a high-level view of a field, which can make it difficult to investigate causality [23].",5.000070753886744,4.262812036031293,3.7214249653335463,36.60750235036899,16.063384104520082,0.8525503429561767,-0.25035313480466576,27
898,cf::GUM_academic_census::22,21,prev3,"Second, aggregate information provides only a high-level view of a field, which can make it difficult to investigate causality [23].",4.530605400688256,3.8552709362381288,3.3098752718618134,31.070619051095562,12.824433432426304,0.8509394650994024,-0.19279057693909926,27
899,cf::GUM_academic_census::22,21,document,"Second, aggregate information provides only a high-level view of a field, which can make it difficult to investigate causality [23].",4.372642855772197,3.9745737759383504,3.3223223678016494,32.49740564735752,13.87435754132457,0.9089637336128727,-0.19814118733902517,27
900,cf::GUM_academic_census::22,21,"sent[-2,+0]","Second, aggregate information provides only a high-level view of a field, which can make it difficult to investigate causality [23].",4.593205885996145,3.816069721115724,3.3278097250640633,30.898609204971955,12.428137858398259,0.8308074612440586,-0.1903304253046439,27
901,cf::GUM_academic_census::22,21,"sent[-2,+2]","Second, aggregate information provides only a high-level view of a field, which can make it difficult to investigate causality [23].",4.7449541901910885,4.403128785824767,3.670705588003659,40.41395627093038,17.5356878710445,0.9279602308757894,-0.19502355045239844,27
902,cf::GUM_academic_census::22,21,"tok[-64,+0]","Second, aggregate information provides only a high-level view of a field, which can make it difficult to investigate causality [23].",4.6381519065169545,3.8517590825066153,3.4014324412639003,30.94095775211977,12.398488105740398,0.8304512573412273,-0.19713679999818123,27
903,cf::GUM_academic_census::22,21,"tok[-64,+64]","Second, aggregate information provides only a high-level view of a field, which can make it difficult to investigate causality [23].",5.3519277943781125,5.615192685294388,4.206897881960264,55.23822928815225,26.345458384603262,1.0491906656873846,-0.2763371642756303,27
904,cf::GUM_academic_census::22,22,sentence,"For example, averaging will wash differences in recruitment and retention strategies across departments out, thereby masking any insights into the efficacy of individual strategies and policies.",7.321229165792465,5.23829851686466,4.3409797974427535,59.290670947277306,17.686456233263016,0.7154944065048475,-0.23366821890280423,30
905,cf::GUM_academic_census::22,22,prev1,"For example, averaging will wash differences in recruitment and retention strategies across departments out, thereby masking any insights into the efficacy of individual strategies and policies.",7.3507281017800175,5.268927827918659,4.445927748315865,54.89560355328894,18.601031981408596,0.716789922707488,-0.2332037611801313,30
906,cf::GUM_academic_census::22,22,prev3,"For example, averaging will wash differences in recruitment and retention strategies across departments out, thereby masking any insights into the efficacy of individual strategies and policies.",7.27641685170432,5.317856505067962,4.449537754249243,53.96620757834339,18.155864011496305,0.7308345045985629,-0.23668719924348203,30
907,cf::GUM_academic_census::22,22,document,"For example, averaging will wash differences in recruitment and retention strategies across departments out, thereby masking any insights into the efficacy of individual strategies and policies.",7.31885463835594,5.619786315834473,4.880660109425014,58.57978854212126,19.371397453011014,0.767850516716488,-0.22074856409671986,30
908,cf::GUM_academic_census::22,22,"sent[-2,+0]","For example, averaging will wash differences in recruitment and retention strategies across departments out, thereby masking any insights into the efficacy of individual strategies and policies.",7.425827342644334,5.227926985667514,4.389703423629205,53.79464180724975,18.433947671204805,0.7040194640191905,-0.233335590358405,30
909,cf::GUM_academic_census::22,22,"sent[-2,+2]","For example, averaging will wash differences in recruitment and retention strategies across departments out, thereby masking any insights into the efficacy of individual strategies and policies.",7.451890455838293,5.334093494834301,4.559193558624634,60.8529814144158,18.276979471556842,0.7158040669606498,-0.21321936223150406,30
910,cf::GUM_academic_census::22,22,"tok[-64,+0]","For example, averaging will wash differences in recruitment and retention strategies across departments out, thereby masking any insights into the efficacy of individual strategies and policies.",7.330163397826254,5.197098590617362,4.34211553602169,52.45887315278038,18.01937194354832,0.7090017382366335,-0.23390024149204056,30
911,cf::GUM_academic_census::22,22,"tok[-64,+64]","For example, averaging will wash differences in recruitment and retention strategies across departments out, thereby masking any insights into the efficacy of individual strategies and policies.",7.805065712829431,5.963848488923333,4.830669656197228,69.37875809875571,25.03361512720585,0.7640997152811114,-0.28727288989721095,30
912,cf::GUM_academic_census::22,23,sentence,"Here, we present a novel system, based on a topical web crawler, that can quickly and automatically assemble a full census of an academic field using digital data available on the public World Wide Web.",6.255593955889344,4.439694368191166,3.720107552055269,37.97549622659639,17.448582817800343,0.7097158798184791,-0.002803939360056018,40
913,cf::GUM_academic_census::22,23,prev1,"Here, we present a novel system, based on a topical web crawler, that can quickly and automatically assemble a full census of an academic field using digital data available on the public World Wide Web.",6.105262728570961,4.6991273309513275,3.9212861787923616,38.82145886658969,17.73994120489806,0.7696847031595702,-0.009011883943955147,40
914,cf::GUM_academic_census::22,23,prev3,"Here, we present a novel system, based on a topical web crawler, that can quickly and automatically assemble a full census of an academic field using digital data available on the public World Wide Web.",6.056407080520875,4.892985427426419,4.037911730542546,42.845246220701576,21.05333512928337,0.8079023358855202,-0.03147815112540024,40
915,cf::GUM_academic_census::22,23,document,"Here, we present a novel system, based on a topical web crawler, that can quickly and automatically assemble a full census of an academic field using digital data available on the public World Wide Web.",5.664209057879634,5.360070700649454,4.255341363952029,49.59606802235509,23.848284791223705,0.9463052380089882,-0.07251766286641868,40
916,cf::GUM_academic_census::22,23,"sent[-2,+0]","Here, we present a novel system, based on a topical web crawler, that can quickly and automatically assemble a full census of an academic field using digital data available on the public World Wide Web.",6.023467828810681,4.818013430100522,3.9521154339279745,41.70761357296781,20.023290406446904,0.799873688551239,-0.022627183110156216,40
917,cf::GUM_academic_census::22,23,"sent[-2,+2]","Here, we present a novel system, based on a topical web crawler, that can quickly and automatically assemble a full census of an academic field using digital data available on the public World Wide Web.",5.489975597168086,4.714362001440512,3.738375857905484,38.75901720854068,19.99324426916428,0.858721850033785,-0.032322696135113016,40
918,cf::GUM_academic_census::22,23,"tok[-64,+0]","Here, we present a novel system, based on a topical web crawler, that can quickly and automatically assemble a full census of an academic field using digital data available on the public World Wide Web.",6.101749399479013,4.92898549772138,3.9951023516064743,43.29049010387116,21.449248146731406,0.807798743445975,-0.027276146539319333,40
919,cf::GUM_academic_census::22,23,"tok[-64,+64]","Here, we present a novel system, based on a topical web crawler, that can quickly and automatically assemble a full census of an academic field using digital data available on the public World Wide Web.",5.792025686509442,5.474153699349706,3.9285469284001735,47.70274894282173,28.92968673678115,0.9451190301348092,-0.07438085816060619,40
920,cf::GUM_academic_census::22,24,sentence,"This system is efficient and accurate, and it can be adapted to any academic discipline and used for continuous collection.",6.026363253593445,4.24710480433955,3.793665723367171,45.89524676816537,14.101177334785461,0.7047541984474723,0.05396886830407976,22
921,cf::GUM_academic_census::22,24,prev1,"This system is efficient and accurate, and it can be adapted to any academic discipline and used for continuous collection.",5.302907195958224,3.709022709893788,3.3271424602871096,32.91683352490723,11.523013949394226,0.6994319479550264,0.06649058461525824,22
922,cf::GUM_academic_census::22,24,prev3,"This system is efficient and accurate, and it can be adapted to any academic discipline and used for continuous collection.",5.338563545183702,3.646371846246815,3.198547486431343,30.173052031754466,12.176217555999756,0.6830249027449465,0.0712542955919823,22
923,cf::GUM_academic_census::22,24,document,"This system is efficient and accurate, and it can be adapted to any academic discipline and used for continuous collection.",5.311366016214544,3.8418984408061685,3.2507942038134106,32.67545393447844,13.593557357788086,0.723335283066092,0.05937420830492391,22
924,cf::GUM_academic_census::22,24,"sent[-2,+0]","This system is efficient and accurate, and it can be adapted to any academic discipline and used for continuous collection.",5.289325183088129,3.6172684726533624,3.1746284321319957,30.336397615609616,11.300385236740112,0.6838809011438866,0.07892931497144141,22
925,cf::GUM_academic_census::22,24,"sent[-2,+2]","This system is efficient and accurate, and it can be adapted to any academic discipline and used for continuous collection.",5.172614495862614,3.5605088458273126,3.049066391119287,29.633194380003207,11.476116716861725,0.6883383342553816,0.08194930310440493,22
926,cf::GUM_academic_census::22,24,"tok[-64,+0]","This system is efficient and accurate, and it can be adapted to any academic discipline and used for continuous collection.",5.3016172403639015,3.6625223998930965,3.182043995000114,31.089953633530534,11.49291080236435,0.6908311622363937,0.07787268061479045,22
927,cf::GUM_academic_census::22,24,"tok[-64,+64]","This system is efficient and accurate, and it can be adapted to any academic discipline and used for continuous collection.",5.875274855982173,5.311065322308486,3.751291633391183,51.27001500209252,24.335030734539032,0.9039688274159272,-0.07308286805397896,22
928,cf::GUM_academic_census::22,25,sentence,"The system is capable of collecting census data for an entire academic field in just a few hours using off-the-shelf computing hardware, a vast improvement over the roughly 1600 hours required to do this task by hand [19].",5.501390439690943,3.9652010232172836,3.3324401234682277,27.421098929888956,13.778773603498848,0.7207634263893549,0.0010421213680700593,46
929,cf::GUM_academic_census::22,25,prev1,"The system is capable of collecting census data for an entire academic field in just a few hours using off-the-shelf computing hardware, a vast improvement over the roughly 1600 hours required to do this task by hand [19].",5.260192930174368,3.935497060366916,3.2527479793316023,26.281460923129938,13.905921574805689,0.7481659157008258,0.030312009562473888,46
930,cf::GUM_academic_census::22,25,prev3,"The system is capable of collecting census data for an entire academic field in just a few hours using off-the-shelf computing hardware, a vast improvement over the roughly 1600 hours required to do this task by hand [19].",4.896643516549059,3.9138151654382423,3.3023503683257394,24.57648179462243,13.958752661841572,0.7992852965936407,0.05184244958325614,46
931,cf::GUM_academic_census::22,25,document,"The system is capable of collecting census data for an entire academic field in just a few hours using off-the-shelf computing hardware, a vast improvement over the roughly 1600 hours required to do this task by hand [19].",4.76615031865727,3.969915780500837,3.3090631622951467,26.10107874249915,14.494428821295514,0.8329396924306932,0.01674448983882943,46
932,cf::GUM_academic_census::22,25,"sent[-2,+0]","The system is capable of collecting census data for an entire academic field in just a few hours using off-the-shelf computing hardware, a vast improvement over the roughly 1600 hours required to do this task by hand [19].",4.841452763098261,3.843085611567783,3.2377247687875705,23.649381329336677,13.701474860252347,0.7937876913433771,0.05877903833252091,46
933,cf::GUM_academic_census::22,25,"sent[-2,+2]","The system is capable of collecting census data for an entire academic field in just a few hours using off-the-shelf computing hardware, a vast improvement over the roughly 1600 hours required to do this task by hand [19].",4.788034229507304,3.750653100763307,3.1863741391523304,22.542661344266264,13.396999060485541,0.7833388236134758,0.05604083794668842,46
934,cf::GUM_academic_census::22,25,"tok[-64,+0]","The system is capable of collecting census data for an entire academic field in just a few hours using off-the-shelf computing hardware, a vast improvement over the roughly 1600 hours required to do this task by hand [19].",4.910118736360227,3.8633006785388653,3.248521675850057,24.017594314398416,13.77654288065969,0.7868039218543731,0.05433046268106633,46
935,cf::GUM_academic_census::22,25,"tok[-64,+64]","The system is capable of collecting census data for an entire academic field in just a few hours using off-the-shelf computing hardware, a vast improvement over the roughly 1600 hours required to do this task by hand [19].",5.246100637492418,4.747569822666783,3.542948529482126,31.452631169980933,24.636788429339504,0.9049711682496568,0.007318933045392044,46
936,cf::GUM_academic_census::22,26,sentence,"By assembling an accurate census of an entire field from online information alone, this system will facilitate new research on the composition of academic fields by providing access to complete faculty listings, without having to rely on surveys or professional societies.",6.255868982439014,4.229599949747362,3.5925877222152476,41.90380831772758,17.715928334742785,0.6761011078749194,-0.07996235079905803,44
937,cf::GUM_academic_census::22,26,prev1,"By assembling an accurate census of an entire field from online information alone, this system will facilitate new research on the composition of academic fields by providing access to complete faculty listings, without having to rely on surveys or professional societies.",5.631711960050532,3.9583581831450694,3.3666456610845668,30.903108205621884,14.702453395351768,0.702869431395698,-0.03330764836652044,44
938,cf::GUM_academic_census::22,26,prev3,"By assembling an accurate census of an entire field from online information alone, this system will facilitate new research on the composition of academic fields by providing access to complete faculty listings, without having to rely on surveys or professional societies.",5.455945070536638,4.208631027012715,3.6557626460952117,33.91395699312302,14.231801675632596,0.7713844205910895,-0.017759186684575955,44
939,cf::GUM_academic_census::22,26,document,"By assembling an accurate census of an entire field from online information alone, this system will facilitate new research on the composition of academic fields by providing access to complete faculty listings, without having to rely on surveys or professional societies.",5.324446002783423,3.9395546545929236,3.268984913710536,26.20752611709608,17.924157477915287,0.739899447291506,-0.03042656421908148,44
940,cf::GUM_academic_census::22,26,"sent[-2,+0]","By assembling an accurate census of an entire field from online information alone, this system will facilitate new research on the composition of academic fields by providing access to complete faculty listings, without having to rely on surveys or professional societies.",5.631655860311267,4.027152298987708,3.3965858911656706,31.66093572105068,14.624233352020383,0.7150920437750476,-0.036572495262106354,44
941,cf::GUM_academic_census::22,26,"sent[-2,+2]","By assembling an accurate census of an entire field from online information alone, this system will facilitate new research on the composition of academic fields by providing access to complete faculty listings, without having to rely on surveys or professional societies.",5.565957785922695,3.9710112406123512,3.3306311356819673,30.74637928467156,14.593361157923937,0.7134461656636618,-0.05027435328404483,44
942,cf::GUM_academic_census::22,26,"tok[-64,+0]","By assembling an accurate census of an entire field from online information alone, this system will facilitate new research on the composition of academic fields by providing access to complete faculty listings, without having to rely on surveys or professional societies.",5.639296134552834,3.9401793332514607,3.3199614392832104,30.478361680709657,14.600114760920405,0.69870055397683,-0.037412387961843284,44
943,cf::GUM_academic_census::22,26,"tok[-64,+64]","By assembling an accurate census of an entire field from online information alone, this system will facilitate new research on the composition of academic fields by providing access to complete faculty listings, without having to rely on surveys or professional societies.",5.740259499373761,4.406334556192312,3.454383666249962,32.04955058110764,21.629845187067986,0.767619400599054,-0.07503230056244345,44
944,cf::GUM_academic_census::22,27,sentence,"This system can also be used longitudinally to study how the workforce’s composition changes over time, which is particularly valuable for evaluating the effectiveness of policies meant to broaden participation or improve retention of faculty.",5.289848007666435,3.8584309390100757,3.1888310135331093,33.85281785277114,15.204139483859763,0.7294029872726315,-0.011373270311783807,42
945,cf::GUM_academic_census::22,27,prev1,"This system can also be used longitudinally to study how the workforce’s composition changes over time, which is particularly valuable for evaluating the effectiveness of policies meant to broaden participation or improve retention of faculty.",4.705134660684659,3.8227804874893665,3.120552410067628,31.06394766822527,16.627475050627254,0.8124699425569898,-0.011173287989432798,42
946,cf::GUM_academic_census::22,27,prev3,"This system can also be used longitudinally to study how the workforce’s composition changes over time, which is particularly valuable for evaluating the effectiveness of policies meant to broaden participation or improve retention of faculty.",4.738401565944687,4.060542081078875,3.3386693278986477,34.27425305024428,16.585887827910483,0.8569434279826242,0.005753370284078466,42
947,cf::GUM_academic_census::22,27,document,"This system can also be used longitudinally to study how the workforce’s composition changes over time, which is particularly valuable for evaluating the effectiveness of policies meant to broaden participation or improve retention of faculty.",4.691011739018168,4.180994616288577,3.2724248327847363,36.04019816947686,16.359957694570767,0.8912777986702847,0.004397314325927148,42
948,cf::GUM_academic_census::22,27,"sent[-2,+0]","This system can also be used longitudinally to study how the workforce’s composition changes over time, which is particularly valuable for evaluating the effectiveness of policies meant to broaden participation or improve retention of faculty.",4.767348900642467,3.9128300917909735,3.1835961943144366,32.00207296063741,16.655747337965295,0.8207559743033837,-0.0027224973601837777,42
949,cf::GUM_academic_census::22,27,"sent[-2,+2]","This system can also be used longitudinally to study how the workforce’s composition changes over time, which is particularly valuable for evaluating the effectiveness of policies meant to broaden participation or improve retention of faculty.",4.662750313863701,3.8090627541137043,3.0757345068300816,31.039866127044117,16.780606478161644,0.8169133017455947,0.003653553161099326,42
950,cf::GUM_academic_census::22,27,"tok[-64,+0]","This system can also be used longitudinally to study how the workforce’s composition changes over time, which is particularly valuable for evaluating the effectiveness of policies meant to broaden participation or improve retention of faculty.",4.769564505716387,3.8625556868018456,3.1389878113258334,31.1576733826444,16.148899925639853,0.8098340387623484,-0.006715551965375868,42
951,cf::GUM_academic_census::22,27,"tok[-64,+64]","This system can also be used longitudinally to study how the workforce’s composition changes over time, which is particularly valuable for evaluating the effectiveness of policies meant to broaden participation or improve retention of faculty.",5.151658380401343,4.957329781209883,3.480996022003416,41.264718777966955,26.40368634846527,0.9622784383508908,-0.057958414434206657,42
952,cf::GUM_academic_census::22,28,sentence,"Finally, applied to many academic fields in parallel, the system can elucidate scientists’ movement between different disciplines and relate those labor flows to scientific advances.",7.225191299893683,5.187142352592617,4.524116941905047,76.13985496012631,17.745364936068654,0.7179245693700794,-0.06269682524350234,31
953,cf::GUM_academic_census::22,28,prev1,"Finally, applied to many academic fields in parallel, the system can elucidate scientists’ movement between different disciplines and relate those labor flows to scientific advances.",6.6023949405568985,5.236608821803436,4.508438069876341,74.75152670535523,17.251380080822855,0.7931377733307392,-0.02385760080876686,31
954,cf::GUM_academic_census::22,28,prev3,"Finally, applied to many academic fields in parallel, the system can elucidate scientists’ movement between different disciplines and relate those labor flows to scientific advances.",6.209655657282941,5.4696470536395285,4.898044803565509,73.48112534906073,16.520051589468494,0.8808293656709452,0.032923455858667114,31
955,cf::GUM_academic_census::22,28,document,"Finally, applied to many academic fields in parallel, the system can elucidate scientists’ movement between different disciplines and relate those labor flows to scientific advances.",6.218965856842847,5.267379220784494,4.665911800632908,67.17797019975256,17.051814609440044,0.8469863546507006,0.010121399935592421,31
956,cf::GUM_academic_census::22,28,"sent[-2,+0]","Finally, applied to many academic fields in parallel, the system can elucidate scientists’ movement between different disciplines and relate those labor flows to scientific advances.",6.33877041748154,5.321092683254287,4.757388489634869,72.23552205578746,16.083353026304394,0.8394518704415252,0.015339362542633267,31
957,cf::GUM_academic_census::22,28,"sent[-2,+2]","Finally, applied to many academic fields in parallel, the system can elucidate scientists’ movement between different disciplines and relate those labor flows to scientific advances.",6.632822097692218,5.576162975438692,4.876155429056474,80.69746928787282,19.063152215676382,0.8406923769866866,-0.019199748758147582,31
958,cf::GUM_academic_census::22,28,"tok[-64,+0]","Finally, applied to many academic fields in parallel, the system can elucidate scientists’ movement between different disciplines and relate those labor flows to scientific advances.",6.432244960368881,5.283467534163218,4.60831074979889,72.99108584094655,16.891684780828655,0.8214033462214749,0.011564769164373897,31
959,cf::GUM_academic_census::22,28,"tok[-64,+64]","Finally, applied to many academic fields in parallel, the system can elucidate scientists’ movement between different disciplines and relate those labor flows to scientific advances.",7.284519280216867,6.8114681684213885,5.36589983468885,109.82652126950107,29.91704478673637,0.9350607646711595,-0.10901658738167146,31
960,cf::GUM_academic_census::22,29,sentence,"In short, many important research questions will benefit from the availability of accurate and frequently-recollected census data.",5.9367109038259676,4.229898274971459,3.6729045227479844,50.63402113835951,14.218314789235592,0.7124986113515251,-0.10018963966768948,23
961,cf::GUM_academic_census::22,29,prev1,"In short, many important research questions will benefit from the availability of accurate and frequently-recollected census data.",5.93424344467728,4.435859904822017,3.737154375909632,58.83471103206091,14.786897268146276,0.7475021788667537,-0.04395579031333616,23
962,cf::GUM_academic_census::22,29,prev3,"In short, many important research questions will benefit from the availability of accurate and frequently-recollected census data.",5.333213061418222,4.012376446271087,3.390355016536208,40.533874240609265,14.69647303596139,0.7523375496279359,-0.11244063952149959,23
963,cf::GUM_academic_census::22,29,document,"In short, many important research questions will benefit from the availability of accurate and frequently-recollected census data.",5.544407521941416,4.2405470406208465,3.5612109970047876,40.68238585914259,15.122629466466606,0.7648332168657017,-0.1626580439907363,23
964,cf::GUM_academic_census::22,29,"sent[-2,+0]","In short, many important research questions will benefit from the availability of accurate and frequently-recollected census data.",5.815570691357488,4.41465575826825,3.7520799853175264,57.17938266549927,15.217351257801056,0.7591096373102065,-0.044755709044664735,23
965,cf::GUM_academic_census::22,29,"sent[-2,+2]","In short, many important research questions will benefit from the availability of accurate and frequently-recollected census data.",6.0049740531198355,4.64437468253605,3.9477916325535807,62.227988278047015,15.116109188646078,0.7734212740058557,-0.08419277121427028,23
966,cf::GUM_academic_census::22,29,"tok[-64,+0]","In short, many important research questions will benefit from the availability of accurate and frequently-recollected census data.",5.821257176120644,4.4312869293818835,3.751414566330738,57.67252766221415,15.252941496670246,0.7612250748102055,-0.04090651811612225,23
967,cf::GUM_academic_census::22,29,"tok[-64,+64]","In short, many important research questions will benefit from the availability of accurate and frequently-recollected census data.",6.446085900392221,6.6426774272067615,4.772128296653355,59.630811788604774,30.17093677073717,1.030497813689169,-0.45656204663894373,23
968,cf::GUM_academic_census::22,30,sentence,Our study is organized as follows.,7.1058400358472555,3.0840170324727905,2.9601097204247298,19.865683039945583,7.679881811141968,0.4340116041051678,-1.0494858026504512,7
969,cf::GUM_academic_census::22,30,prev1,Our study is organized as follows.,7.057218517575945,4.249408862069449,3.5279086171364304,32.65358243556733,12.655195474624634,0.6021365005896204,-1.2424308487347195,7
970,cf::GUM_academic_census::22,30,prev3,Our study is organized as follows.,6.557907070432391,3.9315596416262597,3.296624339356715,28.230930714387586,11.399855852127075,0.5995143876546325,-1.1616552812712535,7
971,cf::GUM_academic_census::22,30,document,Our study is organized as follows.,7.333204916545323,5.353080568684289,4.271848308796786,45.56215367148936,16.155765295028687,0.7299783150211121,-1.7155509165355134,7
972,cf::GUM_academic_census::22,30,"sent[-2,+0]",Our study is organized as follows.,6.565594366618565,3.631624487424441,3.0255145053474273,23.487149131328408,10.531514406204224,0.553129585021076,-1.112739418234144,7
973,cf::GUM_academic_census::22,30,"sent[-2,+2]",Our study is organized as follows.,6.193154573440552,3.8304553933958827,3.2372449466160367,15.476419910619418,12.10951566696167,0.6184982706265488,-1.558804639748165,7
974,cf::GUM_academic_census::22,30,"tok[-64,+0]",Our study is organized as follows.,6.686509575162615,3.8273273875322746,3.2039781492583614,27.41282434321572,11.04371190071106,0.5723954096692061,-1.144293997968946,7
975,cf::GUM_academic_census::22,30,"tok[-64,+64]",Our study is organized as follows.,6.6502290453229636,3.3011045670813903,2.844659221415617,21.221563905390628,9.260113716125488,0.49638960471640037,-1.0037766013826641,7
976,cf::GUM_academic_census::22,31,sentence,We begin by detailing the design and implementation of our web crawler framework.,5.514931347966194,3.8516047101877557,3.570618620316188,41.483234648851486,10.581845596432686,0.6983957672670136,-0.19932195698576324,15
977,cf::GUM_academic_census::22,31,prev1,We begin by detailing the design and implementation of our web crawler framework.,5.4782030445834,4.136577164492584,3.889551143679354,42.79457571011637,11.95318242534995,0.7550974527281614,-0.196485831788076,15
978,cf::GUM_academic_census::22,31,prev3,We begin by detailing the design and implementation of our web crawler framework.,5.566868534435828,4.484372133233162,4.133993952108754,49.285205988007725,13.945899415761232,0.8055466202396369,-0.12946517644450092,15
979,cf::GUM_academic_census::22,31,document,We begin by detailing the design and implementation of our web crawler framework.,4.983055669565996,4.751693951255711,4.3560582490762085,57.00885955676045,13.604158956557512,0.953570312344025,-0.2750106365819065,15
980,cf::GUM_academic_census::22,31,"sent[-2,+0]",We begin by detailing the design and implementation of our web crawler framework.,5.665439091871182,4.452421435866247,4.094516725109683,50.12966711000744,13.248050171881914,0.7858916782380765,-0.16886835211355802,15
981,cf::GUM_academic_census::22,31,"sent[-2,+2]",We begin by detailing the design and implementation of our web crawler framework.,5.205691483741005,4.484795130179001,4.051015800535679,48.31234896146992,14.480601729825139,0.8615176570079905,-0.31136122771006636,15
982,cf::GUM_academic_census::22,31,"tok[-64,+0]",We begin by detailing the design and implementation of our web crawler framework.,5.668459738542636,4.608681872095161,4.234689474536313,51.30275130408318,14.279228370636702,0.8130395353712181,-0.13228515699239723,15
983,cf::GUM_academic_census::22,31,"tok[-64,+64]",We begin by detailing the design and implementation of our web crawler framework.,5.6547262589136755,5.667610256581911,4.656861820220947,59.892718648488774,21.336699169129133,1.0022784476344768,-0.518287992317762,15
984,cf::GUM_academic_census::22,32,sentence,"Next, we present the results of our work in two sections.",5.005972055288462,3.099574516495256,2.5890751731466257,22.020847593211688,11.425758123397827,0.6191753534102874,-0.25177457175412005,13
985,cf::GUM_academic_census::22,32,prev1,"Next, we present the results of our work in two sections.",4.489590736535879,4.311829461193232,3.499123209326931,40.50434716899371,15.744932174682617,0.9604059065125822,-0.29408634494949176,13
986,cf::GUM_academic_census::22,32,prev3,"Next, we present the results of our work in two sections.",4.166893593966961,4.146726549722117,3.105229201225134,33.14952830479542,16.046590335667133,0.995160172970569,-0.252824107860471,13
987,cf::GUM_academic_census::22,32,document,"Next, we present the results of our work in two sections.",4.083293913075557,4.307234338917612,2.9632094472470367,34.01946261044469,16.964012250304222,1.0548430827193094,-0.30388698075990117,13
988,cf::GUM_academic_census::22,32,"sent[-2,+0]","Next, we present the results of our work in two sections.",4.191085342031259,4.006804497430909,3.2038120824909773,33.58144798255632,14.984797582030296,0.9560302810462371,-0.25721837334580466,13
989,cf::GUM_academic_census::22,32,"sent[-2,+2]","Next, we present the results of our work in two sections.",4.32117054439508,4.455436120839302,3.1866770012844245,35.3844779892133,17.429313734173775,1.0310715754133741,-0.26155823698410624,13
990,cf::GUM_academic_census::22,32,"tok[-64,+0]","Next, we present the results of our work in two sections.",4.017416667479735,3.8725298626549787,3.003081953031777,29.375602258018194,14.841708734631538,0.9639353303834304,-0.23178707341571433,13
991,cf::GUM_academic_census::22,32,"tok[-64,+64]","Next, we present the results of our work in two sections.",5.155238273052069,3.7904075405277493,2.693707959539086,15.738813777138285,15.449556559324265,0.7352536080323024,-0.47683852583497427,13
992,cf::GUM_academic_census::22,33,sentence,"The first demonstrates the validity and utility of the crawler by collecting census data for the field of computer science and comparing it to a hand-curated census, collected in 2011 [19].",6.031294919354351,5.054129572045868,4.08605361119986,67.37289599353367,20.29160489886999,0.8379841542530492,-0.07903403002250663,38
993,cf::GUM_academic_census::22,33,prev1,"The first demonstrates the validity and utility of the crawler by collecting census data for the field of computer science and comparing it to a hand-curated census, collected in 2011 [19].",5.80545621134929,4.734110273272489,4.073047269703278,60.18245564429809,18.862920803949237,0.815458785825929,-0.028603683279311364,38
994,cf::GUM_academic_census::22,33,prev3,"The first demonstrates the validity and utility of the crawler by collecting census data for the field of computer science and comparing it to a hand-curated census, collected in 2011 [19].",5.605479184881244,4.472951821802816,3.9842328518304018,51.11301798811864,15.675236817449331,0.7979606514046093,-0.018617308785928335,38
995,cf::GUM_academic_census::22,33,document,"The first demonstrates the validity and utility of the crawler by collecting census data for the field of computer science and comparing it to a hand-curated census, collected in 2011 [19].",4.93027399105363,4.227956499608002,3.5059180426581595,47.28095029496884,14.673194323666394,0.8575500078251151,-0.030443222745205424,38
996,cf::GUM_academic_census::22,33,"sent[-2,+0]","The first demonstrates the validity and utility of the crawler by collecting census data for the field of computer science and comparing it to a hand-curated census, collected in 2011 [19].",5.698396721805789,4.577038717616319,4.065568914092624,53.0016423700298,16.639746548607945,0.8032151745598158,-0.013896988687680335,38
997,cf::GUM_academic_census::22,33,"sent[-2,+2]","The first demonstrates the validity and utility of the crawler by collecting census data for the field of computer science and comparing it to a hand-curated census, collected in 2011 [19].",5.35670369201781,4.195910294042076,3.7366606366518798,46.925087385852144,13.629535233601928,0.7833008012547963,-0.013152048275256166,38
998,cf::GUM_academic_census::22,33,"tok[-64,+0]","The first demonstrates the validity and utility of the crawler by collecting census data for the field of computer science and comparing it to a hand-curated census, collected in 2011 [19].",5.129841234902607,4.108304580805815,3.686737871350891,44.32497102326594,13.435178988613188,0.8008638849977614,-0.010225634221042546,38
999,cf::GUM_academic_census::22,33,"tok[-64,+64]","The first demonstrates the validity and utility of the crawler by collecting census data for the field of computer science and comparing it to a hand-curated census, collected in 2011 [19].",5.121095534316019,4.000505000945303,3.488191156093434,43.188464979737105,12.711552288383245,0.7811814823875602,-0.01094121593928574,38
1000,cf::GUM_academic_census::22,34,sentence,The second provides an example of the type of research enabled by our system and uses the 2011 and 2017 censuses to investigate the “leaky pipeline” problem in faculty retention.,6.635810690957147,5.147518816724556,4.285490682475144,61.772787394334074,18.55767148733139,0.7757181535843483,0.00613235041054017,37
1001,cf::GUM_academic_census::22,34,prev1,The second provides an example of the type of research enabled by our system and uses the 2011 and 2017 censuses to investigate the “leaky pipeline” problem in faculty retention.,6.2022654976494405,4.943727291691805,4.2081951098673045,58.56232266925579,19.547804629430175,0.7970841128238381,0.07980380077250636,37
1002,cf::GUM_academic_census::22,34,prev3,The second provides an example of the type of research enabled by our system and uses the 2011 and 2017 censuses to investigate the “leaky pipeline” problem in faculty retention.,6.059557753942303,5.093058585447502,4.292316507197062,58.44774174167914,20.83624790981412,0.8405000483961055,0.10910071931150549,37
1003,cf::GUM_academic_census::22,34,document,The second provides an example of the type of research enabled by our system and uses the 2011 and 2017 censuses to investigate the “leaky pipeline” problem in faculty retention.,5.917345910609977,4.639143881114127,3.952692135526282,52.84100089896069,14.009600238874555,0.7839906524301722,0.0816877373397498,37
1004,cf::GUM_academic_census::22,34,"sent[-2,+0]",The second provides an example of the type of research enabled by our system and uses the 2011 and 2017 censuses to investigate the “leaky pipeline” problem in faculty retention.,6.068877515760628,5.060156635251523,4.2475798442208745,59.35619591194685,20.151238948106766,0.8337878993455548,0.09500822219282258,37
1005,cf::GUM_academic_census::22,34,"sent[-2,+2]",The second provides an example of the type of research enabled by our system and uses the 2011 and 2017 censuses to investigate the “leaky pipeline” problem in faculty retention.,6.068877515760628,5.060156635251523,4.2475798442208745,59.35619591194685,20.151238948106766,0.8337878993455548,0.09500822219282258,37
1006,cf::GUM_academic_census::22,34,"tok[-64,+0]",The second provides an example of the type of research enabled by our system and uses the 2011 and 2017 censuses to investigate the “leaky pipeline” problem in faculty retention.,6.038418205706654,5.083289856071762,4.28835173199937,58.48740271334589,20.817988377064466,0.8418247433189968,0.10974479060674816,37
1007,cf::GUM_academic_census::22,34,"tok[-64,+64]",The second provides an example of the type of research enabled by our system and uses the 2011 and 2017 censuses to investigate the “leaky pipeline” problem in faculty retention.,6.038418205706654,5.083289856071762,4.28835173199937,58.48740271334589,20.817988377064466,0.8418247433189968,0.10974479060674816,37
